{
  "courseName": "Harnoor",
  "coursecategory": "app-development",
  "viewtype": "both",
  "des": "Learn App Development Course by Harnoor with comprehensive video tutorials and hands-on projects.",
  "imageofcourse": "https://i.ytimg.com/vi/WiJyggX4kA8/hq720.jpg?sqp=-oaymwEhCK4FEIIDSFryq4qpAxMIARUAAAAAGAElAADIQj0AgKJD&rs=AOn4CLAouARQ1IneCbRYZXmMGy5qXHx7nQ",
  "audio": "english",
  "cost": 0,
  "videoType": "hls",
  "redirecturl": "",
  "rank": "medium",
  "videos": [
    {
      "title": "Week 1 Intro to App Development + Android + GitHub gitignore setup",
      "url": "https://appx-transcoded-videos-mcdn.akamai.net.in/videos/harkirat-data/323192-1703879332/hls-dbb59d/1080p/master-6049603.984835969.m3u8"
    },
    {
      "title": "Week 1 Intro to App Development + Android + GitHub gitignore setup",
      "url": "https://appx-transcoded-videos-mcdn.akamai.net.in/videos/harkirat-data/465520-1703946226/hls-c52228/1080p/master-2260862.6766850916.m3u8"
    },
    {
      "title": "Week 1 Intro to App Development + Android + GitHub gitignore setup Part2",
      "url": "https://appx-transcoded-videos-mcdn.akamai.net.in/videos/harkirat-data/323194-1703879694/hls-b44350/1080p/master-3932084.1507814317.m3u8"
    },
    {
      "title": "Week 2 | Programming 101",
      "url": "https://appx-transcoded-videos-mcdn.akamai.net.in/videos/harkirat-data/323195-1703880054/hls-f26578/1080p/master-3528884.3659527004.m3u8"
    },
    {
      "title": "Week 2 | OOPS continued",
      "url": "https://appx-transcoded-videos-mcdn.akamai.net.in/videos/harkirat-data/323196-1703880415/hls-5924a7/1080p/master-2832855.674662156.m3u8"
    },
    {
      "title": "Open Source Challenge",
      "url": "https://appx-transcoded-videos-mcdn.akamai.net.in/videos/harkirat-data/323198-1703880773/hls-e3086f/1080p/master-365424.3146687519.m3u8"
    },
    {
      "title": "Q. What is args in main method",
      "url": "https://appx-transcoded-videos-mcdn.akamai.net.in/videos/harkirat-data/323199-1703880775/hls-d0ff96/1080p/master-781269.8786921013.m3u8"
    },
    {
      "title": "Recap so far Week 1 & Week 2",
      "url": "https://appx-transcoded-videos-mcdn.akamai.net.in/videos/harkirat-data/322760-1703793939/hls-5fd4ce/1080p/master-7143758.470806629.m3u8"
    },
    {
      "title": "Week3 | Android Nullables-Glide Library-First App Completion",
      "url": "https://appx-transcoded-videos-mcdn.akamai.net.in/videos/harkirat-data/322761-1703793941/hls-f7bfb5/1080p/master-2726592.803268857.m3u8"
    },
    {
      "title": "Week 3 | Nullables + Glide Library + Image Button handle + Error handling",
      "url": "https://appx-transcoded-videos-mcdn.akamai.net.in/videos/harkirat-data/322762-1703794120/hls-5e2839/1080p/master-8958342.077064537.m3u8"
    },
    {
      "title": "MVVM Intro Data passing between pages using Fragments",
      "url": "https://appx-transcoded-videos-mcdn.akamai.net.in/videos/harkirat-data/322763-1703794659/hls-9f141f/1080p/master-7608039.661456061.m3u8"
    },
    {
      "title": "Passing data in fragments using ViewModel, Interfaces, Lamda function",
      "url": "https://appx-transcoded-videos-mcdn.akamai.net.in/videos/harkirat-data/322765-1703795378/hls-a874b1/1080p/master-5353148.40474584.m3u8"
    },
    {
      "title": "Intro to App Lifecycle, Fragments Sharing data using ViewModel, Mutables",
      "url": "https://appx-transcoded-videos-mcdn.akamai.net.in/videos/harkirat-data/322764-1703795199/hls-fc1279/1080p/master-1119059.616710525.m3u8"
    },
    {
      "title": "Week 5 | What is a server, RestAPI, ChatGPT Api Flask + Retrofit",
      "url": "https://appx-transcoded-videos-mcdn.akamai.net.in/videos/harkirat-data/323197-1703880594/hls-4c64dc/1080p/master-4160259.08925997.m3u8"
    },
    {
      "title": "Converting Python server to Docker",
      "url": "https://appx-transcoded-videos-mcdn.akamai.net.in/videos/harkirat-data/326278-1704658632/hls-a339a7/1080p/master-6940941.581406806.m3u8"
    },
    {
      "title": "Intro to Networking Python + Flask + Azure",
      "url": "https://appx-transcoded-videos-mcdn.akamai.net.in/videos/harkirat-data/326279-1704658633/hls-2d7ef8/1080p/master-313633.0811595189.m3u8"
    },
    {
      "title": "Dependency injection + Recycler View + HW",
      "url": "https://appx-transcoded-videos-mcdn.akamai.net.in/videos/harkirat-data/326284-1704659895/hls-bb9065/1080p/master-7722022.942369385.m3u8"
    },
    {
      "title": "OCR Project completion",
      "url": "https://appx-transcoded-videos-mcdn.akamai.net.in/videos/harkirat-data/326285-1704659896/hls-60eea6/1080p/master-5956410.562055652.m3u8"
    },
    {
      "title": "async prorgamming - coroutines",
      "url": "https://appx-transcoded-videos-mcdn.akamai.net.in/videos/harkirat-data/326286-1704662399/hls-5f3072/1080p/master-2279588.199753604.m3u8"
    },
    {
      "title": "Clean code principles + Moneitzing your Android Skills",
      "url": "https://appx-transcoded-videos-mcdn.akamai.net.in/videos/harkirat-data/326287-1704662402/hls-bcfcdf/1080p/master-9245385.45965839.m3u8"
    },
    {
      "title": "HW RecyclerView Solve",
      "url": "https://appx-transcoded-videos-mcdn.akamai.net.in/videos/harkirat-data/326288-1704662402/hls-18bb25/1080p/master-6951094.866556085.m3u8"
    },
    {
      "title": "Recording   Wallpaper App HW   Async Programmging - 65467b20e4b097220916207f",
      "url": "https://appx-transcoded-videos-mcdn.akamai.net.in/videos/harkirat-data/326289-1704662403/hls-c09fce/1080p/master-7301852.873812549.m3u8"
    },
    {
      "title": "Debugging our Wallpaper App Project",
      "url": "https://appx-transcoded-videos-mcdn.akamai.net.in/videos/harkirat-data/326290-1704664569/hls-f9840f/1080p/master-6136302.532177809.m3u8"
    },
    {
      "title": "wallpaper app final",
      "url": "https://appx-transcoded-videos-mcdn.akamai.net.in/videos/harkirat-data/326291-1704664570/hls-ef0241/1080p/master-5787023.721906066.m3u8"
    },
    {
      "title": "wallpaper project end week 9",
      "url": "https://appx-transcoded-videos-mcdn.akamai.net.in/videos/harkirat-data/326292-1704664571/hls-d7d896/1080p/master-6334826.395111075.m3u8"
    },
    {
      "title": "Git Tricks and Tips",
      "url": "https://appx-transcoded-videos-mcdn.akamai.net.in/videos/harkirat-data/326293-1704665114/hls-ea3907/1080p/master-3413091.172913194.m3u8"
    },
    {
      "title": "Mocking Network Calls",
      "url": "https://appx-transcoded-videos-mcdn.akamai.net.in/videos/harkirat-data/326294-1704665116/hls-a160a7/1080p/master-5101727.113871859.m3u8"
    }
  ],
  "whatYouWillLearn": [
    "Master the fundamentals and core concepts",
    "Build real-world projects and applications",
    "Understand best practices and industry standards",
    "Develop problem-solving skills",
    "Learn debugging and testing techniques"
  ],
  "requirements": [
    "Basic computer knowledge",
    "Internet connection for video streaming",
    "Code editor (VS Code recommended)",
    "Motivation to learn and practice"
  ],
  "rating": {
    "average": 4.2,
    "count": 363,
    "breakdown": {
      "1": 3,
      "2": 5,
      "3": 13,
      "4": 62,
      "5": 182
    }
  },
  "duration": "9h 23m",
  "level": "Advanced",
  "language": "English",
  "studentsEnrolled": 573,
  "lastUpdated": "2025-10-20",
  "features": [
    "Lifetime Access",
    "Certificate of Completion",
    "Mobile and Desktop Access",
    "Downloadable Resources",
    "Community Support"
  ],
  "teacherId": "harnoor"
}