{
  "courseName": "Amit-Computer-Networks",
  "coursecategory": "gate",
  "viewtype": "both",
  "des": "Learn Computer Networks CN for GATE 2028 by Amit Khurana Sir Hinglish with comprehensive video tutorials and hands-on projects.",
  "imageofcourse": "https://i.ytimg.com/vi/BvdTGXccV1s/hq720.jpg?sqp=-oaymwEhCK4FEIIDSFryq4qpAxMIARUAAAAAGAElAADIQj0AgKJD&rs=AOn4CLDf-T8O9zlz6zldmLAkDKlaFJVGCw",
  "audio": "hinglish",
  "cost": 0,
  "videoType": "hls",
  "subsection": [
    "amit-khurana",
    "gate",
    "computer-science"
  ],
  "redirecturl": "",
  "rank": "high",
  "videos": [
    {
      "title": "Syllabus",
      "url": "https://appx-transcoded-videos-mcdn.akamai.net.in/videos/gatecseamitkhurana-data/704094-1712473816/hls-b6e8c7/720p/master-8812458.733893054.m3u8"
    },
    {
      "title": "Syllabus",
      "url": "https://appxcontent-mcdn.akamai.net.in/paid_course4/2024-04-07-0.42135362121022824.pdf"
    },
    {
      "title": "Signals part 1",
      "url": "https://appx-transcoded-videos-mcdn.akamai.net.in/videos/gatecseamitkhurana-data/726978-1713182111/hls-6bbc46/720p/master-54749.86052306674.m3u8"
    },
    {
      "title": "Signals part 2 , Performance of Network",
      "url": "https://appx-transcoded-videos-mcdn.akamai.net.in/videos/gatecseamitkhurana-data/735699-1713435195/hls-0221d6/720p/master-1935924.9957034397.m3u8"
    },
    {
      "title": "Types of Delay",
      "url": "https://appx-transcoded-videos-mcdn.akamai.net.in/videos/gatecseamitkhurana-data/739266-1713530256/hls-a71450/720p/master-1518894.5115255925.m3u8"
    },
    {
      "title": "Error Detection and Correction Part 1",
      "url": "https://appx-transcoded-videos-mcdn.akamai.net.in/videos/gatecseamitkhurana-data/746605-1713796813/hls-068a7c/720p/master-5837049.786830628.m3u8"
    },
    {
      "title": "Hamming Distance , Simple Parity Check code",
      "url": "https://appx-transcoded-videos-mcdn.akamai.net.in/videos/gatecseamitkhurana-data/766118-1714399816/hls-542f4a/720p/master-5977847.381497512.m3u8"
    },
    {
      "title": "Hamming Codes (Error correcting codes)",
      "url": "https://appx-transcoded-videos-mcdn.akamai.net.in/videos/gatecseamitkhurana-data/768176-1714718087/hls-cddab0/720p/master-9300624.260501469.m3u8"
    },
    {
      "title": "CRC Part 1",
      "url": "https://appx-transcoded-videos-mcdn.akamai.net.in/videos/gatecseamitkhurana-data/774469-1714575496/hls-c130ac/720p/master-5373588.193829297.m3u8"
    },
    {
      "title": "CRC Part 2",
      "url": "https://appx-transcoded-videos-mcdn.akamai.net.in/videos/gatecseamitkhurana-data/781672-1714740930/hls-32c014/720p/master-7806584.594188175.m3u8"
    },
    {
      "title": "Checksum, Framing",
      "url": "https://appx-transcoded-videos-mcdn.akamai.net.in/videos/gatecseamitkhurana-data/783498-1714806084/hls-a3b420/720p/master-3063255.545762582.m3u8"
    },
    {
      "title": "Stop & Wait Part 1",
      "url": "https://appx-transcoded-videos-mcdn.akamai.net.in/videos/gatecseamitkhurana-data/788203-1714987517/hls-4fa4f2/720p/master-4746977.391842953.m3u8"
    },
    {
      "title": "Stop & Wait Part 2",
      "url": "https://appx-transcoded-videos-mcdn.akamai.net.in/videos/gatecseamitkhurana-data/791234-1715068345/hls-94c5ed/720p/master-9275450.971074492.m3u8"
    },
    {
      "title": "Sliding Window Protocol Part 1",
      "url": "https://appx-transcoded-videos-mcdn.akamai.net.in/videos/gatecseamitkhurana-data/795562-1715156894/hls-c2dd1c/720p/master-3768450.8799796877.m3u8"
    },
    {
      "title": "Sliding Window Protocol Part 2",
      "url": "https://appx-transcoded-videos-mcdn.akamai.net.in/videos/gatecseamitkhurana-data/802831-1715325371/hls-344e76/720p/master-3027028.997627066.m3u8"
    },
    {
      "title": "Go back N ARQ",
      "url": "https://appx-transcoded-videos-mcdn.akamai.net.in/videos/gatecseamitkhurana-data/806635-1715419340/hls-18ed54/720p/master-123470.73632822836.m3u8"
    },
    {
      "title": "Selective Repeat",
      "url": "https://appx-transcoded-videos-mcdn.akamai.net.in/videos/gatecseamitkhurana-data/812105-1715607635/hls-9cf401/720p/master-9872710.251573266.m3u8"
    },
    {
      "title": "Aloha Part 1",
      "url": "https://appx-transcoded-videos-mcdn.akamai.net.in/videos/gatecseamitkhurana-data/815785-1715693847/hls-e43dce/720p/master-2440620.438770529.m3u8"
    },
    {
      "title": "20",
      "url": "https://appx-transcoded-videos-mcdn.akamai.net.in/videos/gatecseamitkhurana-data/822257-1715855310/hls-d6ec84/720p/master-4661709.197566677.m3u8"
    },
    {
      "title": "CSMA, CSMA/CD",
      "url": "https://appx-transcoded-videos-mcdn.akamai.net.in/videos/gatecseamitkhurana-data/826651-1715952135/hls-5c7e21/720p/master-3884110.551906115.m3u8"
    },
    {
      "title": "CSMA/CD, CSMA/CA, Ethernet",
      "url": "https://appx-transcoded-videos-mcdn.akamai.net.in/videos/gatecseamitkhurana-data/828516-1716018376/hls-1bd25b/720p/master-5887683.4146500155.m3u8"
    },
    {
      "title": "Basics for IP Addressing",
      "url": "https://appx-transcoded-videos-mcdn.akamai.net.in/videos/gatecseamitkhurana-data/835098-1716214579/hls-cf7447/720p/master-7267280.199552694.m3u8"
    },
    {
      "title": "Basics for IP Addressing part 2",
      "url": "https://appx-transcoded-videos-mcdn.akamai.net.in/videos/gatecseamitkhurana-data/837138-1716283156/hls-a2c333/720p/master-8660323.021856228.m3u8"
    },
    {
      "title": "IP addressing part 1",
      "url": "https://appx-transcoded-videos-mcdn.akamai.net.in/videos/gatecseamitkhurana-data/840414-1716362370/hls-27132a/720p/master-5949045.592969812.m3u8"
    },
    {
      "title": "IP addressing part 2",
      "url": "https://appx-transcoded-videos-mcdn.akamai.net.in/videos/gatecseamitkhurana-data/849940-1716559634/hls-f5f489/720p/master-271859.476102867.m3u8"
    },
    {
      "title": "IP addressing part 3",
      "url": "https://appx-transcoded-videos-mcdn.akamai.net.in/videos/gatecseamitkhurana-data/851897-1716629835/hls-e7aa76/720p/master-8713614.968979916.m3u8"
    },
    {
      "title": "IP addressing part 4",
      "url": "https://appx-transcoded-videos-mcdn.akamai.net.in/videos/gatecseamitkhurana-data/883010-1717506615/hls-a2149d/720p/master-1907377.1639835967.m3u8"
    },
    {
      "title": "IP addressing part 5",
      "url": "https://appx-transcoded-videos-mcdn.akamai.net.in/videos/gatecseamitkhurana-data/886604-1717597705/hls-55c4a8/720p/master-2425291.039261115.m3u8"
    },
    {
      "title": "IP addressing part 6",
      "url": "https://appx-transcoded-videos-mcdn.akamai.net.in/videos/gatecseamitkhurana-data/890214-1717686984/hls-68bb66/720p/master-2237880.1439813613.m3u8"
    },
    {
      "title": "IP addressing part 7",
      "url": "https://appx-transcoded-videos-mcdn.akamai.net.in/videos/gatecseamitkhurana-data/896762-1717855638/hls-c7e45f/720p/master-5260311.752736193.m3u8"
    },
    {
      "title": "IP addressing part 7",
      "url": "https://appx-transcoded-videos-mcdn.akamai.net.in/videos/gatecseamitkhurana-data/901095-1718028436/hls-be9738/720p/master-1906495.9904070066.m3u8"
    },
    {
      "title": "IP addressing part 8",
      "url": "https://appx-transcoded-videos-mcdn.akamai.net.in/videos/gatecseamitkhurana-data/905368-1718117719/hls-ab5a20/720p/master-9315357.267635211.m3u8"
    },
    {
      "title": "IP addressing part 9",
      "url": "https://appx-transcoded-videos-mcdn.akamai.net.in/videos/gatecseamitkhurana-data/908918-1718198543/hls-d9e01e/720p/master-2822306.9252756108.m3u8"
    },
    {
      "title": "Special addresses, IP header Introduction",
      "url": "https://appx-transcoded-videos-mcdn.akamai.net.in/videos/gatecseamitkhurana-data/912792-1718290700/hls-c26d38/720p/master-8697461.501264345.m3u8"
    },
    {
      "title": "IP header part 1",
      "url": "https://appx-transcoded-videos-mcdn.akamai.net.in/videos/gatecseamitkhurana-data/918673-1718451817/hls-1d7c70/720p/master-894501.7302882685.m3u8"
    },
    {
      "title": "IP header part 2(Fragmentation)",
      "url": "https://appx-transcoded-videos-mcdn.akamai.net.in/videos/gatecseamitkhurana-data/922860-1718636121/hls-c26c59/720p/master-650286.6641544469.m3u8"
    },
    {
      "title": "IP header part 3(Fragmentation)",
      "url": "https://appx-transcoded-videos-mcdn.akamai.net.in/videos/gatecseamitkhurana-data/926145-1718726854/hls-0ed3fd/720p/master-4466120.867626539.m3u8"
    },
    {
      "title": "IP header part 4(Options), ARP",
      "url": "https://appx-transcoded-videos-mcdn.akamai.net.in/videos/gatecseamitkhurana-data/929363-1718807121/hls-e842a7/720p/master-1636545.109602414.m3u8"
    },
    {
      "title": "RARP,BOOTP,DHCP",
      "url": "https://appx-transcoded-videos-mcdn.akamai.net.in/videos/gatecseamitkhurana-data/974298-1720101691/hls-aa0706/720p/master-6901299.867758912.m3u8"
    },
    {
      "title": "ICMP Part 1",
      "url": "https://appx-transcoded-videos-mcdn.akamai.net.in/videos/gatecseamitkhurana-data/977401-1720257022/hls-0dd562/720p/master-1077316.8319103643.m3u8"
    },
    {
      "title": "ICMP Part 2, Delivery",
      "url": "https://appx-transcoded-videos-mcdn.akamai.net.in/videos/gatecseamitkhurana-data/979221-1720253843/hls-28d17c/720p/master-459703.13391114457.m3u8"
    },
    {
      "title": "Forwarding.",
      "url": "https://appx-transcoded-videos-mcdn.akamai.net.in/videos/gatecseamitkhurana-data/987871-1720529729/hls-cb95ea/720p/master-9852950.996057022.m3u8"
    },
    {
      "title": "Forwarding part2",
      "url": "https://appx-transcoded-videos-mcdn.akamai.net.in/videos/gatecseamitkhurana-data/991606-1720627823/hls-d7e1f0/720p/master-7763170.276518783.m3u8"
    },
    {
      "title": "Introduction to Routing Algorithms",
      "url": "https://appx-transcoded-videos-mcdn.akamai.net.in/videos/gatecseamitkhurana-data/994630-1720706666/hls-a3d8c4/720p/master-4873616.955165448.m3u8"
    },
    {
      "title": "Distance Vector Routing Part 1",
      "url": "https://appx-transcoded-videos-mcdn.akamai.net.in/videos/gatecseamitkhurana-data/1000980-1720866149/hls-33d665/720p/master-1597660.1779787857.m3u8"
    },
    {
      "title": "Distance Vector Routing Part 2",
      "url": "https://appx-transcoded-videos-mcdn.akamai.net.in/videos/gatecseamitkhurana-data/1005945-1721050832/hls-7c0eb2/720p/master-1302151.1783404604.m3u8"
    },
    {
      "title": "Distance Vector Routing Part 3",
      "url": "https://appx-transcoded-videos-mcdn.akamai.net.in/videos/gatecseamitkhurana-data/1009919-1721140648/hls-a8ab97/720p/master-7920325.188800306.m3u8"
    },
    {
      "title": "Link State Routing",
      "url": "https://appx-transcoded-videos-mcdn.akamai.net.in/videos/gatecseamitkhurana-data/1013032-1721219496/hls-235017/720p/master-6010089.052337076.m3u8"
    },
    {
      "title": "Introduction to Transport layer",
      "url": "https://appx-transcoded-videos-mcdn.akamai.net.in/videos/gatecseamitkhurana-data/1016757-1721308588/hls-3cd494/720p/master-4486378.789502734.m3u8"
    },
    {
      "title": "UDP \"",
      "url": "https://appx-transcoded-videos-mcdn.akamai.net.in/videos/gatecseamitkhurana-data/1022436-1721464828/hls-fc20a0/720p/master-6691957.316576995.m3u8"
    },
    {
      "title": "TCP Part 1",
      "url": "https://appx-transcoded-videos-mcdn.akamai.net.in/videos/gatecseamitkhurana-data/1027818-1721656708/hls-0dbd73/720p/master-3841381.5030582855.m3u8"
    },
    {
      "title": "TCP Part 2",
      "url": "https://appx-transcoded-videos-mcdn.akamai.net.in/videos/gatecseamitkhurana-data/1032254-1721745089/hls-8a3168/720p/master-9139509.774205854.m3u8"
    },
    {
      "title": "TCP Part 3",
      "url": "https://appx-transcoded-videos-mcdn.akamai.net.in/videos/gatecseamitkhurana-data/1036332-1721832572/hls-712214/720p/master-3949241.4909409224.m3u8"
    },
    {
      "title": "TCP Part 4",
      "url": "https://appx-transcoded-videos-mcdn.akamai.net.in/videos/gatecseamitkhurana-data/1039716-1721921854/hls-f94036/720p/master-4664963.381651026.m3u8"
    },
    {
      "title": "TCP Part 5",
      "url": "https://appx-transcoded-videos-mcdn.akamai.net.in/videos/gatecseamitkhurana-data/1042177-1721987553/hls-4efdc3/720p/master-115248.1907670877.m3u8"
    },
    {
      "title": "TCP Part 6",
      "url": "https://appx-transcoded-videos-mcdn.akamai.net.in/videos/gatecseamitkhurana-data/1051129-1722263867/hls-620b27/720p/master-7497197.63887049.m3u8"
    },
    {
      "title": "TCP Part 7",
      "url": "https://appx-transcoded-videos-mcdn.akamai.net.in/videos/gatecseamitkhurana-data/1054350-1722345942/hls-19cd2d/720p/master-7629432.950679538.m3u8"
    },
    {
      "title": "TCP Part 7",
      "url": "https://appx-transcoded-videos-mcdn.akamai.net.in/videos/gatecseamitkhurana-data/1057957-1722436107/hls-32b646/720p/master-2108580.1716128793.m3u8"
    },
    {
      "title": "Leaky Bucket Algorithm",
      "url": "https://appx-transcoded-videos-mcdn.akamai.net.in/videos/gatecseamitkhurana-data/1061428-1722521784/hls-7456fe/720p/master-1812685.5662960373.m3u8"
    },
    {
      "title": "Token Bucket",
      "url": "https://appx-transcoded-videos-mcdn.akamai.net.in/videos/gatecseamitkhurana-data/1067722-1722694406/hls-a3fb2d/720p/master-9778248.82402821.m3u8"
    },
    {
      "title": "TCP Congestion Control(AIMD)",
      "url": "https://appx-transcoded-videos-mcdn.akamai.net.in/videos/gatecseamitkhurana-data/1072185-1722869920/hls-39ad38/720p/master-152728.8234961044.m3u8"
    },
    {
      "title": "TCP Timers",
      "url": "https://appx-transcoded-videos-mcdn.akamai.net.in/videos/gatecseamitkhurana-data/1075853-1722958284/hls-53fe78/720p/master-721916.3953528284.m3u8"
    },
    {
      "title": "DNS",
      "url": "https://appx-transcoded-videos-mcdn.akamai.net.in/videos/gatecseamitkhurana-data/1083262-1723125526/hls-b7c13f/720p/master-8843610.333507475.m3u8"
    },
    {
      "title": "Email",
      "url": "https://appx-transcoded-videos-mcdn.akamai.net.in/videos/gatecseamitkhurana-data/1086886-1723215568/hls-482cc6/720p/master-5813920.519882147.m3u8"
    },
    {
      "title": "FTP,HTTP,PYQs of Application Layer",
      "url": "https://appx-transcoded-videos-mcdn.akamai.net.in/videos/gatecseamitkhurana-data/1090105-1723297948/hls-ce957e/720p/master-4476663.123280762.m3u8"
    },
    {
      "title": "OSI Model part 1",
      "url": "https://appx-transcoded-videos-mcdn.akamai.net.in/videos/gatecseamitkhurana-data/709521-1712653268/hls-68282f/720p/master-4349877.90867015.m3u8"
    },
    {
      "title": "OSI Model part 2",
      "url": "https://appx-transcoded-videos-mcdn.akamai.net.in/videos/gatecseamitkhurana-data/714427-1712760202/hls-6c6330/720p/master-8063118.923071479.m3u8"
    },
    {
      "title": "TCP/IP model",
      "url": "https://appx-transcoded-videos-mcdn.akamai.net.in/videos/gatecseamitkhurana-data/716117-1712826983/hls-c1dd9f/720p/master-6033727.42299213.m3u8"
    }
  ],
  "whatYouWillLearn": [
    "Master Computer Networks fundamentals including OSI and TCP/IP models",
    "Understand network protocols like HTTP, FTP, SMTP, and DNS",
    "Learn error detection and correction techniques (CRC, Hamming codes)",
    "Master flow control and congestion control algorithms",
    "Solve GATE-level problems on routing algorithms and IP addressing",
    "Understand network security concepts and protocols"
  ],
  "requirements": [
    "Basic understanding of computer science fundamentals",
    "Knowledge of binary number system and basic mathematics",
    "Internet connection for video streaming",
    "Notebook for taking notes and solving problems",
    "GATE exam preparation mindset and dedication"
  ],
  "rating": {
    "average": 4.6,
    "count": 497,
    "breakdown": {
      "1": 1,
      "2": 9,
      "3": 19,
      "4": 118,
      "5": 207
    }
  },
  "duration": "21h 57m",
  "level": "Beginner",
  "language": "English",
  "studentsEnrolled": 830,
  "lastUpdated": "2025-10-20",
  "features": [
    "Lifetime Access",
    "Certificate of Completion",
    "Mobile and Desktop Access",
    "Downloadable Resources",
    "Community Support"
  ],
  "teacherId": "amit-khurana"
}