{
  "courseName": "harkirat-Cohort-1",
  "coursecategory": "web-development",
  "copyright":true,
  "viewtype": "both",
  "des": "Learn Live Full Stack Open Source Cohort 1 Finished by harkirat Singh with comprehensive video tutorials and hands-on projects.",
  "imageofcourse": "https://appx-wsb-gcp-mcdn.akamai.net.in/paid_course3/2023-11-10-0.3523174787735883.jpeg",
  "audio": "english",
  "cost": 0,
  "videoType": "hls",
  "subsection": [
    "harkirat",
    "harkirat-Singh",
    "100xdevs"
  ],
  "redirecturl": "",
  "rank": "high",
  "homepage": true,
  "videos": [
    {
      "title": "DSA | Trial Class | Introduction | 02/04/24",
      "url": "https://appx-transcoded-videos-mcdn.akamai.net.in/videos/harkirat-data/690133-1712083750/hls-39f2f9/1080p/master-4869604.510673769.m3u8"
    },
    {
      "title": "DSA 2 | Array | 05/04 (Zoom Recording)",
      "url": "https://appx-transcoded-videos-mcdn.akamai.net.in/videos/harkirat-data/697335-1712257631/hls-3648b8/1080p/master-8316765.880550698.m3u8"
    },
    {
      "title": "DSA 3 | Complexity Analysis | 10/05",
      "url": "https://appx-transcoded-videos-mcdn.akamai.net.in/videos/harkirat-data/711403-1712722570/hls-228c87/1080p/master-4614018.205864155.m3u8"
    },
    {
      "title": "DSA 4 | Arrays - Continued",
      "url": "https://appx-transcoded-videos-mcdn.akamai.net.in/videos/harkirat-data/717453-1712860810/hls-72644e/1080p/master-815613.5155069588.m3u8"
    },
    {
      "title": "DSA 5 | C++ (part 1/2)",
      "url": "https://appx-transcoded-videos-mcdn.akamai.net.in/videos/harkirat-data/731170-1713291191/hls-af93e0/1080p/master-9940879.025673525.m3u8"
    },
    {
      "title": "DSA 6 | C++ (part 2/2) | 18/04",
      "url": "https://appx-transcoded-videos-mcdn.akamai.net.in/videos/harkirat-data/737179-1713474793/hls-277eab/1080p/master-4921379.585710688.m3u8"
    },
    {
      "title": "DSA 7 | Recursion - 1",
      "url": "https://appx-transcoded-videos-mcdn.akamai.net.in/videos/harkirat-data/751633-1713949095/hls-f92858/1080p/master-105467.93663053888.m3u8"
    },
    {
      "title": "DSA 8 | Recursion - 2",
      "url": "https://appx-transcoded-videos-mcdn.akamai.net.in/videos/harkirat-data/756731-1714065380/hls-3e98f3/1080p/master-2554933.860894768.m3u8"
    },
    {
      "title": "DSA 9 | Binary Search",
      "url": "https://appx-transcoded-videos-mcdn.akamai.net.in/videos/harkirat-data/770584-1714500077/hls-e26990/1080p/master-5849011.862434428.m3u8"
    },
    {
      "title": "DSA 10 | Binary Search - 2",
      "url": "https://appx-transcoded-videos-mcdn.akamai.net.in/videos/harkirat-data/778682-1714671794/hls-91a4ad/1080p/master-1352432.3310652343.m3u8"
    },
    {
      "title": "DSA 11 | Linked List",
      "url": "https://appx-transcoded-videos-mcdn.akamai.net.in/videos/harkirat-data/794375-1715143579/hls-803f02/1080p/master-1781198.9916011961.m3u8"
    },
    {
      "title": "DSA 0 | by Riddhi | 10/05",
      "url": "https://appx-transcoded-videos-mcdn.akamai.net.in/videos/harkirat-data/805071-1715389457/hls-6ec74d/1080p/master-2093863.6850360925.m3u8"
    },
    {
      "title": "DSA (1) | Problem solving on Recursion (1/2) | 13/05",
      "url": "https://appx-transcoded-videos-mcdn.akamai.net.in/videos/harkirat-data/813588-1715668288/hls-b93e77/1080p/master-7971647.865778573.m3u8"
    },
    {
      "title": "DSA (1) | Problem solving on Recursion (2/2) | 13/05",
      "url": "https://appx-transcoded-videos-mcdn.akamai.net.in/videos/harkirat-data/813596-1715668305/hls-dc2e69/1080p/master-9538422.690633131.m3u8"
    },
    {
      "title": "DSA (1) | Problem solving on Recursion (2/2) | 13/05",
      "url": "https://appx-transcoded-videos-mcdn.akamai.net.in/videos/harkirat-data/813596-1715668305/hls-dc2e69/1080p/master-9538422.690633131.m3u8"
    },
    {
      "title": "DSA 2 | Basics of java | 16/05",
      "url": "https://appx-transcoded-videos-mcdn.akamai.net.in/videos/harkirat-data/823863-1715893634/hls-361176/1080p/master-4053975.2836158182.m3u8"
    },
    {
      "title": "DSA 3 | Problem Solving on Arrays | 20/05",
      "url": "https://appx-transcoded-videos-mcdn.akamai.net.in/videos/harkirat-data/837101-1716282435/hls-7e125d/1080p/master-7535093.3977899.m3u8"
    },
    {
      "title": "DSA 4 | Basics of DSA | 22/05",
      "url": "https://appx-transcoded-videos-mcdn.akamai.net.in/videos/harkirat-data/846713-1716483145/hls-21fbee/1080p/master-2013146.2006914846.m3u8"
    },
    {
      "title": "DSA 5 | Strings and ArrayList | 27/05",
      "url": "https://appx-transcoded-videos-mcdn.akamai.net.in/videos/harkirat-data/862015-1716919459/hls-57e276/1080p/master-8211491.159107331.m3u8"
    },
    {
      "title": "DSA 6 | Strings and ArrayList (Part-2) | 29/05",
      "url": "https://appx-transcoded-videos-mcdn.akamai.net.in/videos/harkirat-data/869264-1717089204/hls-5ac57d/1080p/master-4645691.582120885.m3u8"
    },
    {
      "title": "DSA 7 | Hashing and HashMaps | 03/06",
      "url": "https://appx-transcoded-videos-mcdn.akamai.net.in/videos/harkirat-data/882843-1717504461/hls-f1760e/1080p/master-1773009.5649515686.m3u8"
    },
    {
      "title": "DSA 8 | Hashing and HashMaps (Part - 2) | 05/06",
      "url": "https://appx-transcoded-videos-mcdn.akamai.net.in/videos/harkirat-data/888684-1717665016/hls-fa6b0a/1080p/master-1110972.1263651107.m3u8"
    },
    {
      "title": "DSA 9 | Hashing and HashMaps (Problem solving) | 10/06",
      "url": "https://appx-transcoded-videos-mcdn.akamai.net.in/videos/harkirat-data/905021-1718112504/hls-bc4dd7/1080p/master-3845889.1281280015.m3u8"
    },
    {
      "title": "DSA 10 | Two Pointers | 12/06",
      "url": "https://appx-transcoded-videos-mcdn.akamai.net.in/videos/harkirat-data/912884-1718293045/hls-1ced9f/1080p/master-3119453.125770677.m3u8"
    },
    {
      "title": "DSA 11 | Two Pointers (Part - 2) | 17/06",
      "url": "https://appx-transcoded-videos-mcdn.akamai.net.in/videos/harkirat-data/926068-1718724143/hls-83b681/1080p/master-5936292.050770322.m3u8"
    },
    {
      "title": "DSA (12) | Bit Manipulation",
      "url": "https://appx-transcoded-videos-mcdn.akamai.net.in/videos/harkirat-data/956491-1719570325/hls-3d2608/1080p/master-2296075.4881277513.m3u8"
    },
    {
      "title": "DSA 13 | Problems on Bit Manipulation |",
      "url": "https://appx-transcoded-videos-mcdn.akamai.net.in/videos/harkirat-data/69599-1720041570/hls-56a250/1080p/master-4101423.4983869204.m3u8"
    },
    {
      "title": "DSA 14 | Recursion and Backtracking",
      "url": "https://appx-transcoded-videos-mcdn.akamai.net.in/videos/harkirat-data/71137-1720349905/hls-94c1b2/1080p/master-367434.47619326244.m3u8"
    },
    {
      "title": "DSA 15 | Back Tracking - 2 | 08/07",
      "url": "https://appx-transcoded-videos-mcdn.akamai.net.in/videos/harkirat-data/73131-1720637730/hls-98f0a1/1080p/master-5430909.61139435.m3u8"
    },
    {
      "title": "DSA 16 | Sorting-1 Problems (Merge)",
      "url": "https://appx-transcoded-videos-mcdn.akamai.net.in/videos/harkirat-data/75111-1721069731/hls-ff86a7/1080p/master-4307403.632543765.m3u8"
    },
    {
      "title": "DSA 17 | Linked List Problems",
      "url": "https://appx-transcoded-videos-mcdn.akamai.net.in/videos/harkirat-data/76096-1721272231/hls-de9c67/1080p/master-8659514.101623788.m3u8"
    },
    {
      "title": "DSA 18 | Sorting-III Cyclic Sort & Problems",
      "url": "https://appx-transcoded-videos-mcdn.akamai.net.in/videos/harkirat-data/78337-1721719349/hls-cc0b61/1080p/master-6103877.58125162.m3u8"
    },
    {
      "title": "DSA 19 | Stacks and Queues",
      "url": "https://appx-transcoded-videos-mcdn.akamai.net.in/videos/harkirat-data/79473-1721897914/hls-6859a2/1080p/master-8452863.968731264.m3u8"
    },
    {
      "title": "DSA 20 | Stacks",
      "url": "https://appx-transcoded-videos-mcdn.akamai.net.in/videos/harkirat-data/82048-1722343241/hls-b970bb/1080p/master-7973307.419624662.m3u8"
    },
    {
      "title": "DSA 21 | Stacks -2",
      "url": "https://appx-transcoded-videos-mcdn.akamai.net.in/videos/harkirat-data/83374-1722482009/hls-89e1e8/1080p/master-8658235.800739435.m3u8"
    },
    {
      "title": "DSA 21 | Stacks -2",
      "url": "https://appx-transcoded-videos-mcdn.akamai.net.in/videos/harkirat-data/83374-1722482009/hls-89e1e8/1080p/master-8658235.800739435.m3u8"
    },
    {
      "title": "DSA 22 | Heaps & Priority Queues - 1",
      "url": "https://appx-transcoded-videos-mcdn.akamai.net.in/videos/harkirat-data/86327-1722935971/hls-d04a32/1080p/master-7673229.905218813.m3u8"
    },
    {
      "title": "DSA 23 | Heaps & Priority Queues-2",
      "url": "https://appx-transcoded-videos-mcdn.akamai.net.in/videos/harkirat-data/88090-1723119573/hls-20b2c4/1080p/master-1426098.816168928.m3u8"
    },
    {
      "title": "DSA 24 | Priority Queues - 3",
      "url": "https://appx-transcoded-videos-mcdn.akamai.net.in/videos/harkirat-data/91065-1723562373/hls-541aec/1080p/master-3216136.0009318087.m3u8"
    },
    {
      "title": "DSA 25 | Trees - 2",
      "url": "https://appx-transcoded-videos-mcdn.akamai.net.in/videos/harkirat-data/101955-1725307483/hls-6b1d86/1080p/master-3423562.482669489.m3u8"
    },
    {
      "title": "Warmup Session",
      "url": "https://appx-recordings-mcdn.akamai.net.in/drm/e744d782-ad1d-464d-bc4f-2b7e546df462/720p/drm-hls/master_tunak_tunak_tun.m3u8"
    },
    {
      "title": "Week 0 Orientation class – 09/06/23",
      "url": "https://appx-recordings-mcdn.akamai.net.in/drm/7f16ba77-be1e-413e-98f5-f367c808fcda/720p/drm-hls/master-2035696.8356511395.m3u8.m3u8"
    },
    {
      "title": "Neovim Setup",
      "url": "https://appx-transcoded-videos-mcdn.akamai.net.in/videos/harkirat-data/42686-1708701790/hls-01aa69/1080p/master-150519.0365779274.m3u8"
    },
    {
      "title": "Week 1.1 – 10/06/23 - Recapping Prequisites, Basics of Javascript (Edited version)",
      "url": "https://appx-recordings-mcdn.akamai.net.in/drm/30541ddc-4e7e-41d2-a833-422bf8afa2c4/720p/drm-hls/master-8836896.231122447.m3u8.m3u8"
    },
    {
      "title": "Week 1.1 – 10/06/23 | Recapping Pre requisites, Basics of JS",
      "url": "https://appx-recordings-mcdn.akamai.net.in/drm/ca520e78-68a0-47c4-8530-e4f0960eb462/720p/drm-hls/master-4281808.674243038.m3u8.m3u8"
    },
    {
      "title": "DSA 6 | C++ (part 2/2) | 18/04",
      "url": "https://appx-transcoded-videos-mcdn.akamai.net.in/videos/harkirat-data/737179-1713474793/hls-277eab/1080p/master-4921379.585710688.m3u8"
    },
    {
      "title": "Week 1.1 – 10/06/23 - Recapping Pre requisites, Basics of JS, Some async JS",
      "url": "https://appx-recordings-mcdn.akamai.net.in/drm/9ea08099-58ca-4c29-b71c-535fc54dc80f/720p/drm-hls/master-3679031.098322665.m3u8.m3u8"
    },
    {
      "title": "Week 1.1 – 10/06/23 - Recapping Prequisites, Basics of Javascript (Original)",
      "url": "https://appx-recordings-mcdn.akamai.net.in/drm/56e85e9a-fe09-4adc-a3f8-722b59a3401d/720p/drm-hls/master-5045228.275848088.m3u8.m3u8"
    },
    {
      "title": "Week 1.2 | Extra class for JS – 11/06/23",
      "url": "https://appx-recordings-mcdn.akamai.net.in/drm/721fd3b9-f7e0-48b4-ac19-b380f416cf95/720p/drm-hls/master-9129465.235941766.m3u8.m3u8"
    },
    {
      "title": "Week 1.3 | Async, await, callbacks, promises – 11/06/23",
      "url": "https://appx-recordings-mcdn.akamai.net.in/drm/f4d089b7-e263-4b62-ac48-22888a5c44f5/720p/drm-hls/master-6007956.437661568.m3u8.m3u8"
    },
    {
      "title": "Week 1.3 | Async, await, callbacks, promises – 11/06/23 (Local recording)",
      "url": "https://appx-recordings-mcdn.akamai.net.in/drm/a3888d82-154c-4917-996e-f996dfff0fb4/720p/drm-hls/master-9052502.79496508.m3u8.m3u8"
    },
    {
      "title": "How to solve an assignment?",
      "url": "https://appx-recordings-mcdn.akamai.net.in/drm/3608c579-3d7a-4cc8-a4bd-a94dde18b02f/720p/drm-hls/master-4463250.166291959.m3u8.m3u8"
    },
    {
      "title": "Week 1.4 | Extra class - Git and Assignments",
      "url": "https://appx-recordings-mcdn.akamai.net.in/drm/b3d6489f-ce21-4067-b19f-910a7cc37e3f/720p/drm-hls/master-7616600.684845203.m3u8.m3u8"
    },
    {
      "title": "Wee 1.4 | Extra class on Git/Github/Assignments",
      "url": "https://appx-recordings-mcdn.akamai.net.in/drm/42cdc844-87e2-4661-9f25-cb2fbeb0905b/720p/drm-hls/master-6630259.7257011505.m3u8.m3u8"
    },
    {
      "title": "Assignment 1 - Solution",
      "url": "https://appx-recordings-mcdn.akamai.net.in/drm/149896e2-8e8a-463d-a323-b81f12447b8f/720p/drm-hls/master-955677.7332440403.m3u8.m3u8"
    },
    {
      "title": "Week 2.1 | Express, Node.js, Intro to backend systems – 17/06/23",
      "url": "https://appx-recordings-mcdn.akamai.net.in/drm/3acab78e-d236-4a47-8592-4f9e2ebcc9c3/720p/drm-hls/master-8037783.2200796325.m3u8.m3u8"
    },
    {
      "title": "Week 3.3 | Extra class | System design of a video transcoder - 27/06/23",
      "url": "https://appx-recordings-mcdn.akamai.net.in/drm/774f9303-fe68-46a0-bb6d-501f25086f61/720p/drm-hls/master-8194657.961554703.m3u8.m3u8"
    },
    {
      "title": "Week 3.4 | Authentication and Assignment - 30/06/23",
      "url": "https://appx-recordings-mcdn.akamai.net.in/drm/7f49b899-199a-4993-a995-9c5a5863214f/720p/drm-hls/master-3055448.7671148055.m3u8.m3u8"
    },
    {
      "title": "Week 3.5 | MongoDB and intro do Databases - 30/06/23",
      "url": "https://appx-recordings-mcdn.akamai.net.in/drm/197d8c67-9632-4acd-be57-8cbdd3a2d944/720p/drm-hls/master-1579740.3097976393.m3u8.m3u8"
    },
    {
      "title": "Week 4.1 | More reconcilers, Intro to react using Vite - 01/07/23",
      "url": "https://appx-recordings-mcdn.akamai.net.in/drm/a70935fb-9e35-412d-b868-6e8887a73a15/1080p/drm-hls/master-7026450.804955935.m3u8.m3u8"
    },
    {
      "title": "Week 4.2 | React, effects and custom hooks - 02/07/23",
      "url": "https://appx-recordings-mcdn.akamai.net.in/drm/d5959cbb-0400-4e20-a4c6-55e2fb2cc70a/1080p/drm-hls/master-74434.63478257196.m3u8.m3u8"
    },
    {
      "title": "Week 5.1 | Create a todo app, mui, flexbox and basic state management - 08/07/23",
      "url": "https://appx-recordings-mcdn.akamai.net.in/drm/cebdbc3f-a4bd-4f60-93ea-d33095f4ce7d/720p/drm-hls/master-3069677.828852162.m3u8.m3u8"
    },
    {
      "title": "Week 5.2 | Recapping a few things - 09/07/23",
      "url": "https://appx-recordings-mcdn.akamai.net.in/drm/200b7e60-3e36-428f-a668-1f26eb25593d/720p/drm-hls/master-9805230.682731748.m3u8.m3u8"
    },
    {
      "title": "Week 5.3 | Extra class on axios, object destructuring, grids, and complete assignment - 13/07/23",
      "url": "https://appx-recordings-mcdn.akamai.net.in/drm/8bcae7e4-2c7d-4559-8a70-15281e7f75b5/720p/drm-hls/master-5279290.796774618.m3u8.m3u8"
    },
    {
      "title": "Week 5.4 | Context, Recoil and prop drilling - 13/07/23",
      "url": "https://appx-recordings-mcdn.akamai.net.in/drm/0606b852-1d40-4ce8-afe9-75c027d0738d/720p/drm-hls/master-2126543.605223088.m3u8.m3u8"
    },
    {
      "title": "Week 6.1 | Extra class on building a GMeet clone (Bad audio) - 16/07/23",
      "url": "https://appx-recordings-mcdn.akamai.net.in/drm/b4a4f33b-824b-404c-82c2-7ef49e59be74/1080p/drm-hls/master-7361061.123831283.m3u8.m3u8"
    },
    {
      "title": "Week 6.2 | Extra class on GMEET | Better audio, worse video - 16/07/23",
      "url": "https://appx-recordings-mcdn.akamai.net.in/drm/a0340636-bdf3-4c7e-8240-0162a4118855/1080p/drm-hls/master-1520392.7492002945.m3u8.m3u8"
    },
    {
      "title": "Week 7.1 | Recoil and State management (Selectors, atoms) - 22/07/23",
      "url": "https://appx-recordings-mcdn.akamai.net.in/drm/5bf9d045-ad86-4809-a8cd-14c7fe6f9a71/1080p/drm-hls/master-3321013.869714082.m3u8.m3u8"
    },
    {
      "title": "Week 7.2 | Intro to Typescript - 23/07/23",
      "url": "https://appx-recordings-mcdn.akamai.net.in/drm/7e9aa8c1-89d9-4c36-9716-ed8b66ce29cd/1080p/drm-hls/master-8593397.217840541.m3u8.m3u8"
    },
    {
      "title": "Week 7.3 (26 July, 2023) - Assignment on Typescript",
      "url": "https://appx-recordings-mcdn.akamai.net.in/drm/e3ae1acf-b597-4a76-bf1a-19da792b24e1/1080p/drm-hls/master-351276.84864189714.m3u8.m3u8"
    },
    {
      "title": "Week 8.1 | Custom hooks, Generics and zod (29-7-2023)",
      "url": "https://appx-recordings-mcdn.akamai.net.in/drm/6f3ce057-49bf-4c0e-8610-64384867f0a9/1080p/drm-hls/master-7389817.239794407.m3u8.m3u8"
    },
    {
      "title": "Week 8.2 | Deploying npm packages, intro to mono repos",
      "url": "https://appx-recordings-mcdn.akamai.net.in/drm/b807e2d9-c21a-4290-a0bb-1c712f43b42c/1080p/drm-hls/master-4743471.173582474.m3u8.m3u8"
    },
    {
      "title": "Week 9.1 | Meetup",
      "url": "https://appx-recordings-mcdn.akamai.net.in/drm/6b1f22bb-f508-4a34-a845-59d025bb5392/1080p/drm-hls/master-7129523.989383215.m3u8.m3u8"
    },
    {
      "title": "Week 9.2 | Github CI/CD",
      "url": "https://appx-recordings-mcdn.akamai.net.in/drm/cc61e09d-3a04-4862-ac0b-44bc915f0047/1080p/drm-hls/master-4361944.758632441.m3u8.m3u8"
    },
    {
      "title": "Week 10.1 | Frontend deployments , certificate management",
      "url": "https://appx-recordings-mcdn.akamai.net.in/drm/df0f5ffb-6dbf-43f3-8aac-82c6f12c80c1/1080p/drm-hls/master-1709173.1974707923.m3u8.m3u8"
    },
    {
      "title": "Week 10.2 | NextJS",
      "url": "https://appx-recordings-mcdn.akamai.net.in/drm/f3c9ebeb-c2b0-4bbf-afbb-388a0ed26a69/1080p/drm-hls/master-9879999.402992893.m3u8.m3u8"
    },
    {
      "title": "Week 11.1 | Mono repo",
      "url": "https://appx-recordings-mcdn.akamai.net.in/drm/e13aaa67-15fb-49c7-ae0f-7cabf89cb4b7/1080p/drm-hls/master-2669703.952667324.m3u8.m3u8"
    },
    {
      "title": "Week 11.1 | Mono repo",
      "url": "https://appx-recordings-mcdn.akamai.net.in/drm/a9b5a795-bae6-46c2-8cc0-db2be517248b/1080p/drm-hls/master-9313582.393753704.m3u8.m3u8"
    },
    {
      "title": "Week 11.1 | Mono repo",
      "url": "https://appx-recordings-mcdn.akamai.net.in/drm/1aa5005e-5c5e-43d0-b0cb-1c63ff409e49/1080p/drm-hls/master-2030179.1581488927.m3u8.m3u8"
    },
    {
      "title": "Week 11.3 - Authentication using next-auth (23rd August)",
      "url": "https://appx-recordings-mcdn.akamai.net.in/drm/e434807c-0cdb-4e3a-9130-3751264c5f07/1080p/drm-hls/master-4899680.853094142.m3u8.m3u8"
    },
    {
      "title": "Week 12.1 | OpenAPI Spec (26 August 2023)",
      "url": "https://appx-recordings-mcdn.akamai.net.in/drm/756221dc-20ad-45a1-8384-ee253927b2da/1080p/drm-hls/master-2736666.953999165.m3u8.m3u8"
    },
    {
      "title": "Week 12.2 | Tailwind, flex, grids , react recap (27th Aug)",
      "url": "https://appx-recordings-mcdn.akamai.net.in/drm/87d92b70-4930-4d04-8f7d-e4b1c7610917/1080p/drm-hls/master-3339320.514653845.m3u8.m3u8"
    },
    {
      "title": "Week 12.3 | Monorepo deployment",
      "url": "https://appx-recordings-mcdn.akamai.net.in/drm/4dbb9a9d-f479-4804-9832-ad4d36ec3959/1080p/drm-hls/master-2579166.5321915257.m3u8.m3u8"
    },
    {
      "title": "Week 13.1 | SQL",
      "url": "https://appx-recordings-mcdn.akamai.net.in/drm/8d94142a-462a-4942-95eb-e6e3c9b01315/1080p/drm-hls/master-3087748.325759079.m3u8.m3u8"
    },
    {
      "title": "Week 13.2 | Prisma ORM",
      "url": "https://appx-recordings-mcdn.akamai.net.in/drm/4c8386c2-8e9a-4bec-bdba-42be50e9f5c5/1080p/drm-hls/master-8652020.786298815.m3u8.m3u8"
    },
    {
      "title": "Week 13.2 | Prisma (Zoom upload)",
      "url": "https://appx-recordings-mcdn.akamai.net.in/drm/995cfe69-eace-42ab-b9c6-b0f91fef73f1/1080p/drm-hls/master-4797192.802829889.m3u8.m3u8"
    },
    {
      "title": "Week 13.3 | Teachers day class",
      "url": "https://appx-recordings-mcdn.akamai.net.in/drm/daae679a-6ee3-49ce-a083-4587bbd41709/1080p/drm-hls/master-6538565.466807187.m3u8.m3u8"
    },
    {
      "title": "Week 14.1 | Trpc Intro",
      "url": "https://appx-recordings-mcdn.akamai.net.in/drm/e650dd31-c859-4900-b89c-60c7f8f26c3e/1080p/drm-hls/master-830076.0029794563.m3u8.m3u8"
    },
    {
      "title": "Week 14.2 | TRpc Part 2",
      "url": "https://appx-recordings-mcdn.akamai.net.in/drm/bbb23576-7aed-4cad-a3b2-233f95780463/1080p/drm-hls/master-4584300.715767457.m3u8.m3u8"
    },
    {
      "title": "Week 15.1 | Docker (16/09/23) (Zoom upload)",
      "url": "https://appx-recordings-mcdn.akamai.net.in/drm/2067bd8e-40a4-4db7-b841-460110a57ce9/1080p/drm-hls/master-2306782.496450559.m3u8.m3u8"
    },
    {
      "title": "Week 15.1 | Docker (16/09/23)",
      "url": "https://appx-recordings-mcdn.akamai.net.in/drm/c34a61c7-52cf-4e19-94a2-0c207a26b877/1080p/drm-hls/master-1772339.4758128207.m3u8.m3u8"
    },
    {
      "title": "week 15.2 | Docker part 2 (17/09/23) (Zoom Upload)",
      "url": "https://appx-recordings-mcdn.akamai.net.in/drm/ae7376d9-89ac-44a9-80a6-17230e0d0b88/1080p/drm-hls/master-7879499.7478780225.m3u8.m3u8"
    },
    {
      "title": "Week 16.1 | GraphQL",
      "url": "https://appx-recordings-mcdn.akamai.net.in/drm/dcd5c3b5-6ef5-4503-b68c-8b52c9aa661c/1080p/drm-hls/master-2703807.980942232.m3u8.m3u8"
    },
    {
      "title": "Week 16.2 | graphql and setting up project locally",
      "url": "https://appx-recordings-mcdn.akamai.net.in/drm/26973d50-2ffd-4dde-880a-b7fe7923fcfd/1080p/drm-hls/master-8030237.020743703.m3u8.m3u8"
    },
    {
      "title": "Week 17.1 | Freelancing Masterclass",
      "url": "https://appx-recordings-mcdn.akamai.net.in/drm/c8b51230-f54a-467e-93a2-fa8e5dab708f/1080p/drm-hls/master-1264609.6870683744.m3u8.m3u8"
    },
    {
      "title": "Week 17.2 | Freelancing Masterclass part 2",
      "url": "https://appx-recordings-mcdn.akamai.net.in/drm/7bfcf92d-5de0-4db8-bc05-d3ecf0b49365/1080p/drm-hls/master-15765.747839044941.m3u8.m3u8"
    },
    {
      "title": "week 18 | Open source Setup 1",
      "url": "https://appx-recordings-mcdn.akamai.net.in/drm/30d9427e-955a-48a0-86bf-2b567efdbede/720p/drm-hls/master-5423917.858957692.m3u8.m3u8"
    },
    {
      "title": "Week 18.2 | Open source contributions 2",
      "url": "https://appx-recordings-mcdn.akamai.net.in/drm/1d8ace89-0445-4545-a83d-461f5e3de299/720p/drm-hls/master-9104532.894084876.m3u8.m3u8"
    },
    {
      "title": "Week 19.1 | Real time communication, Distributed computing (Zoom upload) (22 oct 2023)",
      "url": "https://appx-recordings-mcdn.akamai.net.in/drm/d846cea5-ab41-4891-8eb3-57bf6ec98456/1080p/drm-hls/master-9875889.46047646.m3u8.m3u8"
    },
    {
      "title": "Week 19.2 - Redis + Distributed computing Part 1",
      "url": "https://appx-recordings-mcdn.akamai.net.in/drm/a904984b-d4e3-4af4-b20b-d0b75621e1e1/1080p/drm-hls/master-2688609.62094732.m3u8.m3u8"
    },
    {
      "title": "Week 19.2 | Part 2 (offline) - Scalable chat systems",
      "url": "https://appx-recordings-mcdn.akamai.net.in/drm/269f990c-ab55-4288-b6b5-ae961ed60384/1080p/drm-hls/master-6527153.53462336.m3u8.m3u8"
    },
    {
      "title": "Week 20.1 | Autoscaling backends |. Open source part 5",
      "url": "https://appx-recordings-mcdn.akamai.net.in/drm/9417a000-eb0d-46c3-8f06-220feccc225e/1080p/drm-hls/master-8383291.871593923.m3u8.m3u8"
    },
    {
      "title": "Week 20.2 | Open source contribution 6 | Serverless and EB",
      "url": "https://appx-recordings-mcdn.akamai.net.in/drm/f922b876-5f92-4b78-ab04-382341ad8807/1080p/drm-hls/master-9899504.986103535.m3u8.m3u8"
    },
    {
      "title": "Week 21.1 | Ad hoc open source contribution",
      "url": "https://appx-recordings-mcdn.akamai.net.in/drm/24d67709-11fa-4065-97f8-c1d49b008fbb/1080p/drm-hls/master-1187883.8471227859.m3u8.m3u8"
    },
    {
      "title": "Week 21.2 | System design",
      "url": "https://appx-recordings-mcdn.akamai.net.in/drm/4034053e-c376-4c1d-a28c-7a9944341c2b/1080p/drm-hls/master-337852.5786982989.m3u8.m3u8"
    },
    {
      "title": "5 years after IIT Watch party!",
      "url": "https://appx-recordings-mcdn.akamai.net.in/drm/35b22920-8564-4643-b8ee-d68a3015813e/1080p/drm-hls/master-5569882.827479491.m3u8.m3u8"
    },
    {
      "title": "farewell!",
      "url": "https://appx-recordings-mcdn.akamai.net.in/drm/409f13ea-b6b2-4e51-adf6-cb6a6ff5e0dd/1080p/drm-hls/master-1120327.6004116768.m3u8.m3u8"
    },
    {
      "title": "Week 2.1 | Express, Node.js, Intro to backend systems – 17/06/23",
      "url": "https://appx-recordings-mcdn.akamai.net.in/drm/954a020a-5936-4e34-9151-3fb5fc4cb6e9/1080p/drm-hls/master-1562366.674131932.m3u8.m3u8"
    },
    {
      "title": "Week 2.2 | Middlewares, request and responses – 18/06/23",
      "url": "https://appx-recordings-mcdn.akamai.net.in/drm/62b5d194-11a4-4037-a867-c822dbfbe711/1080p/drm-hls/master-9507845.029030293.m3u8.m3u8"
    },
    {
      "title": "Week 3.1 | Finishing backend, starting frontend – 24/06/23",
      "url": "https://appx-recordings-mcdn.akamai.net.in/drm/20fcebf5-65e9-4d66-8c25-384ec2c56216/1080p/drm-hls/master-2227142.569033025.m3u8.m3u8"
    },
    {
      "title": "Week 3.1 | Foundation of frontend | Reconcilation – 25/06/23",
      "url": "https://appx-recordings-mcdn.akamai.net.in/drm/74bad0af-1fd5-4a36-8c7f-019418ce4d89/1080p/drm-hls/master-6087808.960606838.m3u8.m3u8"
    },
    {
      "title": "week 2.1 re-upload",
      "url": "https://appx-recordings-mcdn.akamai.net.in/drm/1c298cd7-3e35-48b6-afe2-93affd97f531/1080p/drm-hls/master-3628309.6371835065.m3u8.m3u8"
    },
    {
      "title": "testing",
      "url": "https://appx-recordings-mcdn.akamai.net.in/videos/harkirat-data/78419-1701271891/hls/1080p/master-598194.7722108804.m3u8.m3u8"
    }
  ],
  "whatYouWillLearn": [
    "Master the fundamentals and core concepts",
    "Build real-world projects and applications",
    "Understand best practices and industry standards",
    "Develop problem-solving skills",
    "Learn debugging and testing techniques"
  ],
  "requirements": [
    "Basic computer knowledge",
    "Internet connection for video streaming",
    "Code editor (VS Code recommended)",
    "Motivation to learn and practice"
  ],
  "rating": {
    "average": 4.5,
    "count": 273,
    "breakdown": {
      "1": 1,
      "2": 7,
      "3": 22,
      "4": 136,
      "5": 198
    }
  },
  "duration": "15h 53m",
  "level": "Intermediate",
  "language": "Hindi",
  "studentsEnrolled": 349,
  "lastUpdated": "2025-10-20",
  "features": [
    "Lifetime Access",
    "Certificate of Completion",
    "Mobile and Desktop Access",
    "Downloadable Resources",
    "Community Support"
  ],
  "teacherId": "harkirat-singh"
}