{
  "courseName": "keerti-lld",
  "coursecategory": "system-design",
  "viewtype": "both",
  "des": "Learn LLD Low Level System Design by keertipurswani with comprehensive video tutorials and hands-on projects.",
  "imageofcourse": "https://encrypted-tbn0.gstatic.com/images?q=tbn:ANd9GcQqksMKezB3ijNYv3lIz8QHcajlJH7hNnh7kw&s",
  "audio": "english",
  "cost": 0,
  "videoType": "hls",
  "redirecturl": "",
  "rank": "medium",
  "subsection": [
    "keertipurswani",
    "educosys",
    "keerti"
  ],
  "videos": [
    {
      "title": "Day 1 - OOPs, SOLID Principles",
      "url": "https://appx-transcoded-videos-mcdn.akamai.net.in/videos/keertipurswani-data/999298-1720814311/hls-b4482a/1080p/master-7861185.063055285.m3u8"
    },
    {
      "title": "Day 2 - Relationships between Classes, UML",
      "url": "https://appx-transcoded-videos-mcdn.akamai.net.in/videos/keertipurswani-data/1002192-1720907185/hls-f3c2c9/1080p/master-6047876.840184486.m3u8"
    },
    {
      "title": "Day 3 - Simple Factory, Factory Method & Abstract Factory Design Patterns",
      "url": "https://appx-transcoded-videos-mcdn.akamai.net.in/videos/keertipurswani-data/1003368-1720997728/hls-b8542e/1080p/master-76833.80557905074.m3u8"
    },
    {
      "title": "Day 4 - Builder, Prototype and Singleton Design Patterns",
      "url": "https://appx-transcoded-videos-mcdn.akamai.net.in/videos/keertipurswani-data/1020943-1721426303/hls-e9ce76/1080p/master-4643453.248572611.m3u8"
    },
    {
      "title": "Day 5 - Singleton, Observer Design Patterns",
      "url": "https://appx-transcoded-videos-mcdn.akamai.net.in/videos/keertipurswani-data/1024046-1721510907/hls-87c2c9/1080p/master-1415702.6399712213.m3u8"
    },
    {
      "title": "Day 6 - Command, Chain of Responsibility, Iterator Design Pattern",
      "url": "https://appx-transcoded-videos-mcdn.akamai.net.in/videos/keertipurswani-data/1025064-1721587943/hls-c9daa5/1080p/master-252377.42717098.m3u8"
    },
    {
      "title": "Day 7 - Strategy and Template Design Patterns",
      "url": "https://appx-transcoded-videos-mcdn.akamai.net.in/videos/keertipurswani-data/1043858-1722040823/hls-11844f/1080p/master-7579085.550413409.m3u8"
    },
    {
      "title": "Day 8 - Revision, Adapter and Decorator Design Patterns",
      "url": "https://appx-transcoded-videos-mcdn.akamai.net.in/videos/keertipurswani-data/1048101-1722203182/hls-8aae7b/1080p/master-8356080.013899261.m3u8"
    },
    {
      "title": "Day 9 - Bridge, Composite, Facade and Proxy Design Patterns",
      "url": "https://appx-transcoded-videos-mcdn.akamai.net.in/videos/keertipurswani-data/1051532-1722288679/hls-744734/1080p/master-4749647.506592248.m3u8"
    },
    {
      "title": "Day 10 - Elevator System Design",
      "url": "https://appx-transcoded-videos-mcdn.akamai.net.in/videos/keertipurswani-data/1065153-1722630687/hls-b63af4/1080p/master-7792558.236086613.m3u8"
    },
    {
      "title": "Day 11 - Interview Tips, Chess System Design",
      "url": "https://appx-transcoded-videos-mcdn.akamai.net.in/videos/keertipurswani-data/1068212-1722716733/hls-85a995/1080p/master-327032.7083591029.m3u8"
    },
    {
      "title": "Day 12 - IRCTC System Design",
      "url": "https://appx-transcoded-videos-mcdn.akamai.net.in/videos/keertipurswani-data/1069291-1722823831/hls-a836d0/1080p/master-1140772.2008610398.m3u8"
    },
    {
      "title": "Day 13 - Meeting Scheduler LLD",
      "url": "https://appx-transcoded-videos-mcdn.akamai.net.in/videos/keertipurswani-data/1087374-1723231705/hls-a27c0c/1080p/master-6299204.6400217.m3u8"
    },
    {
      "title": "Day 14 - Zerodha, NoBroker",
      "url": "https://appx-transcoded-videos-mcdn.akamai.net.in/videos/keertipurswani-data/1090778-1723355546/hls-c6e12a/1080p/master-4827999.532524208.m3u8"
    },
    {
      "title": "Day 15 - Parking Lot, Recommendation System, Arena Question",
      "url": "https://appx-transcoded-videos-mcdn.akamai.net.in/videos/keertipurswani-data/1092653-1723443752/hls-e21a75/1080p/master-1194374.7461643994.m3u8"
    }
  ],
  "whatYouWillLearn": [
    "Master low-level system design and object-oriented principles",
    "Design classes, interfaces, and design patterns",
    "Understand SOLID principles and clean code practices",
    "Learn to design scalable and maintainable software systems",
    "Master common design patterns and their implementations",
    "Build real-world system design projects and case studies"
  ],
  "requirements": [
    "Basic understanding of object-oriented programming",
    "Knowledge of design patterns and software engineering principles",
    "Internet connection for video streaming",
    "Code editor (VS Code recommended) for practice",
    "Experience with software development and system design"
  ],
  "rating": {
    "average": 4.8,
    "count": 276,
    "breakdown": {
      "1": 4,
      "2": 6,
      "3": 18,
      "4": 112,
      "5": 301
    }
  },
  "duration": "9h 57m",
  "level": "Beginner",
  "language": "Hindi",
  "studentsEnrolled": 423,
  "lastUpdated": "2025-10-20",
  "features": [
    "Lifetime Access",
    "Certificate of Completion",
    "Mobile and Desktop Access",
    "Downloadable Resources",
    "Community Support"
  ],
  "teacherId": "keertipurswani"
}