{
  "courseName": "Ayush-Machine-Learning",
  "coursecategory": "ai-ml-ds",
  "viewtype": "both",
  "des": "Learn Machine Learning Course by Ayush with comprehensive video tutorials and hands-on projects.",
  "imageofcourse": "https://www.globayouth.in/wp-content/uploads/2022/06/image-1.png",
  "audio": "english",
  "cost": 0,
  "videoType": "hls",
  "redirecturl": "",
  "rank": "medium",
  "videos": [
    {
      "title": "1. Say Hi to Ayush!",
      "url": "https://appx-transcoded-videos-mcdn.akamai.net.in/videos/harkirat-data/322707-1703783679/hls-9d3ba1/1080p/master-7213339.170183095.m3u8"
    },
    {
      "title": "2.What to expect from the course",
      "url": "https://appx-transcoded-videos-mcdn.akamai.net.in/videos/harkirat-data/322709-1703784043/hls-ce7b42/1080p/master-3884030.590440095.m3u8"
    },
    {
      "title": "3.What things not to do while doing the course",
      "url": "https://appx-transcoded-videos-mcdn.akamai.net.in/videos/harkirat-data/322711-1703784581/hls-64d97c/1080p/master-6254761.151810531.m3u8"
    },
    {
      "title": "4.Study Tips from Ayush",
      "url": "https://appx-transcoded-videos-mcdn.akamai.net.in/videos/harkirat-data/322713-1703784761/hls-15ce9b/1080p/master-8217927.1262941575.m3u8"
    },
    {
      "title": "Lecture 1",
      "url": "https://appx-transcoded-videos-mcdn.akamai.net.in/videos/harkirat-data/322715-1703785480/hls-12950f/1080p/master-7896424.186582611.m3u8"
    },
    {
      "title": "Lecture 2",
      "url": "https://appx-transcoded-videos-mcdn.akamai.net.in/videos/harkirat-data/322717-1703785841/hls-4a08e8/1080p/master-9131063.658526741.m3u8"
    },
    {
      "title": "Lecture 3",
      "url": "https://appx-transcoded-videos-mcdn.akamai.net.in/videos/harkirat-data/322718-1703787098/hls-154e2f/1080p/master-5848370.58767949.m3u8"
    },
    {
      "title": "Lecture 4",
      "url": "https://appx-transcoded-videos-mcdn.akamai.net.in/videos/harkirat-data/322719-1703787279/hls-2d5b80/1080p/master-549469.0463749286.m3u8"
    },
    {
      "title": "Lecture 01 - Everything you need to know about Linear Algebra",
      "url": "https://appx-transcoded-videos-mcdn.akamai.net.in/videos/harkirat-data/322720-1703787460/hls-009b6d/1080p/master-7024137.970665305.m3u8"
    },
    {
      "title": "Lecture - 02 Linear Algebra Part-02",
      "url": "https://appx-transcoded-videos-mcdn.akamai.net.in/videos/harkirat-data/322721-1703787460/hls-cdbdea/1080p/master-5046466.091718446.m3u8"
    },
    {
      "title": "Lecture - 03 Linear Algebra Part-03",
      "url": "https://appx-transcoded-videos-mcdn.akamai.net.in/videos/harkirat-data/322722-1703787637/hls-e7e834/1080p/master-1370296.543254359.m3u8"
    },
    {
      "title": "Lecture - 04 Types of Matrices",
      "url": "https://appx-transcoded-videos-mcdn.akamai.net.in/videos/harkirat-data/322723-1703787640/hls-f5915e/1080p/master-540457.2357227799.m3u8"
    },
    {
      "title": "Lecture - 05 Determinant",
      "url": "https://appx-transcoded-videos-mcdn.akamai.net.in/videos/harkirat-data/322724-1703787640/hls-2c50a5/1080p/master-4137346.932804584.m3u8"
    },
    {
      "title": "Lecture - 06 Cofactor, Adjugate & Inverse of a Matrix",
      "url": "https://appx-transcoded-videos-mcdn.akamai.net.in/videos/harkirat-data/322725-1703787641/hls-89c4c3/1080p/master-6411139.321939126.m3u8"
    },
    {
      "title": "Lecture - 07 Trace of a Matrix, Hadamard & Kronecker product",
      "url": "https://appx-transcoded-videos-mcdn.akamai.net.in/videos/harkirat-data/322726-1703787642/hls-f3c76b/1080p/master-1248373.5790072626.m3u8"
    },
    {
      "title": "Lecture - 08 Systems of Equations & Solving It",
      "url": "https://appx-transcoded-videos-mcdn.akamai.net.in/videos/harkirat-data/322727-1703787819/hls-83c145/1080p/master-7803503.190946848.m3u8"
    },
    {
      "title": "Lecture 1 - Intro to Python Day - 01",
      "url": "https://appx-transcoded-videos-mcdn.akamai.net.in/videos/harkirat-data/322728-1703788719/hls-cdccf5/1080p/master-2542498.431502691.m3u8"
    },
    {
      "title": "Lecture 2 - More About to Python Day - 01",
      "url": "https://appx-transcoded-videos-mcdn.akamai.net.in/videos/harkirat-data/322729-1703788722/hls-3610a9/1080p/master-705189.0285164441.m3u8"
    },
    {
      "title": "Lecture 3 - The Atoms Of Python Day - 02",
      "url": "https://appx-transcoded-videos-mcdn.akamai.net.in/videos/harkirat-data/322730-1703788900/hls-c0bfcc/1080p/master-3085285.118118339.m3u8"
    },
    {
      "title": "Lecture 4 - Variables Day - 02",
      "url": "https://appx-transcoded-videos-mcdn.akamai.net.in/videos/harkirat-data/322731-1703789079/hls-79a176/1080p/master-7432458.231450458.m3u8"
    },
    {
      "title": "Lecture 5 - String Day - 02",
      "url": "https://appx-transcoded-videos-mcdn.akamai.net.in/videos/harkirat-data/322732-1703789080/hls-56ca61/1080p/master-4249475.865471879.m3u8"
    },
    {
      "title": "Lecture 6 - Numbers Day - 02",
      "url": "https://appx-transcoded-videos-mcdn.akamai.net.in/videos/harkirat-data/322733-1703789258/hls-3ab8a1/1080p/master-9546554.390963187.m3u8"
    },
    {
      "title": "Lecture 7 - Truthiness Day - 02",
      "url": "https://appx-transcoded-videos-mcdn.akamai.net.in/videos/harkirat-data/322734-1703789267/hls-0ecfbf/1080p/master-4165276.942484766.m3u8"
    },
    {
      "title": "Lecture - 8 Input & Output Day - 02",
      "url": "https://appx-transcoded-videos-mcdn.akamai.net.in/videos/harkirat-data/322735-1703789439/hls-91a293/1080p/master-4267644.176887457.m3u8"
    },
    {
      "title": "Lecture 9 - OPERATORS. the workers of python Day - 03",
      "url": "https://appx-transcoded-videos-mcdn.akamai.net.in/videos/harkirat-data/322736-1703789440/hls-f18278/1080p/master-5609558.736507807.m3u8"
    },
    {
      "title": "Lecture 10 - Conditional Flow Day- 03",
      "url": "https://appx-transcoded-videos-mcdn.akamai.net.in/videos/harkirat-data/322737-1703789442/hls-4ca3ca/1080p/master-9504234.17642053.m3u8"
    },
    {
      "title": "Lecture 11 - Lists Day - 04",
      "url": "https://appx-transcoded-videos-mcdn.akamai.net.in/videos/harkirat-data/322738-1703789800/hls-bef9d9/1080p/master-548735.2660524647.m3u8"
    },
    {
      "title": "Lecture 12 - Tuples & Mutability Day - 04",
      "url": "https://appx-transcoded-videos-mcdn.akamai.net.in/videos/harkirat-data/322739-1703789802/hls-f0abf3/1080p/master-3430372.9603324328.m3u8"
    },
    {
      "title": "Lecture 13 - Dictionaries Day - 04",
      "url": "https://appx-transcoded-videos-mcdn.akamai.net.in/videos/harkirat-data/322740-1703789981/hls-96a674/1080p/master-879278.3211144361.m3u8"
    },
    {
      "title": "Lecture 14 - Sets & Nesting Day - 04",
      "url": "https://appx-transcoded-videos-mcdn.akamai.net.in/videos/harkirat-data/322741-1703790160/hls-cef5f6/1080p/master-9003370.778105509.m3u8"
    },
    {
      "title": "Lecture 15 - Repetition is BAD Day - 04",
      "url": "https://appx-transcoded-videos-mcdn.akamai.net.in/videos/harkirat-data/322742-1703790341/hls-fbec54/1080p/master-5050014.964795167.m3u8"
    },
    {
      "title": "Lecture - 16 Transferring State Day - 04",
      "url": "https://appx-transcoded-videos-mcdn.akamai.net.in/videos/harkirat-data/322743-1703790518/hls-09cd87/1080p/master-8003651.166274934.m3u8"
    },
    {
      "title": "Lecture 17",
      "url": "https://appx-transcoded-videos-mcdn.akamai.net.in/videos/harkirat-data/322744-1703790519/hls-cd39f5/1080p/master-4442749.820185641.m3u8"
    },
    {
      "title": "Lecture 18",
      "url": "https://appx-transcoded-videos-mcdn.akamai.net.in/videos/harkirat-data/322745-1703790520/hls-fcaa4a/1080p/master-2989274.2026283313.m3u8"
    },
    {
      "title": "Lecture 19",
      "url": "https://appx-transcoded-videos-mcdn.akamai.net.in/videos/harkirat-data/322746-1703790522/hls-0c5d71/1080p/master-1318889.1298501338.m3u8"
    },
    {
      "title": "Lecture 20",
      "url": "https://appx-transcoded-videos-mcdn.akamai.net.in/videos/harkirat-data/322747-1703790703/hls-cadc5c/1080p/master-9223853.90178018.m3u8"
    },
    {
      "title": "1.1 What is NumPy",
      "url": "https://appx-transcoded-videos-mcdn.akamai.net.in/videos/harkirat-data/322749-1703791420/hls-2a28c1/1080p/master-9205077.284445327.m3u8"
    },
    {
      "title": "1.2 NumPy Arrays and Python List",
      "url": "https://appx-transcoded-videos-mcdn.akamai.net.in/videos/harkirat-data/322750-1703791598/hls-484921/1080p/master-1363009.401244044.m3u8"
    },
    {
      "title": "2.1 Creation of Arrays",
      "url": "https://appx-transcoded-videos-mcdn.akamai.net.in/videos/harkirat-data/322751-1703791599/hls-b34ff1/1080p/master-5961655.636568721.m3u8"
    },
    {
      "title": "2.2 Basic Operations",
      "url": "https://appx-transcoded-videos-mcdn.akamai.net.in/videos/harkirat-data/322752-1703791601/hls-6db6e6/1080p/master-3519370.4629668975.m3u8"
    },
    {
      "title": "2.3 Concept of Slicing and Indexing",
      "url": "https://appx-transcoded-videos-mcdn.akamai.net.in/videos/harkirat-data/322753-1703791779/hls-f68767/1080p/master-4197885.232389973.m3u8"
    },
    {
      "title": "2.4 Reshaping, Splitting, Stacking Arrays",
      "url": "https://appx-transcoded-videos-mcdn.akamai.net.in/videos/harkirat-data/322754-1703791779/hls-e3df84/1080p/master-7437282.254212499.m3u8"
    },
    {
      "title": "2.5 Broadcasting",
      "url": "https://appx-transcoded-videos-mcdn.akamai.net.in/videos/harkirat-data/322755-1703791781/hls-317a79/1080p/master-4025905.7347485805.m3u8"
    },
    {
      "title": "Plotting Numpy Arrays",
      "url": "https://appx-transcoded-videos-mcdn.akamai.net.in/videos/harkirat-data/322759-1703791962/hls-94da5e/1080p/master-9307124.72721831.m3u8"
    },
    {
      "title": "IO Handling with Numpy",
      "url": "https://appx-transcoded-videos-mcdn.akamai.net.in/videos/harkirat-data/322758-1703791960/hls-6cdff2/1080p/master-5070811.74966214.m3u8"
    },
    {
      "title": "5.1 Masking of Arrays",
      "url": "https://appx-transcoded-videos-mcdn.akamai.net.in/videos/harkirat-data/322756-1703791782/hls-714e27/1080p/master-6587809.532689.m3u8"
    },
    {
      "title": "5.2 Structured Arrays",
      "url": "https://appx-transcoded-videos-mcdn.akamai.net.in/videos/harkirat-data/322757-1703791959/hls-a3541a/1080p/master-4908060.311350581.m3u8"
    },
    {
      "title": "1. Introduction to Pandas",
      "url": "https://appx-transcoded-videos-mcdn.akamai.net.in/videos/harkirat-data/323510-1703968483/hls-ea71e3/1080p/master-9721719.522992166.m3u8"
    },
    {
      "title": "1.2 Pandas Data Structures",
      "url": "https://appx-transcoded-videos-mcdn.akamai.net.in/videos/harkirat-data/323511-1703999272/hls-c57bba/1080p/master-1989380.8772189026.m3u8"
    },
    {
      "title": "2.1 Data Transformation with Pandas - Grouping, Merging, and Concatenating",
      "url": "https://appx-transcoded-videos-mcdn.akamai.net.in/videos/harkirat-data/323512-1703968486/hls-e79bdb/1080p/master-3658829.9938770174.m3u8"
    },
    {
      "title": "2.3 Sorting, Filtering, Mapping of Data",
      "url": "https://appx-transcoded-videos-mcdn.akamai.net.in/videos/harkirat-data/323513-1703968486/hls-c760b7/1080p/master-8228523.082670212.m3u8"
    },
    {
      "title": "2.2 Indexing Slicing",
      "url": "https://appx-transcoded-videos-mcdn.akamai.net.in/videos/harkirat-data/323514-1703968487/hls-c51f3a/1080p/master-8841183.476836361.m3u8"
    },
    {
      "title": "Data Cleaning",
      "url": "https://appx-transcoded-videos-mcdn.akamai.net.in/videos/harkirat-data/323517-1703999272/hls-1fd2f6/1080p/master-9551131.312753651.m3u8"
    },
    {
      "title": "Data Exploration",
      "url": "https://appx-transcoded-videos-mcdn.akamai.net.in/videos/harkirat-data/323516-1703968664/hls-0a854b/1080p/master-4249173.215780753.m3u8"
    },
    {
      "title": "Time Series Analysis with Pandas",
      "url": "https://appx-transcoded-videos-mcdn.akamai.net.in/videos/harkirat-data/323518-1703999272/hls-74fc1a/1080p/master-3032963.9795732154.m3u8"
    },
    {
      "title": "Time Series Analysis with Pandas - Part - 02",
      "url": "https://appx-transcoded-videos-mcdn.akamai.net.in/videos/harkirat-data/323515-1703968664/hls-ca5d0b/1080p/master-4457048.01477617.m3u8"
    },
    {
      "title": "Lecture 01 What_is_Calculus",
      "url": "https://appx-transcoded-videos-mcdn.akamai.net.in/videos/harkirat-data/323527-1703969389/hls-ab2cf0/1080p/master-4114542.529857148.m3u8"
    },
    {
      "title": "Lecture _- 02 ( Reviewing Functions For Calculus)",
      "url": "https://appx-transcoded-videos-mcdn.akamai.net.in/videos/harkirat-data/323526-1703969387/hls-675d61/1080p/master-1665210.4883526154.m3u8"
    },
    {
      "title": "Lecture _- 03 ( Reviewing Trigonometry )",
      "url": "https://appx-transcoded-videos-mcdn.akamai.net.in/videos/harkirat-data/323522-1703969385/hls-cb55fd/1080p/master-6433992.0439319955.m3u8"
    },
    {
      "title": "Lecture _- 04 ( Introduction to Limits & Continuity )",
      "url": "https://appx-transcoded-videos-mcdn.akamai.net.in/videos/harkirat-data/323520-1703969385/hls-b3facb/1080p/master-8446994.723641645.m3u8"
    },
    {
      "title": "Lecture _- 05 ( Evaluating Limits )",
      "url": "https://appx-transcoded-videos-mcdn.akamai.net.in/videos/harkirat-data/323524-1703969386/hls-d8a789/1080p/master-2163636.8490602933.m3u8"
    },
    {
      "title": "Lecture _- 06 ( Differentiation Part-1 )",
      "url": "https://appx-transcoded-videos-mcdn.akamai.net.in/videos/harkirat-data/323519-1703969384/hls-aeffc7/1080p/master-9585298.268401444.m3u8"
    },
    {
      "title": "Lecture _- 07 ( Basic Differentiation Rules ) __ Chapter- Calculus",
      "url": "https://appx-transcoded-videos-mcdn.akamai.net.in/videos/harkirat-data/323521-1703969385/hls-95959c/1080p/master-4980070.20403251.m3u8"
    },
    {
      "title": "Lecture - 08 ( Product Rule and Quotient Rule )",
      "url": "https://appx-transcoded-videos-mcdn.akamai.net.in/videos/harkirat-data/323525-1703969387/hls-bc7673/1080p/master-1126742.7127201413.m3u8"
    },
    {
      "title": "Lecture- 09 ( Chain Rule of Differentiation )",
      "url": "https://appx-transcoded-videos-mcdn.akamai.net.in/videos/harkirat-data/323523-1703969385/hls-f56c0a/1080p/master-5737011.927536704.m3u8"
    },
    {
      "title": "Module 01 Introduction to Databases.izsGLrm4",
      "url": "https://appx-transcoded-videos-mcdn.akamai.net.in/videos/harkirat-data/323528-1703999272/hls-105fbe/1080p/master-1836348.4764366823.m3u8"
    },
    {
      "title": "Module 02 Introduction to SQL",
      "url": "https://appx-transcoded-videos-mcdn.akamai.net.in/videos/harkirat-data/323529-1703999272/hls-9100cd/1080p/master-6734997.294345271.m3u8"
    },
    {
      "title": "Module 03 SQL Core",
      "url": "https://appx-transcoded-videos-mcdn.akamai.net.in/videos/harkirat-data/323530-1703999273/hls-7e49f1/1080p/master-5035326.405252085.m3u8"
    },
    {
      "title": "Module 04 SQL Operators",
      "url": "https://appx-transcoded-videos-mcdn.akamai.net.in/videos/harkirat-data/323531-1703976222/hls-cb9a03/1080p/master-617811.9365043088.m3u8"
    },
    {
      "title": "Lecture 01 Comprehensive Intro to ML",
      "url": "https://appx-transcoded-videos-mcdn.akamai.net.in/videos/harkirat-data/41789-1705837678/hls-4d2a5e/1080p/master-7953398.9486766085.m3u8"
    },
    {
      "title": "Lecture 02 Comprehensive Intro to ML",
      "url": "https://appx-transcoded-videos-mcdn.akamai.net.in/videos/harkirat-data/41788-1705837677/hls-107f34/1080p/master-9732195.921526963.m3u8"
    },
    {
      "title": "Lecture 03 Comprehensive Intro to ML",
      "url": "https://appx-transcoded-videos-mcdn.akamai.net.in/videos/harkirat-data/41790-1705837679/hls-57069a/1080p/master-5803383.026554257.m3u8"
    },
    {
      "title": "Lecture 04 Comprehensive Intro to ML",
      "url": "https://appx-transcoded-videos-mcdn.akamai.net.in/videos/harkirat-data/41792-1705838578/hls-3210d3/1080p/master-2746436.537831436.m3u8"
    },
    {
      "title": "Lecture 05 Comprehensive Intro to ML",
      "url": "https://appx-transcoded-videos-mcdn.akamai.net.in/videos/harkirat-data/41791-1705838577/hls-1fd575/1080p/master-3233711.711619296.m3u8"
    },
    {
      "title": "Lecture_01 - Regression Analysis Foundations",
      "url": "https://appx-transcoded-videos-mcdn.akamai.net.in/videos/harkirat-data/41794-1705841099/hls-625674/1080p/master-5139812.501184757.m3u8"
    },
    {
      "title": "Lecture_02 - Regression Analysis Intermediate",
      "url": "https://appx-transcoded-videos-mcdn.akamai.net.in/videos/harkirat-data/41796-1705844698/hls-144c68/1080p/master-4159506.5077814274.m3u8"
    },
    {
      "title": "Lecture 03 - MLR Intermediate",
      "url": "https://appx-transcoded-videos-mcdn.akamai.net.in/videos/harkirat-data/41795-1705841099/hls-644025/1080p/master-6185148.40825761.m3u8"
    },
    {
      "title": "Lecture 04 - Regression Advanced",
      "url": "https://appx-transcoded-videos-mcdn.akamai.net.in/videos/harkirat-data/41797-1705847220/hls-4ad3db/1080p/master-1742735.0808601626.m3u8"
    },
    {
      "title": "Lecture 05 - Simple Linear Regression Project",
      "url": "https://appx-transcoded-videos-mcdn.akamai.net.in/videos/harkirat-data/41798-1705848118/hls-deacfd/1080p/master-8009746.3780557.m3u8"
    },
    {
      "title": "Lecture 06 - End to End Linear Regression Project(1)",
      "url": "https://appx-transcoded-videos-mcdn.akamai.net.in/videos/harkirat-data/41793-1705841098/hls-842340/1080p/master-5229917.028771922.m3u8"
    },
    {
      "title": "Lecture 01 - Logistic Regression",
      "url": "https://appx-transcoded-videos-mcdn.akamai.net.in/videos/harkirat-data/41800-1705853337/hls-34bbb2/1080p/master-1232872.7591883792.m3u8"
    },
    {
      "title": "Lecture 02 - Logistic Regression",
      "url": "https://appx-transcoded-videos-mcdn.akamai.net.in/videos/harkirat-data/41799-1705853337/hls-55c64a/1080p/master-1887303.3984230969.m3u8"
    },
    {
      "title": "Lecture 03 - Logistic Regression",
      "url": "https://appx-transcoded-videos-mcdn.akamai.net.in/videos/harkirat-data/41802-1705854777/hls-fb8cc0/1080p/master-4513503.283701734.m3u8"
    },
    {
      "title": "Logistic Regression Practicals",
      "url": "https://appx-transcoded-videos-mcdn.akamai.net.in/videos/harkirat-data/41801-1705853339/hls-62bb25/1080p/master-3386215.2548070457.m3u8"
    },
    {
      "title": "MLOps Fundamentals Lecture-01",
      "url": "https://appx-transcoded-videos-mcdn.akamai.net.in/videos/harkirat-data/683255-1711915091/hls-ba02eb/1080p/master-7330648.67312051.m3u8"
    },
    {
      "title": "MLOps Fundamentals Lecture-02",
      "url": "https://appx-transcoded-videos-mcdn.akamai.net.in/videos/harkirat-data/683252-1711914912/hls-d353bd/1080p/master-8490256.300548013.m3u8"
    },
    {
      "title": "MLOps Fundamentals Lecture-03",
      "url": "https://appx-transcoded-videos-mcdn.akamai.net.in/videos/harkirat-data/683258-1711915271/hls-3bae19/1080p/master-3531859.120874128.m3u8"
    },
    {
      "title": "MLOps Fundamentals Lecture-04",
      "url": "https://appx-transcoded-videos-mcdn.akamai.net.in/videos/harkirat-data/683256-1711915091/hls-fd6cb3/1080p/master-3272320.363874699.m3u8"
    },
    {
      "title": "MLOps Fundamentals Lecture-05",
      "url": "https://appx-transcoded-videos-mcdn.akamai.net.in/videos/harkirat-data/683253-1711914913/hls-864ec0/1080p/master-1980024.5066065702.m3u8"
    },
    {
      "title": "MLOps Fundamentals Lecture-06",
      "url": "https://appx-transcoded-videos-mcdn.akamai.net.in/videos/harkirat-data/683254-1711914916/hls-c91a3a/1080p/master-6727071.454007025.m3u8"
    },
    {
      "title": "MLOps Fundamentals Lecture-07",
      "url": "https://appx-transcoded-videos-mcdn.akamai.net.in/videos/harkirat-data/683257-1711915093/hls-f1dd09/1080p/master-409036.4552703751.m3u8"
    },
    {
      "title": "MLOps Fundamentals Lecture-08",
      "url": "https://appx-transcoded-videos-mcdn.akamai.net.in/videos/harkirat-data/683259-1711915272/hls-05316b/1080p/master-4069037.1029469287.m3u8"
    },
    {
      "title": "Lecture1",
      "url": "https://appx-transcoded-videos-mcdn.akamai.net.in/videos/harkirat-data/683260-1711915630/hls-600ed8/1080p/master-2617287.0076213074.m3u8"
    },
    {
      "title": "Lecture2",
      "url": "https://appx-transcoded-videos-mcdn.akamai.net.in/videos/harkirat-data/683261-1711915630/hls-ff143c/1080p/master-7484610.582294225.m3u8"
    },
    {
      "title": "Lecture3",
      "url": "https://appx-transcoded-videos-mcdn.akamai.net.in/videos/harkirat-data/683262-1711915630/hls-f26573/1080p/master-9846893.337790651.m3u8"
    },
    {
      "title": "Lecture4",
      "url": "https://appx-transcoded-videos-mcdn.akamai.net.in/videos/harkirat-data/683263-1711915631/hls-02868c/1080p/master-4540133.855628525.m3u8"
    },
    {
      "title": "Lecture5",
      "url": "https://appx-transcoded-videos-mcdn.akamai.net.in/videos/harkirat-data/683264-1711915809/hls-684cea/1080p/master-8373997.278630834.m3u8"
    },
    {
      "title": "Lecture6",
      "url": "https://appx-transcoded-videos-mcdn.akamai.net.in/videos/harkirat-data/683265-1711915810/hls-49adb5/1080p/master-6552706.391701834.m3u8"
    },
    {
      "title": "Lecture7",
      "url": "https://appx-transcoded-videos-mcdn.akamai.net.in/videos/harkirat-data/683266-1711915812/hls-fa9fa7/1080p/master-5063100.737795465.m3u8"
    },
    {
      "title": "Lecture8",
      "url": "https://appx-transcoded-videos-mcdn.akamai.net.in/videos/harkirat-data/683267-1711915814/hls-15bc1b/1080p/master-2396880.732744977.m3u8"
    },
    {
      "title": "Lecture1",
      "url": "https://appx-transcoded-videos-mcdn.akamai.net.in/videos/harkirat-data/683269-1711916891/hls-2fc882/1080p/master-6320553.534596769.m3u8"
    },
    {
      "title": "Lecture2",
      "url": "https://appx-transcoded-videos-mcdn.akamai.net.in/videos/harkirat-data/683270-1711916894/hls-c25f81/1080p/master-3371423.5383847966.m3u8"
    },
    {
      "title": "Lecture3",
      "url": "https://appx-transcoded-videos-mcdn.akamai.net.in/videos/harkirat-data/683271-1711917072/hls-16549f/1080p/master-7022609.497062931.m3u8"
    },
    {
      "title": "Lecture4",
      "url": "https://appx-transcoded-videos-mcdn.akamai.net.in/videos/harkirat-data/683272-1711916895/hls-302a64/1080p/master-9954113.475680005.m3u8"
    },
    {
      "title": "Lecture5",
      "url": "https://appx-transcoded-videos-mcdn.akamai.net.in/videos/harkirat-data/683273-1711917073/hls-37ce9e/1080p/master-1204630.274258489.m3u8"
    },
    {
      "title": "Lecture6",
      "url": "https://appx-transcoded-videos-mcdn.akamai.net.in/videos/harkirat-data/683274-1711917074/hls-75b77b/1080p/master-9810532.807552218.m3u8"
    },
    {
      "title": "Lecture7",
      "url": "https://appx-transcoded-videos-mcdn.akamai.net.in/videos/harkirat-data/683275-1711917075/hls-1d495a/1080p/master-6434579.936023077.m3u8"
    },
    {
      "title": "Lecture8",
      "url": "https://appx-transcoded-videos-mcdn.akamai.net.in/videos/harkirat-data/683276-1711917075/hls-cb4b47/1080p/master-6152357.247784479.m3u8"
    },
    {
      "title": "Lecture9",
      "url": "https://appx-transcoded-videos-mcdn.akamai.net.in/videos/harkirat-data/683277-1711917075/hls-b9c37c/1080p/master-1669051.5140384287.m3u8"
    },
    {
      "title": "Lecture2",
      "url": "https://appx-transcoded-videos-mcdn.akamai.net.in/videos/harkirat-data/683278-1711917076/hls-56d9da/1080p/master-2339272.99566975.m3u8"
    },
    {
      "title": "Lecture3",
      "url": "https://appx-transcoded-videos-mcdn.akamai.net.in/videos/harkirat-data/683279-1711917249/hls-4467c7/1080p/master-4942943.8291599825.m3u8"
    },
    {
      "title": "Classification Measures Lecture-04",
      "url": "https://appx-transcoded-videos-mcdn.akamai.net.in/videos/harkirat-data/683280-1711917430/hls-517f8c/1080p/master-6499337.408129089.m3u8"
    },
    {
      "title": "Lecture1",
      "url": "https://appx-transcoded-videos-mcdn.akamai.net.in/videos/harkirat-data/683281-1711917613/hls-1b9e13/1080p/master-7184318.644106715.m3u8"
    },
    {
      "title": "Lecture2",
      "url": "https://appx-transcoded-videos-mcdn.akamai.net.in/videos/harkirat-data/683282-1711917616/hls-154a20/1080p/master-701644.7430402972.m3u8"
    },
    {
      "title": "4.Stacking Ensemble Learning",
      "url": "https://appx-transcoded-videos-mcdn.akamai.net.in/videos/harkirat-data/683283-1711917973/hls-920792/1080p/master-6219194.585156666.m3u8"
    },
    {
      "title": "Bias & Variance Tradeoff, Expectation Minimization",
      "url": "https://appx-transcoded-videos-mcdn.akamai.net.in/videos/harkirat-data/683284-1711917973/hls-000084/1080p/master-7544019.246549524.m3u8"
    },
    {
      "title": "Lecture1",
      "url": "https://appx-transcoded-videos-mcdn.akamai.net.in/videos/harkirat-data/683285-1711918150/hls-311ffb/1080p/master-8673266.751884136.m3u8"
    },
    {
      "title": "Lecture2",
      "url": "https://appx-transcoded-videos-mcdn.akamai.net.in/videos/harkirat-data/683286-1711918150/hls-0240a4/1080p/master-8425417.345070528.m3u8"
    },
    {
      "title": "Lecture3",
      "url": "https://appx-transcoded-videos-mcdn.akamai.net.in/videos/harkirat-data/683287-1711918152/hls-5556b6/1080p/master-2807941.9013062613.m3u8"
    },
    {
      "title": "Lecture1",
      "url": "https://appx-transcoded-videos-mcdn.akamai.net.in/videos/harkirat-data/683288-1711918327/hls-f200f6/1080p/master-6992868.580163574.m3u8"
    },
    {
      "title": "Lecture2",
      "url": "https://appx-transcoded-videos-mcdn.akamai.net.in/videos/harkirat-data/683289-1711918328/hls-b76d57/1080p/master-8302148.080537779.m3u8"
    },
    {
      "title": "Lecture3",
      "url": "https://appx-transcoded-videos-mcdn.akamai.net.in/videos/harkirat-data/683290-1711918328/hls-696a87/1080p/master-5078062.155631684.m3u8"
    },
    {
      "title": "Lecture4",
      "url": "https://appx-transcoded-videos-mcdn.akamai.net.in/videos/harkirat-data/683291-1711918330/hls-932431/1080p/master-4558025.36593578.m3u8"
    },
    {
      "title": "Lecture5",
      "url": "https://appx-transcoded-videos-mcdn.akamai.net.in/videos/harkirat-data/683292-1711918332/hls-04dcd6/1080p/master-3331435.410093777.m3u8"
    },
    {
      "title": "Lecture6",
      "url": "https://appx-transcoded-videos-mcdn.akamai.net.in/videos/harkirat-data/683293-1711918509/hls-1ced35/1080p/master-7333891.071018337.m3u8"
    },
    {
      "title": "Lecture7",
      "url": "https://appx-transcoded-videos-mcdn.akamai.net.in/videos/harkirat-data/683294-1711918511/hls-4e1a98/1080p/master-3641888.249172276.m3u8"
    },
    {
      "title": "Lecture8",
      "url": "https://appx-transcoded-videos-mcdn.akamai.net.in/videos/harkirat-data/683295-1711918512/hls-71d3e6/1080p/master-7355006.654484417.m3u8"
    },
    {
      "title": "Lecture9",
      "url": "https://appx-transcoded-videos-mcdn.akamai.net.in/videos/harkirat-data/683296-1711918512/hls-011a84/1080p/master-3172525.2091473723.m3u8"
    },
    {
      "title": "1.0 Introduction",
      "url": "https://appx-transcoded-videos-mcdn.akamai.net.in/videos/harkirat-data/683297-1711918514/hls-9813a6/1080p/master-5197798.635435038.m3u8"
    },
    {
      "title": "1.1 Exploring Data",
      "url": "https://appx-transcoded-videos-mcdn.akamai.net.in/videos/harkirat-data/683298-1711918514/hls-60f4f5/1080p/master-6324961.432589348.m3u8"
    },
    {
      "title": "1.2 Processing Data",
      "url": "https://appx-transcoded-videos-mcdn.akamai.net.in/videos/harkirat-data/683299-1711918515/hls-b13c3c/1080p/master-3783533.5888856193.m3u8"
    },
    {
      "title": "1.3 Training of Model",
      "url": "https://appx-transcoded-videos-mcdn.akamai.net.in/videos/harkirat-data/683300-1711918517/hls-e06189/1080p/master-6414759.844923799.m3u8"
    },
    {
      "title": "1.4 Model Tuning",
      "url": "https://appx-transcoded-videos-mcdn.akamai.net.in/videos/harkirat-data/683301-1711918518/hls-0150ae/1080p/master-5170827.43039945.m3u8"
    }
  ],
  "whatYouWillLearn": [
    "Master machine learning algorithms and techniques",
    "Understand data preprocessing and feature engineering",
    "Learn model evaluation and validation methods",
    "Master deep learning and neural networks",
    "Build end-to-end ML projects and applications",
    "Understand ML deployment and production systems"
  ],
  "requirements": [
    "Basic understanding of Python programming",
    "Knowledge of basic mathematics and statistics",
    "Internet connection for video streaming",
    "Python environment with Jupyter Notebook or VS Code",
    "Understanding of data analysis and visualization concepts"
  ],
  "rating": {
    "average": 4.8,
    "count": 302,
    "breakdown": {
      "1": 3,
      "2": 6,
      "3": 30,
      "4": 130,
      "5": 175
    }
  },
  "duration": "12h 18m",
  "level": "Beginner",
  "language": "English",
  "studentsEnrolled": 535,
  "lastUpdated": "2025-10-20",
  "features": [
    "Lifetime Access",
    "Certificate of Completion",
    "Mobile and Desktop Access",
    "Downloadable Resources",
    "Community Support"
  ],
  "teacherId": "ayush"
}