{
  "courseName": "CodingSeekhho-MERN-Stack-Developer",
  "coursecategory": "web-development",
  "viewtype": "both",
  "des": "Learn MERN STACK Developer BY Coding Seekhho with comprehensive video tutorials and hands-on projects.",
  "imageofcourse": "https://appxcontent.kaxa.in/paid_course3/2024-07-25-0.3567487920636736.jpg",
  "audio": "english",
  "cost": 0,
  "videoType": "hls",
  "redirecturl": "",
  "rank": "medium",
  "videos": [
    {
      "title": "Lecture 1: CSS Introduction",
      "url": "https://appx-transcoded-videos-mcdn.akamai.net.in/videos/codingseekho-data/85634-1722834814/hls-e16105/1080p/master-4820560.528752449.m3u8"
    },
    {
      "title": "Lecture 2: Background, Border properties",
      "url": "https://appx-transcoded-videos-mcdn.akamai.net.in/videos/codingseekho-data/86165-1722921395/hls-053368/1080p/master-7698274.70668184.m3u8"
    },
    {
      "title": "Lecture 3: Margin, Padding, Box Model, Height, Width",
      "url": "https://appx-transcoded-videos-mcdn.akamai.net.in/videos/codingseekho-data/86758-1723007435/hls-85d3e4/1080p/master-229469.77453373928.m3u8"
    },
    {
      "title": "Lecture 4: Text Style in CSS",
      "url": "https://appx-transcoded-videos-mcdn.akamai.net.in/videos/codingseekho-data/87471-1723094730/hls-e52b34/1080p/master-5520802.39631691.m3u8"
    },
    {
      "title": "Lecture 5: Text & Font Style",
      "url": "https://appx-transcoded-videos-mcdn.akamai.net.in/videos/codingseekho-data/88384-1723182402/hls-86998f/1080p/master-4548346.935895267.m3u8"
    },
    {
      "title": "Lecture 6: Float, Hover, Opacity, Overflow, Visibility",
      "url": "https://appx-transcoded-videos-mcdn.akamai.net.in/videos/codingseekho-data/91219-1723612953/hls-740eae/1080p/master-9903739.770876834.m3u8"
    },
    {
      "title": "Lecture 7: Display, Position Properties",
      "url": "https://appx-transcoded-videos-mcdn.akamai.net.in/videos/codingseekho-data/92111-1723787194/hls-46a6f7/1080p/master-8208235.385489768.m3u8"
    },
    {
      "title": "Lecture 8: Navbar",
      "url": "https://appx-transcoded-videos-mcdn.akamai.net.in/videos/codingseekho-data/92736-1723873238/hls-07f1d8/1080p/master-2599223.0609198553.m3u8"
    },
    {
      "title": "Lecture 9: Multiple Dropdown Navbar, Transition",
      "url": "https://appx-transcoded-videos-mcdn.akamai.net.in/videos/codingseekho-data/93932-1724215959/hls-828349/1080p/master-7846635.235086616.m3u8"
    },
    {
      "title": "Lecture 10: Animation, Gradient , Transform",
      "url": "https://appx-transcoded-videos-mcdn.akamai.net.in/videos/codingseekho-data/94778-1724302536/hls-8db852/1080p/master-445453.8627414473.m3u8"
    },
    {
      "title": "Lecture 11: Gradient , Flex box",
      "url": "https://appx-transcoded-videos-mcdn.akamai.net.in/videos/codingseekho-data/95829-1724389832/hls-8d5c1d/1080p/master-4292192.450489727.m3u8"
    },
    {
      "title": "Lecture 12: Flexbox, Media Querie",
      "url": "https://appx-transcoded-videos-mcdn.akamai.net.in/videos/codingseekho-data/96465-1724476776/hls-7725fc/1080p/master-5240816.610033134.m3u8"
    },
    {
      "title": "JS SESSION 1 [Introduction]Boostrap",
      "url": "https://appx-transcoded-videos-mcdn.akamai.net.in/videos/codingseekho-data/97368-1724643639/hls-d5f49a/1080p/master-3032044.7696177387.m3u8"
    },
    {
      "title": "JS SESSION 2 [Introduction]Boostrap 2",
      "url": "https://appx-transcoded-videos-mcdn.akamai.net.in/videos/codingseekho-data/98649-1724818415/hls-882c87/1080p/master-17366.26055883539.m3u8"
    },
    {
      "title": "JS SESSION 3 [Introduction]Boostrap Template",
      "url": "https://appx-transcoded-videos-mcdn.akamai.net.in/videos/codingseekho-data/99304-1724905000/hls-f0fabb/1080p/master-3772119.564734291.m3u8"
    },
    {
      "title": "JS SESSION 4 [Introduction]Boostrap Template 2",
      "url": "https://appx-transcoded-videos-mcdn.akamai.net.in/videos/codingseekho-data/99990-1724991406/hls-b87f0a/1080p/master-8028609.810659035.m3u8"
    },
    {
      "title": "JS SESSION 1 Introduction",
      "url": "https://appx-transcoded-videos-mcdn.akamai.net.in/videos/codingseekho-data/105915-1725856474/hls-564806/1080p/master-3990340.149882321.m3u8"
    },
    {
      "title": "JS SESSION 2 DATATYPE | OPERATOR | FLOW CONTROL",
      "url": "https://appx-transcoded-videos-mcdn.akamai.net.in/videos/codingseekho-data/106763-1725944806/hls-e26cc7/1080p/master-3428992.406924669.m3u8"
    },
    {
      "title": "JS SESSION 3  Flow Control | String Function",
      "url": "https://appx-transcoded-videos-mcdn.akamai.net.in/videos/codingseekho-data/107628-1726028739/hls-df9025/1080p/master-9173843.77393805.m3u8"
    },
    {
      "title": "JS SESSION Flow Control",
      "url": "https://appx-transcoded-videos-mcdn.akamai.net.in/videos/codingseekho-data/108370-1726114961/hls-1c908d/1080p/master-642300.7344267995.m3u8"
    },
    {
      "title": "JS SESSION AUDIO TAG | IMG",
      "url": "https://appx-transcoded-videos-mcdn.akamai.net.in/videos/codingseekho-data/109147-1726201715/hls-bc79e1/1080p/master-4589694.815771681.m3u8"
    },
    {
      "title": "MERN STATCK ROAD MAP",
      "url": "https://appx-transcoded-videos-mcdn.akamai.net.in/videos/codingseekho-data/111429-1726489723/hls-2233e0/1080p/master-1362975.4528616788.m3u8"
    },
    {
      "title": "JS SESSION 1 [Introduction]Boostrap",
      "url": "https://appx-transcoded-videos-mcdn.akamai.net.in/videos/codingseekho-data/98025-1724731116/hls-4cb83e/1080p/master-1366722.7940364457.m3u8"
    },
    {
      "title": "Lecture 1: Introduction",
      "url": "https://appx-transcoded-videos-mcdn.akamai.net.in/videos/codingseekho-data/75195-1721106448/hls-fc45b1/1080p/master-6401146.032217222.m3u8"
    },
    {
      "title": "Lecture 2: HTML Tags",
      "url": "https://appx-transcoded-videos-mcdn.akamai.net.in/videos/codingseekho-data/75675-1721192132/hls-1f28ac/1080p/master-5601610.827826346.m3u8"
    },
    {
      "title": "Lecture 3: Attributes, Img tag",
      "url": "https://appx-transcoded-videos-mcdn.akamai.net.in/videos/codingseekho-data/76153-1721278351/hls-ab4136/1080p/master-794672.3058303618.m3u8"
    },
    {
      "title": "Lecture 4: Anchor Tag",
      "url": "https://appx-transcoded-videos-mcdn.akamai.net.in/videos/codingseekho-data/77790-1721625749/hls-bdf68d/1080p/master-1275744.4253699423.m3u8"
    },
    {
      "title": "Lecture 5: Anchor Tag part 2",
      "url": "https://appx-transcoded-videos-mcdn.akamai.net.in/videos/codingseekho-data/78241-1721711795/hls-075c19/1080p/master-192200.45104489048.m3u8"
    },
    {
      "title": "Lecture 6: Table tag, List Tag",
      "url": "https://appx-transcoded-videos-mcdn.akamai.net.in/videos/codingseekho-data/78762-1721798188/hls-27136a/1080p/master-9453331.398981024.m3u8"
    },
    {
      "title": "Lecture 7: List Tag, Iframe, Favicon, Abbr tag",
      "url": "https://appx-transcoded-videos-mcdn.akamai.net.in/videos/codingseekho-data/79348-1721885686/hls-5c96be/1080p/master-9566156.989363639.m3u8"
    },
    {
      "title": "Lecture 8: Form Tag",
      "url": "https://appx-transcoded-videos-mcdn.akamai.net.in/videos/codingseekho-data/79784-1721971350/hls-666370/1080p/master-8333176.17623611.m3u8"
    },
    {
      "title": "Lecture 9: Form Tag Part 2",
      "url": "https://appx-transcoded-videos-mcdn.akamai.net.in/videos/codingseekho-data/83457-1722488855/hls-a5ca49/1080p/master-9218517.674726157.m3u8"
    },
    {
      "title": "Lecture 10: Video tag, Audio Tag, Entities",
      "url": "https://appx-transcoded-videos-mcdn.akamai.net.in/videos/codingseekho-data/84332-1722575435/hls-297a72/1080p/master-6357648.452671196.m3u8"
    },
    {
      "title": "MERN STACK JS SEESION 1 ROADMAP",
      "url": "https://appx-transcoded-videos-mcdn.akamai.net.in/videos/codingseekho-data/112998-1726663428/hls-e4023e/1080p/master-2692180.870340324.m3u8"
    },
    {
      "title": "MEARN STACK SESSION 2",
      "url": "https://appx-transcoded-videos-mcdn.akamai.net.in/videos/codingseekho-data/113867-1726749647/hls-049a61/1080p/master-9805604.763998453.m3u8"
    },
    {
      "title": "MERN STACK  JS SESSION 3  FUNCTION",
      "url": "https://appx-transcoded-videos-mcdn.akamai.net.in/videos/codingseekho-data/114688-1726836400/hls-cd4702/1080p/master-7282662.63922777.m3u8"
    },
    {
      "title": "MERN STACK SESSION 4 STRING NAD FUNCTION",
      "url": "https://appx-transcoded-videos-mcdn.akamai.net.in/videos/codingseekho-data/115519-1726922798/hls-6842b6/1080p/master-8361178.640341233.m3u8"
    },
    {
      "title": "MERN STACK 4 LECTURES SCREEN ISSUE REVISION",
      "url": "https://appx-transcoded-videos-mcdn.akamai.net.in/videos/codingseekho-data/117416-1727093814/hls-18e20c/1080p/master-8003407.420767321.m3u8"
    },
    {
      "title": "JS SESSION 5 HTML DOM",
      "url": "https://appx-transcoded-videos-mcdn.akamai.net.in/videos/codingseekho-data/118357-1727179121/hls-ad6e5a/1080p/master-5415144.828933652.m3u8"
    },
    {
      "title": "MERN STACK Session 6 JS | DOM | Array |",
      "url": "https://appx-transcoded-videos-mcdn.akamai.net.in/videos/codingseekho-data/119530-1727268401/hls-2ed8e0/1080p/master-8418994.954464633.m3u8"
    },
    {
      "title": "MERN STACK JS SESSION 7 |ARRAY | METHOD",
      "url": "https://appx-transcoded-videos-mcdn.akamai.net.in/videos/codingseekho-data/120437-1727354802/hls-35b127/1080p/master-3315576.175925519.m3u8"
    },
    {
      "title": "MERN STACK API CALL AXIOS LIBRARY",
      "url": "https://appx-transcoded-videos-mcdn.akamai.net.in/videos/codingseekho-data/121267-1727441384/hls-68a425/1080p/master-2113399.315053355.m3u8"
    },
    {
      "title": "API CALL USING  AXIOS | INSERT |DELETE",
      "url": "https://appx-transcoded-videos-mcdn.akamai.net.in/videos/codingseekho-data/132695-1728648826/hls-e9d3f7/1080p/master-8367459.158450073.m3u8"
    },
    {
      "title": "LOGIN USING JS AXIOS API",
      "url": "https://appx-transcoded-videos-mcdn.akamai.net.in/videos/codingseekho-data/137569-1729169034/hls-66c0a7/1080p/master-6328522.993051091.m3u8"
    },
    {
      "title": "SQL SESSION 1 Introduction",
      "url": "https://appx-transcoded-videos-mcdn.akamai.net.in/videos/codingseekho-data/138570-1729255968/hls-c5c607/1080p/master-6181841.833953512.m3u8"
    },
    {
      "title": "SQL Session 2 | Insert | Select",
      "url": "https://appx-transcoded-videos-mcdn.akamai.net.in/videos/codingseekho-data/139522-1729341291/hls-a7fc34/1080p/master-6662300.51804159.m3u8"
    },
    {
      "title": "SQL SESSION 3 | SELECT | AND | OR | IN | NOT IN | BETWEEN",
      "url": "https://appx-transcoded-videos-mcdn.akamai.net.in/videos/codingseekho-data/141096-1729562556/hls-51f765/1080p/master-9939630.20491536.m3u8"
    },
    {
      "title": "SQL Session 4 revision",
      "url": "https://appx-transcoded-videos-mcdn.akamai.net.in/videos/codingseekho-data/142025-1729601026/hls-74ff8a/1080p/master-5682910.854947001.m3u8"
    },
    {
      "title": "SQL SESSION 5 AGGREGATE FUNCTIONS",
      "url": "https://appx-transcoded-videos-mcdn.akamai.net.in/videos/codingseekho-data/1327712-1729687778/hls-5031d2/1080p/master-6449492.541722667.m3u8"
    },
    {
      "title": "SQL SESSION 6",
      "url": "https://appx-transcoded-videos-mcdn.akamai.net.in/videos/codingseekho-data/1332611-1729773837/hls-05383e/1080p/master-9558305.858638545.m3u8"
    },
    {
      "title": "SQL SESSION 7 | Normalization",
      "url": "https://appx-transcoded-videos-mcdn.akamai.net.in/videos/codingseekho-data/1338038-1729862780/hls-7dd5fa/1080p/master-7477585.163612879.m3u8"
    },
    {
      "title": "SQL SESSION 8 TYPS OF JOIN |INNER | LEFT | RIGHT | OUTER",
      "url": "https://appx-transcoded-videos-mcdn.akamai.net.in/videos/codingseekho-data/1341917-1729946258/hls-1af678/1080p/master-6532282.719671623.m3u8"
    },
    {
      "title": "SQL SESSION 10 | PROCEDURE | TRIGGER",
      "url": "https://appx-transcoded-videos-mcdn.akamai.net.in/videos/codingseekho-data/1350097-1730261802/hls-e7e81a/1080p/master-868139.8553795372.m3u8"
    },
    {
      "title": "SQL PROCEDUTE | TRIGGER",
      "url": "https://appx-transcoded-videos-mcdn.akamai.net.in/videos/codingseekho-data/1350189-1730265401/hls-085ae4/1080p/master-3235320.705230602.m3u8"
    },
    {
      "title": "SQL SESSION 11 TRIGGER",
      "url": "https://appx-transcoded-videos-mcdn.akamai.net.in/videos/codingseekho-data/1354983-1730696863/hls-faabfe/1080p/master-7427906.471749219.m3u8"
    },
    {
      "title": "SQL  | CASE | STUDY | Project Structure |",
      "url": "https://appx-transcoded-videos-mcdn.akamai.net.in/videos/codingseekho-data/1359776-1730810809/hls-492293/1080p/master-6654593.005952955.m3u8"
    },
    {
      "title": "SQL PROJECT SESSION 1",
      "url": "https://appx-transcoded-videos-mcdn.akamai.net.in/videos/codingseekho-data/1376412-1731298604/hls-37e54d/1080p/master-5211523.711661057.m3u8"
    },
    {
      "title": "SQL PROJECT CASE STUDY 2",
      "url": "https://appx-transcoded-videos-mcdn.akamai.net.in/videos/codingseekho-data/1380201-1731385003/hls-623986/1080p/master-6682969.928406352.m3u8"
    },
    {
      "title": "SQL PROJECT CASE STUDY [BANK]",
      "url": "https://appx-transcoded-videos-mcdn.akamai.net.in/videos/codingseekho-data/1384019-1731471407/hls-e95cf4/1080p/master-3358047.856498274.m3u8"
    },
    {
      "title": "SQL CASE STUDY [BANK ] 2",
      "url": "https://appx-transcoded-videos-mcdn.akamai.net.in/videos/codingseekho-data/1388190-1731557803/hls-93603d/1080p/master-241490.43934343252.m3u8"
    },
    {
      "title": "SQL CASE STUDY INVENTORY",
      "url": "https://appx-transcoded-videos-mcdn.akamai.net.in/videos/codingseekho-data/1392309-1731643489/hls-f670dc/1080p/master-6943781.782330696.m3u8"
    },
    {
      "title": "Node JS Introduction",
      "url": "https://appx-transcoded-videos-mcdn.akamai.net.in/videos/codingseekho-data/1404044-1731937304/hls-4e05d0/1080p/master-988914.6292597828.m3u8"
    },
    {
      "title": "Express JS [REST API ]Introduction",
      "url": "https://appx-transcoded-videos-mcdn.akamai.net.in/videos/codingseekho-data/1420032-1732274099/hls-98b797/1080p/master-9274843.207821358.m3u8"
    },
    {
      "title": "EXPRES JS  RESTAPI",
      "url": "https://appx-transcoded-videos-mcdn.akamai.net.in/videos/codingseekho-data/1423736-1732361395/hls-44e9f3/1080p/master-3169613.6422282616.m3u8"
    },
    {
      "title": "Express JS REST API | SAVE | DELETE | UPDATE",
      "url": "https://appx-transcoded-videos-mcdn.akamai.net.in/videos/codingseekho-data/1428458-1732534916/hls-b172cb/1080p/master-269204.5996776837.m3u8"
    },
    {
      "title": "EXPRESS JS PROJECT API",
      "url": "https://appx-transcoded-videos-mcdn.akamai.net.in/videos/codingseekho-data/1444488-1732879433/hls-79655e/1080p/master-3188196.9722346915.m3u8"
    },
    {
      "title": "Node JS Session3 Routing",
      "url": "https://appx-transcoded-videos-mcdn.akamai.net.in/videos/codingseekho-data/1416179-1732187262/hls-07ff90/1080p/master-7363854.614715657.m3u8"
    },
    {
      "title": "REACT Introdunction",
      "url": "https://appx-transcoded-videos-mcdn.akamai.net.in/videos/codingseekho-data/1453339-1733139730/hls-3112c9/1080p/master-4771258.687563549.m3u8"
    },
    {
      "title": "React Component",
      "url": "https://appx-transcoded-videos-mcdn.akamai.net.in/videos/codingseekho-data/171398-1733225239/hls-b17c4a/1080p/master-2547694.9799122275.m3u8"
    },
    {
      "title": "REACT HOOKS | PROBS",
      "url": "https://appx-transcoded-videos-mcdn.akamai.net.in/videos/codingseekho-data/172331-1733311636/hls-d12511/1080p/master-1529961.6852626663.m3u8"
    },
    {
      "title": "React Routing navigate",
      "url": "https://appx-transcoded-videos-mcdn.akamai.net.in/videos/codingseekho-data/174519-1733484798/hls-0f031f/1080p/master-5352930.919521814.m3u8"
    },
    {
      "title": "REACT Introdunction",
      "url": "https://transcoded-videos-v2.classx.co.in/videos/codingseekho-data/220153-1737953556/hls-7b24e3/1080p/master-7336459.722386104.m3u8"
    },
    {
      "title": "React Session 2 folder Structure | Component",
      "url": "https://transcoded-videos-v2.classx.co.in/videos/codingseekho-data/221153-1738039414/hls-7d5705/1080p/master-3580582.1730873324.m3u8"
    },
    {
      "title": "React Session 2 folder Structure",
      "url": "https://transcoded-videos-v2.classx.co.in/videos/codingseekho-data/221773-1738062992/hls-dbb3e8/1080p/master-3251198.737388319.m3u8"
    },
    {
      "title": "React Session 3 Component | Bootstrap",
      "url": "https://transcoded-videos-v2.classx.co.in/videos/codingseekho-data/222302-1738125818/hls-bb9be1/1080p/master-6765695.35878567.m3u8"
    },
    {
      "title": "React Session 4 Component | React Bootstrap |Dom Routing",
      "url": "https://transcoded-videos-v2.classx.co.in/videos/codingseekho-data/223560-1738212031/hls-17024f/1080p/master-6582636.115512059.m3u8"
    },
    {
      "title": "React API Login Using Axios | Use effect Hook",
      "url": "https://transcoded-videos-v2.classx.co.in/videos/codingseekho-data/228658-1738669772/hls-d3cc9e/1080p/master-3651011.5562602817.m3u8"
    },
    {
      "title": "React API Login Using Axios | JsonArray",
      "url": "https://transcoded-videos-v2.classx.co.in/videos/codingseekho-data/229932-1738756705/hls-1c1fe3/1080p/master-5426252.515705963.m3u8"
    },
    {
      "title": "RECAT | POST | DELETE | PUT | API",
      "url": "https://transcoded-videos-v2.classx.co.in/videos/codingseekho-data/231133-1738843294/hls-4f03b6/1080p/master-7452027.621340322.m3u8"
    },
    {
      "title": "React | API | POST DATA| DELETE DATA | Axios part 3",
      "url": "https://transcoded-videos-v2.classx.co.in/videos/codingseekho-data/232355-1738929687/hls-1c5027/1080p/master-7230594.882334831.m3u8"
    },
    {
      "title": "RECAT | PROJECT | SESSION 3",
      "url": "https://transcoded-videos-v2.classx.co.in/videos/codingseekho-data/240876-1739534313/hls-0250fa/1080p/master-8805670.878420642.m3u8"
    },
    {
      "title": "REACT | PROJECT | FINAL DASHBOARD|",
      "url": "https://transcoded-videos-v2.classx.co.in/videos/codingseekho-data/245425-1739940935/hls-d9e273/1080p/master-1025625.5144224791.m3u8"
    },
    {
      "title": "REACT | PROJECT | FINAL DASHBOARD| part 2",
      "url": "https://transcoded-videos-v2.classx.co.in/videos/codingseekho-data/247294-1740053252/hls-6913cf/1080p/master-8684383.29939922.m3u8"
    },
    {
      "title": "REACT BOOTSRAP",
      "url": "https://appx-transcoded-videos-mcdn.akamai.net.in/videos/codingseekho-data/173543-1733398576/hls-9f69e2/1080p/master-7128364.78768527.m3u8"
    }
  ],
  "whatYouWillLearn": [
    "Master MongoDB, Express.js, React, and Node.js stack",
    "Build full-stack web applications from scratch",
    "Learn authentication and authorization systems",
    "Understand RESTful API design and implementation",
    "Deploy applications to cloud platforms like Heroku/AWS",
    "Master modern JavaScript ES6+ and React hooks"
  ],
  "requirements": [
    "Basic understanding of HTML, CSS, and JavaScript",
    "Node.js and npm installed on your system",
    "Internet connection for video streaming",
    "Code editor (VS Code recommended) with extensions",
    "MongoDB installed locally or MongoDB Atlas account"
  ],
  "rating": {
    "average": 4.6,
    "count": 282,
    "breakdown": {
      "1": 2,
      "2": 2,
      "3": 29,
      "4": 71,
      "5": 187
    }
  },
  "duration": "10h 45m",
  "level": "Advanced",
  "language": "Hinglish",
  "studentsEnrolled": 507,
  "lastUpdated": "2025-10-20",
  "features": [
    "Lifetime Access",
    "Certificate of Completion",
    "Mobile and Desktop Access",
    "Downloadable Resources",
    "Community Support"
  ],
  "teacherId": "coding-seekhho"
}