{
  "courseName": "CodingSeekhho-C-Programming",
  "coursecategory": "programming",
  "viewtype": "both",
  "des": "Learn Premium Course Mastering C Programming From Beginner to Expert 1 by Coding Seekhho with comprehensive video tutorials and hands-on projects.",
  "imageofcourse": "https://appxcontent.kaxa.in/paid_course3/2024-05-16-0.7247245579083244.jpg",
  "audio": "english",
  "cost": 0,
  "videoType": "hls",
  "redirecturl": "",
  "rank": "high",
  "homepage": true,
  "videos": [
    {
      "title": "Lecture 33: Command Line Arguments | Preprocessor",
      "url": "https://appx-transcoded-videos-mcdn.akamai.net.in/videos/codingseekho-data/1925325-1707776338/hls-20d8b1/720p/master-5795647.70074515.m3u8"
    },
    {
      "title": "Lecture 32: Command Line Arguments in C",
      "url": "https://appx-transcoded-videos-mcdn.akamai.net.in/videos/codingseekho-data/1925329-1707776364/hls-8154a7/720p/master-3007692.753787006.m3u8"
    },
    {
      "title": "Lecture 31: File Handling Part-3",
      "url": "https://appx-transcoded-videos-mcdn.akamai.net.in/videos/codingseekho-data/1925330-1707776371/hls-535b61/720p/master-7443469.061598582.m3u8"
    },
    {
      "title": "Lecture 30: File Handling Part-2",
      "url": "https://appx-transcoded-videos-mcdn.akamai.net.in/videos/codingseekho-data/1925334-1707776396/hls-41b4fc/720p/master-1026378.5601796282.m3u8"
    },
    {
      "title": "Lecture 29: File Handling Part-1",
      "url": "https://appx-transcoded-videos-mcdn.akamai.net.in/videos/codingseekho-data/1925335-1707776402/hls-0aea4c/720p/master-3200547.0109122293.m3u8"
    },
    {
      "title": "Lecture 28: Palindrome String in C",
      "url": "https://appx-transcoded-videos-mcdn.akamai.net.in/videos/codingseekho-data/1925336-1707776409/hls-009cff/720p/master-1714216.6249459789.m3u8"
    },
    {
      "title": "Premium Live Course: Mastering C Programming: From Beginner to Expert",
      "url": "https://appx-transcoded-videos-mcdn.akamai.net.in/videos/codingseekho-data/1925337-1707776415/hls-aa6084/720p/master-7576596.568655571.m3u8"
    },
    {
      "title": "Lecture 26: Star Pattern Part-3 | Strings in C",
      "url": "https://appx-transcoded-videos-mcdn.akamai.net.in/videos/codingseekho-data/1925341-1707776442/hls-a3688a/720p/master-5844168.536245402.m3u8"
    },
    {
      "title": "Lecture 25: Star Pattern Part-2",
      "url": "https://appx-transcoded-videos-mcdn.akamai.net.in/videos/codingseekho-data/1925342-1707776449/hls-30a647/720p/master-2734919.3943416015.m3u8"
    },
    {
      "title": "Lecture 24: Star Pattern Part-1",
      "url": "https://appx-transcoded-videos-mcdn.akamai.net.in/videos/codingseekho-data/1925343-1707776456/hls-b6bc2d/720p/master-371812.54260510334.m3u8"
    },
    {
      "title": "Lecture 22: Armstrong number using While loop | reverse number | sum of digits",
      "url": "https://appx-transcoded-videos-mcdn.akamai.net.in/videos/codingseekho-data/1925344-1707776535/hls-893e42/720p/master-1035739.8332812595.m3u8"
    },
    {
      "title": "Lecture 21: Armstrong Number | Fibonacci Series | C Langauge",
      "url": "https://appx-transcoded-videos-mcdn.akamai.net.in/videos/codingseekho-data/1925348-1707776562/hls-1ba642/720p/master-5702187.782318962.m3u8"
    },
    {
      "title": "Lecture 20: Prime Number Full Program | Range of Prime Numbers",
      "url": "https://appx-transcoded-videos-mcdn.akamai.net.in/videos/codingseekho-data/1925349-1707776569/hls-e34f3c/720p/master-8002531.409847136.m3u8"
    },
    {
      "title": "Lecture 19: C Language | Structure and Union",
      "url": "https://appx-transcoded-videos-mcdn.akamai.net.in/videos/codingseekho-data/1925350-1707776576/hls-c33c29/720p/master-3245794.5991379367.m3u8"
    },
    {
      "title": "Premium Live Course: Mastering C Programming: From Beginner to Expert",
      "url": "https://appx-transcoded-videos-mcdn.akamai.net.in/videos/codingseekho-data/1925354-1707776604/hls-3fa08c/720p/master-6026638.098936188.m3u8"
    },
    {
      "title": "Premium Live Course: Mastering C Programming: From Beginner to Expert",
      "url": "https://appx-transcoded-videos-mcdn.akamai.net.in/videos/codingseekho-data/1925355-1707776611/hls-da6182/720p/master-8300310.916370379.m3u8"
    },
    {
      "title": "Lecture 16: While Loop in C | do while loop | Switch Case",
      "url": "https://appx-transcoded-videos-mcdn.akamai.net.in/videos/codingseekho-data/1925356-1707776617/hls-608c48/720p/master-1255404.8762263115.m3u8"
    },
    {
      "title": "Premium Live Course: Mastering C Programming: From Beginner to Expert",
      "url": "https://appx-transcoded-videos-mcdn.akamai.net.in/videos/codingseekho-data/1925357-1707776624/hls-c535e4/720p/master-3401409.4246105175.m3u8"
    },
    {
      "title": "Lecture 14: For Loop Examples | Arrays | 2D Arrays Examples in C | by Vikas Singh",
      "url": "https://appx-transcoded-videos-mcdn.akamai.net.in/videos/codingseekho-data/1925358-1707776631/hls-0e1f06/720p/master-3064369.5212872466.m3u8"
    },
    {
      "title": "Lecture 1_ Demo _ Zero to Hero Batch _ C langauge _ CoDing SeeKho _ Vikas Singh",
      "url": "https://appx-transcoded-videos-mcdn.akamai.net.in/videos/codingseekho-data/1925032-1707773091/hls-0ac5a5/720p/master-3782559.75338891.m3u8"
    },
    {
      "title": "Lecture 2A_ C Language _ Software Download _ First Program _ printf function",
      "url": "https://appx-transcoded-videos-mcdn.akamai.net.in/videos/codingseekho-data/1925033-1707773098/hls-669cfe/720p/master-5590053.975527798.m3u8"
    },
    {
      "title": "Lecture 2B _ C Languege _ printf %d integers in C _ Vikas Singh",
      "url": "https://appx-transcoded-videos-mcdn.akamai.net.in/videos/codingseekho-data/1925034-1707773105/hls-a59a5b/720p/master-1921866.1246352142.m3u8"
    },
    {
      "title": "Lecture 3 | printf | data types and how to print %d %f %c",
      "url": "https://appx-transcoded-videos-mcdn.akamai.net.in/videos/codingseekho-data/1925035-1707773112/hls-d0b289/720p/master-3323847.2832778166.m3u8"
    },
    {
      "title": "Lecture 4 | Area of circle | Header files | Rectangle | Temprature Program",
      "url": "https://appx-transcoded-videos-mcdn.akamai.net.in/videos/codingseekho-data/1925036-1707773120/hls-b483fb/720p/master-5313026.169011832.m3u8"
    },
    {
      "title": "Lecture 5 | Functions part-1 | Types | Call by Value",
      "url": "https://appx-transcoded-videos-mcdn.akamai.net.in/videos/codingseekho-data/1925037-1707773127/hls-f314d5/720p/master-1159604.265863039.m3u8"
    },
    {
      "title": "Lecture 6: Pointers in C | TurboC Software | address of operator",
      "url": "https://appx-transcoded-videos-mcdn.akamai.net.in/videos/codingseekho-data/1925038-1707773134/hls-49d693/720p/master-5451666.1748001585.m3u8"
    },
    {
      "title": "Lecture 7: Pointers Part-2 | Using Codeblocks | Double Pointers",
      "url": "https://appx-transcoded-videos-mcdn.akamai.net.in/videos/codingseekho-data/1925039-1707773234/hls-f45750/720p/master-4614559.958336126.m3u8"
    },
    {
      "title": "Lecture 8 : Functions Part-2 | Call by Reference",
      "url": "https://appx-transcoded-videos-mcdn.akamai.net.in/videos/codingseekho-data/1925040-1707773241/hls-62e90f/720p/master-4379400.1759706335.m3u8"
    },
    {
      "title": "Lecture 9: Conditional Statement | if | if else | if else if else statement",
      "url": "https://appx-transcoded-videos-mcdn.akamai.net.in/videos/codingseekho-data/1925041-1707773247/hls-327122/720p/master-6156660.990519664.m3u8"
    },
    {
      "title": "Lecture 10: max of 3 numbers | vowels | Even-Odd Numbers | programs",
      "url": "https://appx-transcoded-videos-mcdn.akamai.net.in/videos/codingseekho-data/1925042-1707773254/hls-c6597f/720p/master-9616593.126140127.m3u8"
    },
    {
      "title": "Lecture 11: %d vs %i | VS Code Installation | nested for loop | by Vikas Singh",
      "url": "https://appx-transcoded-videos-mcdn.akamai.net.in/videos/codingseekho-data/1925043-1707773261/hls-893dbe/720p/master-9911371.16312216.m3u8"
    },
    {
      "title": "Lecture 12: Arrays | Types | Using for loop | Percentage Zero to Hero Course by Prof. Vikas Singh",
      "url": "https://appx-transcoded-videos-mcdn.akamai.net.in/videos/codingseekho-data/1925044-1707773268/hls-090b64/720p/master-2290911.0049258266.m3u8"
    }
  ],
  "whatYouWillLearn": [
    "Master C programming fundamentals and memory management",
    "Understand pointers, structures, and file handling",
    "Learn advanced C concepts and optimization techniques",
    "Master debugging and testing in C programming",
    "Understand system programming and low-level operations",
    "Solve complex programming problems using C"
  ],
  "requirements": [
    "Basic computer knowledge",
    "Internet connection for video streaming",
    "Code editor (VS Code recommended)",
    "Motivation to learn and practice"
  ],
  "rating": {
    "average": 4.2,
    "count": 177,
    "breakdown": {
      "1": 5,
      "2": 8,
      "3": 16,
      "4": 142,
      "5": 339
    }
  },
  "duration": "12h 2m",
  "level": "Intermediate",
  "language": "Hindi",
  "studentsEnrolled": 546,
  "lastUpdated": "2025-10-20",
  "features": [
    "Lifetime Access",
    "Certificate of Completion",
    "Mobile and Desktop Access",
    "Downloadable Resources",
    "Community Support"
  ],
  "teacherId": "coding-seekhho"
}