{
  "courseName": "SIGMA-9-CPP",
  "coursecategory": "dsa",
  "viewtype": "both",
  "des": "SIGMA-9 CPP DSA by Apna college video tutorials and hands-on projects.",
  "imageofcourse": "https://i.ytimg.com/vi/xWSpo2lFfUw/hq720.jpg?sqp=-oaymwEhCK4FEIIDSFryq4qpAxMIARUAAAAAGAElAADIQj0AgKJD&rs=AOn4CLDl2k1at5CjSKMJ_XCNBaQvV4EJXQ",
  "audio": "english",
  "cost": 0,
  "videoType": "wistia",
  "subsection": [
    "sigma",
    "apna-college",
    "shradha-khapra"
  ],
  "redirecturl": "https://fast.wistia.com/embed/medias/nf50w48noz.m3u8",
  "rank": "medium",
  "videos": [
    {
      "title": "How to verify on Discord?",
      "url": "https://fast.wistia.com/embed/medias/nf50w48noz.m3u8"
    },
    {
      "title": "Orientation Session (Recording)",
      "url": "https://fast.wistia.com/embed/medias/sqtgiban54.m3u8"
    },
    {
      "title": "Extra Live Session 1 (Recording)",
      "url": "https://fast.wistia.com/embed/medias/jmjeb8u8et.m3u8"
    },
    {
      "title": "Extra Live Session 2 (Recording)",
      "url": "https://fast.wistia.com/embed/medias/sj3hq8c70p.m3u8"
    },
    {
      "title": "Extra Live Session 3 (Recording)",
      "url": "https://fast.wistia.com/embed/medias/z8sljpw023.m3u8"
    },
    {
      "title": "Linkedin Mentorship Session (with Aman Sir)",
      "url": "https://fast.wistia.com/embed/medias/vtibam82u6.m3u8"
    },
    {
      "title": "Coding Platforms Mentorship Session",
      "url": "https://fast.wistia.com/embed/medias/fcdembsbta.m3u8"
    },
    {
      "title": "Projects Mentorship Session",
      "url": "https://fast.wistia.com/embed/medias/pfpjf2b7it.m3u8"
    },
    {
      "title": "Resume Building Mentorship Session",
      "url": "https://fast.wistia.com/embed/medias/yp8s5ckt53.m3u8"
    },
    {
      "title": "Aman Sir's session for 1st year",
      "url": "https://fast.wistia.com/embed/medias/y7i29k0nnw.m3u8"
    },
    {
      "title": "Off-Campus Mentorship Session",
      "url": "https://fast.wistia.com/embed/medias/qukknxlv0y.m3u8"
    },
    {
      "title": "Special Mentorship Session by Aman Sir",
      "url": "https://fast.wistia.com/embed/medias/h9000nw192.m3u8"
    },
    {
      "title": "Message from the Teacher",
      "url": "https://fast.wistia.com/embed/medias/abwboh36t8.m3u8"
    },
    {
      "title": "Placements & Internships",
      "url": "https://fast.wistia.com/embed/medias/3u4uh30u69.m3u8"
    },
    {
      "title": "About the Lectures",
      "url": "https://fast.wistia.com/embed/medias/0gumrkdg8r.m3u8"
    },
    {
      "title": "Pre-requisites",
      "url": "https://fast.wistia.com/embed/medias/zl1iu1r5ij.m3u8"
    },
    {
      "title": "What to Install?",
      "url": "https://fast.wistia.com/embed/medias/s3kifwrq6n.m3u8"
    },
    {
      "title": "Using Replit",
      "url": "https://fast.wistia.com/embed/medias/l3c8mn06g4.m3u8"
    },
    {
      "title": "For Mac Users - Setting up C++",
      "url": "https://fast.wistia.com/embed/medias/p74o2pkiiz.m3u8"
    },
    {
      "title": "Using VS Code",
      "url": "https://fast.wistia.com/embed/medias/s68r1rlwkd.m3u8"
    },
    {
      "title": "What are Flowcharts?",
      "url": "https://fast.wistia.com/embed/medias/kglw3l507d.m3u8"
    },
    {
      "title": "Components of Flowchart",
      "url": "https://fast.wistia.com/embed/medias/6tjylgikze.m3u8"
    },
    {
      "title": "Sum of 2 Numbers",
      "url": "https://fast.wistia.com/embed/medias/ntie0blcn5.m3u8"
    },
    {
      "title": "Calculate Simple Interest",
      "url": "https://fast.wistia.com/embed/medias/0tw39c6syj.m3u8"
    },
    {
      "title": "Max of 2 Numbers",
      "url": "https://fast.wistia.com/embed/medias/y925bbrtv4.m3u8"
    },
    {
      "title": "Print N Natural Numbers",
      "url": "https://fast.wistia.com/embed/medias/17eckvqdc4.m3u8"
    },
    {
      "title": "Sum of N Natural Numbers",
      "url": "https://fast.wistia.com/embed/medias/axobv7k4tp.m3u8"
    },
    {
      "title": "Boilerplate Code in C++",
      "url": "https://fast.wistia.com/embed/medias/o7yffa0n56.m3u8"
    },
    {
      "title": "How does code run?",
      "url": "https://fast.wistia.com/embed/medias/co5ipmy8n8.m3u8"
    },
    {
      "title": "Preprocessor Directive",
      "url": "https://fast.wistia.com/embed/medias/1nxf4f8bfk.m3u8"
    },
    {
      "title": "Main Function in C++",
      "url": "https://fast.wistia.com/embed/medias/rk2yk97p13.m3u8"
    },
    {
      "title": "What is Namespace?",
      "url": "https://fast.wistia.com/embed/medias/pr6x81ogih.m3u8"
    },
    {
      "title": "Output in C++",
      "url": "https://fast.wistia.com/embed/medias/7z96ct3frj.m3u8"
    },
    {
      "title": "Print the Pattern",
      "url": "https://fast.wistia.com/embed/medias/lcy5h8ihm0.m3u8"
    },
    {
      "title": "Variables in C++",
      "url": "https://fast.wistia.com/embed/medias/yg2fhxw36g.m3u8"
    },
    {
      "title": "Naming Conventions",
      "url": "https://fast.wistia.com/embed/medias/0mvajqc5ez.m3u8"
    },
    {
      "title": "Identify Valid Names",
      "url": "https://fast.wistia.com/embed/medias/go32zvrv09.m3u8"
    },
    {
      "title": "Data Types in C++",
      "url": "https://fast.wistia.com/embed/medias/2cjjswloau.m3u8"
    },
    {
      "title": "Comments",
      "url": "https://fast.wistia.com/embed/medias/joyeyl58nc.m3u8"
    },
    {
      "title": "Input in C++",
      "url": "https://fast.wistia.com/embed/medias/ep8vtbtyy0.m3u8"
    },
    {
      "title": "Print Average Marks",
      "url": "https://fast.wistia.com/embed/medias/c12pq08h8k.m3u8"
    },
    {
      "title": "Constants",
      "url": "https://fast.wistia.com/embed/medias/fnsle0gugp.m3u8"
    },
    {
      "title": "Implicit Type Conversion",
      "url": "https://fast.wistia.com/embed/medias/i3clnsrs91.m3u8"
    },
    {
      "title": "Explicit Typecasting",
      "url": "https://fast.wistia.com/embed/medias/yw29g8hrj8.m3u8"
    },
    {
      "title": "Practice Qs",
      "url": "https://fast.wistia.com/embed/medias/5vie3t6rt3.m3u8"
    },
    {
      "title": "Arithmetic Operators",
      "url": "https://fast.wistia.com/embed/medias/6x0o398nog.m3u8"
    },
    {
      "title": "Unary Arithmetic Operators",
      "url": "https://fast.wistia.com/embed/medias/v6435th9xe.m3u8"
    },
    {
      "title": "Assignment Operators",
      "url": "https://fast.wistia.com/embed/medias/vi4huscgde.m3u8"
    },
    {
      "title": "Relational Operators",
      "url": "https://fast.wistia.com/embed/medias/d8hpulpvqe.m3u8"
    },
    {
      "title": "Logical Operators",
      "url": "https://fast.wistia.com/embed/medias/m527vhrbwb.m3u8"
    },
    {
      "title": "If else Statements",
      "url": "https://fast.wistia.com/embed/medias/i12bcx9bzr.m3u8"
    },
    {
      "title": "Practice Qs",
      "url": "https://fast.wistia.com/embed/medias/y08tf3851v.m3u8"
    },
    {
      "title": "Else if Statements",
      "url": "https://fast.wistia.com/embed/medias/2ltcfyitwd.m3u8"
    },
    {
      "title": "Practice Qs",
      "url": "https://fast.wistia.com/embed/medias/6nbrmva1ep.m3u8"
    },
    {
      "title": "Practice Qs",
      "url": "https://fast.wistia.com/embed/medias/kelazdmrbr.m3u8"
    },
    {
      "title": "Ternary Operator",
      "url": "https://fast.wistia.com/embed/medias/8j0fop8m4o.m3u8"
    },
    {
      "title": "Switch Statement",
      "url": "https://fast.wistia.com/embed/medias/hbfeaza7we.m3u8"
    },
    {
      "title": "Build a Calculator",
      "url": "https://fast.wistia.com/embed/medias/4cl9qiolws.m3u8"
    },
    {
      "title": "for Loop (in Detail)",
      "url": "https://fast.wistia.com/embed/medias/6naqinwkcu.m3u8"
    },
    {
      "title": "Print \"apna college\"",
      "url": "https://fast.wistia.com/embed/medias/ndxbn9rt8n.m3u8"
    },
    {
      "title": "Print N Natural Numbers",
      "url": "https://fast.wistia.com/embed/medias/rj8omz0g9v.m3u8"
    },
    {
      "title": "Sum of N Natural Numbers",
      "url": "https://fast.wistia.com/embed/medias/qoh20pg1cb.m3u8"
    },
    {
      "title": "while Loop",
      "url": "https://fast.wistia.com/embed/medias/o4ye8cda1a.m3u8"
    },
    {
      "title": "Practice Qs",
      "url": "https://fast.wistia.com/embed/medias/hw8ekewtt4.m3u8"
    },
    {
      "title": "Practice Qs",
      "url": "https://fast.wistia.com/embed/medias/sngzwl0m6m.m3u8"
    },
    {
      "title": "do while Loop",
      "url": "https://fast.wistia.com/embed/medias/zkxnzz2cwx.m3u8"
    },
    {
      "title": "break Statement",
      "url": "https://fast.wistia.com/embed/medias/1d8b9p9qwc.m3u8"
    },
    {
      "title": "Practice Qs (break)",
      "url": "https://fast.wistia.com/embed/medias/mgxozg8w49.m3u8"
    },
    {
      "title": "continue Statement",
      "url": "https://fast.wistia.com/embed/medias/njitpjebk7.m3u8"
    },
    {
      "title": "Practice Qs (continue)",
      "url": "https://fast.wistia.com/embed/medias/ikbt4kw8mx.m3u8"
    },
    {
      "title": "Check for Prime",
      "url": "https://fast.wistia.com/embed/medias/a4fwdyhj12.m3u8"
    },
    {
      "title": "Check for Prime (Optimized)",
      "url": "https://fast.wistia.com/embed/medias/iee7qirc2f.m3u8"
    },
    {
      "title": "Nested Loops",
      "url": "https://fast.wistia.com/embed/medias/lmrxwzta0w.m3u8"
    },
    {
      "title": "Nested Loops (Dry Run)",
      "url": "https://fast.wistia.com/embed/medias/fmfzrygdwx.m3u8"
    },
    {
      "title": "Star Pattern",
      "url": "https://fast.wistia.com/embed/medias/m93vbtqyz2.m3u8"
    },
    {
      "title": "Inverted Star Pattern",
      "url": "https://fast.wistia.com/embed/medias/d6ku7qd92s.m3u8"
    },
    {
      "title": "Half Pyramid Pattern",
      "url": "https://fast.wistia.com/embed/medias/cl7s9pluc8.m3u8"
    },
    {
      "title": "Character Pyramid Pattern",
      "url": "https://fast.wistia.com/embed/medias/3mj0ln557x.m3u8"
    },
    {
      "title": "Hollow Rectangle Pattern",
      "url": "https://fast.wistia.com/embed/medias/rxbkbgvy8g.m3u8"
    },
    {
      "title": "Inverted & Rotated Half-Pyramid Pattern",
      "url": "https://fast.wistia.com/embed/medias/gizq32pnhc.m3u8"
    },
    {
      "title": "Floyd's Triangle Pattern",
      "url": "https://fast.wistia.com/embed/medias/hnb8dtdu14.m3u8"
    },
    {
      "title": "Diamond Pattern",
      "url": "https://fast.wistia.com/embed/medias/0ss5aizwp9.m3u8"
    },
    {
      "title": "Butterfly Pattern",
      "url": "https://fast.wistia.com/embed/medias/jp7db5y851.m3u8"
    },
    {
      "title": "What are Functions?",
      "url": "https://fast.wistia.com/embed/medias/0rye5z55q4.m3u8"
    },
    {
      "title": "Forward Declaration",
      "url": "https://fast.wistia.com/embed/medias/onchwats9j.m3u8"
    },
    {
      "title": "Syntax with Parameters",
      "url": "https://fast.wistia.com/embed/medias/14jkc994ad.m3u8"
    },
    {
      "title": "Practice Qs",
      "url": "https://fast.wistia.com/embed/medias/z7uq7deazc.m3u8"
    },
    {
      "title": "Practice Qs (Factorial)",
      "url": "https://fast.wistia.com/embed/medias/c6xvyo8nyb.m3u8"
    },
    {
      "title": "Function call in Memory",
      "url": "https://fast.wistia.com/embed/medias/4dvugjwzif.m3u8"
    },
    {
      "title": "Scope (Local & Global)",
      "url": "https://fast.wistia.com/embed/medias/9al12onk6w.m3u8"
    },
    {
      "title": "Practice Qs (Prime Number)",
      "url": "https://fast.wistia.com/embed/medias/pwjmhy6ztl.m3u8"
    },
    {
      "title": "Practice Qs (Binomial Coefficient)",
      "url": "https://fast.wistia.com/embed/medias/hdvaeuzk5d.m3u8"
    },
    {
      "title": "Function Overloading",
      "url": "https://fast.wistia.com/embed/medias/xvjyj7z27b.m3u8"
    },
    {
      "title": "Practice Qs (Primes in Range)",
      "url": "https://fast.wistia.com/embed/medias/7ymovmf8gz.m3u8"
    },
    {
      "title": "What is Binary Number System?",
      "url": "https://fast.wistia.com/embed/medias/kjermet4gr.m3u8"
    },
    {
      "title": "Convert Binary to Decimal",
      "url": "https://fast.wistia.com/embed/medias/jmc97t9m5z.m3u8"
    },
    {
      "title": "Convert Decimal to Binary",
      "url": "https://fast.wistia.com/embed/medias/rtli2vnr0y.m3u8"
    },
    {
      "title": "Question (Decimal to Binary)",
      "url": "https://fast.wistia.com/embed/medias/50f1p6qenx.m3u8"
    },
    {
      "title": "Common Numbers in Binary",
      "url": "https://fast.wistia.com/embed/medias/nfmcnhdok2.m3u8"
    },
    {
      "title": "Data Type Modifiers",
      "url": "https://fast.wistia.com/embed/medias/8x5bg625zy.m3u8"
    },
    {
      "title": "Binary to Decimal (Code)",
      "url": "https://fast.wistia.com/embed/medias/h1xud0hqx4.m3u8"
    },
    {
      "title": "Decimal to Binary (Code)",
      "url": "https://fast.wistia.com/embed/medias/wgk8whf0kj.m3u8"
    },
    {
      "title": "Basic Concepts of Memory",
      "url": "https://fast.wistia.com/embed/medias/joenqb8da7.m3u8"
    },
    {
      "title": "AddressOf (&) Operator",
      "url": "https://fast.wistia.com/embed/medias/j1wqc9fzcd.m3u8"
    },
    {
      "title": "What are Pointers?",
      "url": "https://fast.wistia.com/embed/medias/kto7p7ooxn.m3u8"
    },
    {
      "title": "Dereference Operator",
      "url": "https://fast.wistia.com/embed/medias/9e1qs7n1ym.m3u8"
    },
    {
      "title": "Null Pointers",
      "url": "https://fast.wistia.com/embed/medias/50fjqafcjz.m3u8"
    },
    {
      "title": "Passing Arguments (Value vs Reference)",
      "url": "https://fast.wistia.com/embed/medias/u8s313xxtl.m3u8"
    },
    {
      "title": "Reference Variables",
      "url": "https://fast.wistia.com/embed/medias/enfuyba8dc.m3u8"
    },
    {
      "title": "Practice Qs",
      "url": "https://fast.wistia.com/embed/medias/lieqs6a7lr.m3u8"
    },
    {
      "title": "Practice Qs",
      "url": "https://fast.wistia.com/embed/medias/0e7w3ugsgn.m3u8"
    },
    {
      "title": "Basics of Array",
      "url": "https://fast.wistia.com/embed/medias/k7sbxtjcwa.m3u8"
    },
    {
      "title": "Creating an Array",
      "url": "https://fast.wistia.com/embed/medias/b3k8ug8q58.m3u8"
    },
    {
      "title": "Output & Input Array",
      "url": "https://fast.wistia.com/embed/medias/bnpgw5eooj.m3u8"
    },
    {
      "title": "Find Largest in Array",
      "url": "https://fast.wistia.com/embed/medias/b98d1pinsx.m3u8"
    },
    {
      "title": "Arrays are passed by Reference",
      "url": "https://fast.wistia.com/embed/medias/nakxxc0ggy.m3u8"
    },
    {
      "title": "Linear Search",
      "url": "https://fast.wistia.com/embed/medias/qb42vji6sj.m3u8"
    },
    {
      "title": "Reverse an Array",
      "url": "https://fast.wistia.com/embed/medias/zdjzh6da5y.m3u8"
    },
    {
      "title": "Binary Search",
      "url": "https://fast.wistia.com/embed/medias/whr04yw01x.m3u8"
    },
    {
      "title": "Binary Search Code",
      "url": "https://fast.wistia.com/embed/medias/xcb0m2i4uv.m3u8"
    },
    {
      "title": "Binary Search (Time Complexity)",
      "url": "https://fast.wistia.com/embed/medias/v5ui6nmpbr.m3u8"
    },
    {
      "title": "Array Pointer",
      "url": "https://fast.wistia.com/embed/medias/s2uri1i9u7.m3u8"
    },
    {
      "title": "Pointer Arithmetic 1",
      "url": "https://fast.wistia.com/embed/medias/iqyh2hu66e.m3u8"
    },
    {
      "title": "Pointer Arithmetic 2",
      "url": "https://fast.wistia.com/embed/medias/t1pqrcjq4a.m3u8"
    },
    {
      "title": "Pointer Arithmetic 3",
      "url": "https://fast.wistia.com/embed/medias/j622132ljm.m3u8"
    },
    {
      "title": "Pointer Arithmetic 4",
      "url": "https://fast.wistia.com/embed/medias/yfuva5x231.m3u8"
    },
    {
      "title": "Print Subarrays",
      "url": "https://fast.wistia.com/embed/medias/3ju79ye8vf.m3u8"
    },
    {
      "title": "Max Sum Subarray (Brute Force)",
      "url": "https://fast.wistia.com/embed/medias/ms69df4ra9.m3u8"
    },
    {
      "title": "Max Sum Subarray (Slightly Optimized)",
      "url": "https://fast.wistia.com/embed/medias/kg7grnpz7w.m3u8"
    },
    {
      "title": "Kadane's Algorithm for Max Sum Subarray",
      "url": "https://fast.wistia.com/embed/medias/jbfry5icdm.m3u8"
    },
    {
      "title": "Buy & Sell Stocks",
      "url": "https://fast.wistia.com/embed/medias/dy58k6mzlj.m3u8"
    },
    {
      "title": "Buy & Sell Stocks (Code)",
      "url": "https://fast.wistia.com/embed/medias/shqheowc9o.m3u8"
    },
    {
      "title": "Trapping Rainwater",
      "url": "https://fast.wistia.com/embed/medias/jeamqalc80.m3u8"
    },
    {
      "title": "Trapping Rainwater (Code)",
      "url": "https://fast.wistia.com/embed/medias/nkg91k3ioc.m3u8"
    },
    {
      "title": "Bubble Sort",
      "url": "https://fast.wistia.com/embed/medias/yig3u4p150.m3u8"
    },
    {
      "title": "Bubble Sort (Code)",
      "url": "https://fast.wistia.com/embed/medias/yg7cd27gic.m3u8"
    },
    {
      "title": "Selection Sort",
      "url": "https://fast.wistia.com/embed/medias/81zyslgu0o.m3u8"
    },
    {
      "title": "Selection Sort (Code)",
      "url": "https://fast.wistia.com/embed/medias/3rdbxak31p.m3u8"
    },
    {
      "title": "Insertion Sort",
      "url": "https://fast.wistia.com/embed/medias/ktpb278zx7.m3u8"
    },
    {
      "title": "Insertion Sort (Code)",
      "url": "https://fast.wistia.com/embed/medias/cky300wb20.m3u8"
    },
    {
      "title": "Counting Sort",
      "url": "https://fast.wistia.com/embed/medias/7jqgsxe79j.m3u8"
    },
    {
      "title": "Counting Sort (Code)",
      "url": "https://fast.wistia.com/embed/medias/vl4uyghrcr.m3u8"
    },
    {
      "title": "In-built Sort in C++",
      "url": "https://fast.wistia.com/embed/medias/fvl0eik4ko.m3u8"
    },
    {
      "title": "Practice Qs",
      "url": "https://fast.wistia.com/embed/medias/e14epc61pt.m3u8"
    },
    {
      "title": "Introduction to 2D Arrays",
      "url": "https://fast.wistia.com/embed/medias/8lxttidbue.m3u8"
    },
    {
      "title": "Input & Output a 2D Array",
      "url": "https://fast.wistia.com/embed/medias/sob4yiph5w.m3u8"
    },
    {
      "title": "2D Arrays in Memory",
      "url": "https://fast.wistia.com/embed/medias/ewi91tu4r9.m3u8"
    },
    {
      "title": "Spiral Matrix",
      "url": "https://fast.wistia.com/embed/medias/fsdar0wrlo.m3u8"
    },
    {
      "title": "Spiral Matrix (Code)",
      "url": "https://fast.wistia.com/embed/medias/e3ty50s55e.m3u8"
    },
    {
      "title": "Diagonal Sum",
      "url": "https://fast.wistia.com/embed/medias/8b2ejb51ap.m3u8"
    },
    {
      "title": "Diagonal Sum (Code)",
      "url": "https://fast.wistia.com/embed/medias/yqzwinte3f.m3u8"
    },
    {
      "title": "Search in Sorted Matrix",
      "url": "https://fast.wistia.com/embed/medias/598ud3w4lg.m3u8"
    },
    {
      "title": "Search in Sorted Matrix (Code)",
      "url": "https://fast.wistia.com/embed/medias/ipesu27f0i.m3u8"
    },
    {
      "title": "Matrix Pointers",
      "url": "https://fast.wistia.com/embed/medias/3g43axc6bb.m3u8"
    },
    {
      "title": "Matrix Pointers in Functions",
      "url": "https://fast.wistia.com/embed/medias/gnzlpb8izq.m3u8"
    },
    {
      "title": "Revisit Char Data Type",
      "url": "https://fast.wistia.com/embed/medias/vyaovk1a7l.m3u8"
    },
    {
      "title": "Character Array",
      "url": "https://fast.wistia.com/embed/medias/uc1ce971q6.m3u8"
    },
    {
      "title": "Input Char Array",
      "url": "https://fast.wistia.com/embed/medias/hdf6scqvb4.m3u8"
    },
    {
      "title": "Convert to UpperCase",
      "url": "https://fast.wistia.com/embed/medias/d698vk8x9y.m3u8"
    },
    {
      "title": "Reverse a Char Array",
      "url": "https://fast.wistia.com/embed/medias/7ojr5kbzw7.m3u8"
    },
    {
      "title": "Valid Palindrome",
      "url": "https://fast.wistia.com/embed/medias/3v2vnk0a3h.m3u8"
    },
    {
      "title": "cstring Functions",
      "url": "https://fast.wistia.com/embed/medias/2j1l42qbz5.m3u8"
    },
    {
      "title": "OOPs Intro (for Strings)",
      "url": "https://fast.wistia.com/embed/medias/bis31ebi24.m3u8"
    },
    {
      "title": "C++ Strings",
      "url": "https://fast.wistia.com/embed/medias/dptfghcwj2.m3u8"
    },
    {
      "title": "for each Loop",
      "url": "https://fast.wistia.com/embed/medias/5jaqmcv186.m3u8"
    },
    {
      "title": "String Member Functions",
      "url": "https://fast.wistia.com/embed/medias/678m9f5nky.m3u8"
    },
    {
      "title": "Valid Anagram",
      "url": "https://fast.wistia.com/embed/medias/rgjysres24.m3u8"
    },
    {
      "title": "Valid Anagram (Code)",
      "url": "https://fast.wistia.com/embed/medias/mva9b9zu5o.m3u8"
    },
    {
      "title": "Creating a Dynamic Array",
      "url": "https://fast.wistia.com/embed/medias/350vyvie0u.m3u8"
    },
    {
      "title": "Dynamic Memory Allocation",
      "url": "https://fast.wistia.com/embed/medias/79jirbmgiw.m3u8"
    },
    {
      "title": "Static v/s Dynamic Allocation",
      "url": "https://fast.wistia.com/embed/medias/ew77esgeyn.m3u8"
    },
    {
      "title": "Memory Leak",
      "url": "https://fast.wistia.com/embed/medias/pxd7wtty2j.m3u8"
    },
    {
      "title": "2D Dynamic Arrays",
      "url": "https://fast.wistia.com/embed/medias/irle63sfic.m3u8"
    },
    {
      "title": "What is STL?",
      "url": "https://fast.wistia.com/embed/medias/4rhxnsshn3.m3u8"
    },
    {
      "title": "Vector Introduction",
      "url": "https://fast.wistia.com/embed/medias/6a1zufzeyq.m3u8"
    },
    {
      "title": "Vector Implementation in Memory",
      "url": "https://fast.wistia.com/embed/medias/si75ddov8j.m3u8"
    },
    {
      "title": "Pair Sum",
      "url": "https://fast.wistia.com/embed/medias/mjxmcrlbcn.m3u8"
    },
    {
      "title": "2D Vectors",
      "url": "https://fast.wistia.com/embed/medias/4rvt2reex1.m3u8"
    },
    {
      "title": "Practice Qs",
      "url": "https://fast.wistia.com/embed/medias/100ly3m2ot.m3u8"
    },
    {
      "title": "Bitwise Operators",
      "url": "https://fast.wistia.com/embed/medias/lmwi0wel80.m3u8"
    },
    {
      "title": "One's Complement",
      "url": "https://fast.wistia.com/embed/medias/9rtua84bbd.m3u8"
    },
    {
      "title": "Bitwise Shift Operators",
      "url": "https://fast.wistia.com/embed/medias/ug4h8iixtw.m3u8"
    },
    {
      "title": "Practice Qs",
      "url": "https://fast.wistia.com/embed/medias/hbuxq2u3it.m3u8"
    },
    {
      "title": "Check if Odd or Even",
      "url": "https://fast.wistia.com/embed/medias/76wr81l2j7.m3u8"
    },
    {
      "title": "Get ith Bit",
      "url": "https://fast.wistia.com/embed/medias/ls95yxtazo.m3u8"
    },
    {
      "title": "Set ith Bit",
      "url": "https://fast.wistia.com/embed/medias/l3r5cfk0gt.m3u8"
    },
    {
      "title": "Clear ith Bit",
      "url": "https://fast.wistia.com/embed/medias/4w70tfq3g4.m3u8"
    },
    {
      "title": "Check for Power of 2",
      "url": "https://fast.wistia.com/embed/medias/mcw6ntd87a.m3u8"
    },
    {
      "title": "Update ith Bit",
      "url": "https://fast.wistia.com/embed/medias/h01gbefrjo.m3u8"
    },
    {
      "title": "Clear Last i Bits",
      "url": "https://fast.wistia.com/embed/medias/l3lgu5rk8d.m3u8"
    },
    {
      "title": "Count Set Bits",
      "url": "https://fast.wistia.com/embed/medias/ars791w3du.m3u8"
    },
    {
      "title": "Fast Exponentiation",
      "url": "https://fast.wistia.com/embed/medias/dtc6ch1q0j.m3u8"
    },
    {
      "title": "Fast Exponentiation (Code)",
      "url": "https://fast.wistia.com/embed/medias/91s5658p5m.m3u8"
    },
    {
      "title": "Classes & Objects",
      "url": "https://fast.wistia.com/embed/medias/26dyud9iud.m3u8"
    },
    {
      "title": "Access Modifiers",
      "url": "https://fast.wistia.com/embed/medias/tb465a0hgo.m3u8"
    },
    {
      "title": "Getters & Setters",
      "url": "https://fast.wistia.com/embed/medias/7z2xpeeqj3.m3u8"
    },
    {
      "title": "Encapsulation",
      "url": "https://fast.wistia.com/embed/medias/uuk6546jus.m3u8"
    },
    {
      "title": "Constructor",
      "url": "https://fast.wistia.com/embed/medias/lt0su0fft1.m3u8"
    },
    {
      "title": "Practice Qs",
      "url": "https://fast.wistia.com/embed/medias/eezjnpcjq5.m3u8"
    },
    {
      "title": "Copy Constructor",
      "url": "https://fast.wistia.com/embed/medias/5k8e6aj1uy.m3u8"
    },
    {
      "title": "Shallow & Deep Copy",
      "url": "https://fast.wistia.com/embed/medias/4r1rx6v6kk.m3u8"
    },
    {
      "title": "Destructor",
      "url": "https://fast.wistia.com/embed/medias/msqozsxquk.m3u8"
    },
    {
      "title": "Inheritance",
      "url": "https://fast.wistia.com/embed/medias/cbrjh7clkf.m3u8"
    },
    {
      "title": "Mode of Inheritance",
      "url": "https://fast.wistia.com/embed/medias/1ik2y4swpd.m3u8"
    },
    {
      "title": "Single Inheritance",
      "url": "https://fast.wistia.com/embed/medias/pdgi991ndi.m3u8"
    },
    {
      "title": "Multi-level Inheritance",
      "url": "https://fast.wistia.com/embed/medias/1lyus0mfuv.m3u8"
    },
    {
      "title": "Multiple Inheritance",
      "url": "https://fast.wistia.com/embed/medias/pmnh19b5ri.m3u8"
    },
    {
      "title": "Hierarchical & Hybrid Inheritance",
      "url": "https://fast.wistia.com/embed/medias/ll58ixfgr7.m3u8"
    },
    {
      "title": "Polymorphism",
      "url": "https://fast.wistia.com/embed/medias/swcr64fyt7.m3u8"
    },
    {
      "title": "Function Overloading",
      "url": "https://fast.wistia.com/embed/medias/a3haalhd9y.m3u8"
    },
    {
      "title": "Operator Overloading",
      "url": "https://fast.wistia.com/embed/medias/te151p1eei.m3u8"
    },
    {
      "title": "Function Overriding",
      "url": "https://fast.wistia.com/embed/medias/39u1idlkgk.m3u8"
    },
    {
      "title": "Virtual Functions",
      "url": "https://fast.wistia.com/embed/medias/mw69k64d8g.m3u8"
    },
    {
      "title": "Abstraction",
      "url": "https://fast.wistia.com/embed/medias/14jq0r19y9.m3u8"
    },
    {
      "title": "Pure Virtual Function",
      "url": "https://fast.wistia.com/embed/medias/ahja2epae9.m3u8"
    },
    {
      "title": "Static Keyword",
      "url": "https://fast.wistia.com/embed/medias/w24ur27h3m.m3u8"
    },
    {
      "title": "Static Objects",
      "url": "https://fast.wistia.com/embed/medias/i7p7ccjtrf.m3u8"
    },
    {
      "title": "Friend Functions & Class",
      "url": "https://fast.wistia.com/embed/medias/5yi8cthg11.m3u8"
    },
    {
      "title": "Practice Qs",
      "url": "https://fast.wistia.com/embed/medias/ngl2dolxmm.m3u8"
    },
    {
      "title": "Practice Qs",
      "url": "https://fast.wistia.com/embed/medias/q357rxo0m3.m3u8"
    },
    {
      "title": "What is Recursion?",
      "url": "https://fast.wistia.com/embed/medias/0x52eplbkq.m3u8"
    },
    {
      "title": "Dive Deep into Recursion",
      "url": "https://fast.wistia.com/embed/medias/dncgugi316.m3u8"
    },
    {
      "title": "Recursion in Memory",
      "url": "https://fast.wistia.com/embed/medias/t6msb5mz5q.m3u8"
    },
    {
      "title": "Numbers in Decreasing Order",
      "url": "https://fast.wistia.com/embed/medias/j7eq8zz50i.m3u8"
    },
    {
      "title": "Dry Run with Call Stack",
      "url": "https://fast.wistia.com/embed/medias/p73isftx9d.m3u8"
    },
    {
      "title": "Stack Overflow",
      "url": "https://fast.wistia.com/embed/medias/46vx3hazzg.m3u8"
    },
    {
      "title": "Sum of N Natural Numbers",
      "url": "https://fast.wistia.com/embed/medias/ilre0qpvf6.m3u8"
    },
    {
      "title": "Nth Fibonacci",
      "url": "https://fast.wistia.com/embed/medias/naqgijngnm.m3u8"
    },
    {
      "title": "Nth Fibonacci (Code)",
      "url": "https://fast.wistia.com/embed/medias/b2s06x9i62.m3u8"
    },
    {
      "title": "Check if Array Sorted",
      "url": "https://fast.wistia.com/embed/medias/y0bxhyp3qg.m3u8"
    },
    {
      "title": "First Occurrence",
      "url": "https://fast.wistia.com/embed/medias/i1by3ld4m5.m3u8"
    },
    {
      "title": "Last Occurrence",
      "url": "https://fast.wistia.com/embed/medias/gqmwzmmmo8.m3u8"
    },
    {
      "title": "Print X to the power N",
      "url": "https://fast.wistia.com/embed/medias/d03ay0j69d.m3u8"
    },
    {
      "title": "X to the power N (Code)",
      "url": "https://fast.wistia.com/embed/medias/w1bv64ac3l.m3u8"
    },
    {
      "title": "Tiling Problem",
      "url": "https://fast.wistia.com/embed/medias/cleglwht6j.m3u8"
    },
    {
      "title": "Tiling Problem (Code)",
      "url": "https://fast.wistia.com/embed/medias/q1qldfn7pi.m3u8"
    },
    {
      "title": "Remove Duplicates in String",
      "url": "https://fast.wistia.com/embed/medias/32kuzyt395.m3u8"
    },
    {
      "title": "Remove Duplicates (Code)",
      "url": "https://fast.wistia.com/embed/medias/4oovrrtslk.m3u8"
    },
    {
      "title": "Friends Pairing Problem",
      "url": "https://fast.wistia.com/embed/medias/24q3919e6q.m3u8"
    },
    {
      "title": "Friends Pairing (Code)",
      "url": "https://fast.wistia.com/embed/medias/hzs2lhpp7s.m3u8"
    },
    {
      "title": "Binary Strings Problem",
      "url": "https://fast.wistia.com/embed/medias/eczqt15tzs.m3u8"
    },
    {
      "title": "Binary Strings (Code)",
      "url": "https://fast.wistia.com/embed/medias/mmb2yrgxyu.m3u8"
    },
    {
      "title": "Binary Strings (Dry Run)",
      "url": "https://fast.wistia.com/embed/medias/cd3d50p4j5.m3u8"
    },
    {
      "title": "Merge Sort Algorithm",
      "url": "https://fast.wistia.com/embed/medias/o8ilwnphv3.m3u8"
    },
    {
      "title": "Merge / Combine Step",
      "url": "https://fast.wistia.com/embed/medias/ga874eydn7.m3u8"
    },
    {
      "title": "Merge Sort (Code)",
      "url": "https://fast.wistia.com/embed/medias/tfq71shlgw.m3u8"
    },
    {
      "title": "Merge Sort (Summary)",
      "url": "https://fast.wistia.com/embed/medias/4g33q8cpb4.m3u8"
    },
    {
      "title": "Quick Sort Algorithm",
      "url": "https://fast.wistia.com/embed/medias/ngcrkb80jl.m3u8"
    },
    {
      "title": "Quick Sort (Code)",
      "url": "https://fast.wistia.com/embed/medias/3gdberuku0.m3u8"
    },
    {
      "title": "Worst Case Time Complexity - Quick Sort",
      "url": "https://fast.wistia.com/embed/medias/40gifefs79.m3u8"
    },
    {
      "title": "Search in Rotated Sorted Array",
      "url": "https://fast.wistia.com/embed/medias/6bs1mt6yi5.m3u8"
    },
    {
      "title": "Rotated Sorted (Pseudocode)",
      "url": "https://fast.wistia.com/embed/medias/7r391vfaqc.m3u8"
    },
    {
      "title": "Rotated Sorted (Code)",
      "url": "https://fast.wistia.com/embed/medias/e2f1j95q9t.m3u8"
    },
    {
      "title": "Introduction",
      "url": "https://fast.wistia.com/embed/medias/gr8sf1mpdv.m3u8"
    },
    {
      "title": "What is Time Complexity?",
      "url": "https://fast.wistia.com/embed/medias/9gktsyu5kx.m3u8"
    },
    {
      "title": "Constant Time Complexity",
      "url": "https://fast.wistia.com/embed/medias/zp6bonfoie.m3u8"
    },
    {
      "title": "Big O Notation",
      "url": "https://fast.wistia.com/embed/medias/v4a2fq74me.m3u8"
    },
    {
      "title": "Big O from Functions",
      "url": "https://fast.wistia.com/embed/medias/4xan966lla.m3u8"
    },
    {
      "title": "Big O Math Formula (Optional)",
      "url": "https://fast.wistia.com/embed/medias/rzb2m8nqoe.m3u8"
    },
    {
      "title": "Other Notations",
      "url": "https://fast.wistia.com/embed/medias/hvwppz24bx.m3u8"
    },
    {
      "title": "What is Space Complexity?",
      "url": "https://fast.wistia.com/embed/medias/deaj0fs2s1.m3u8"
    },
    {
      "title": "Common Time Complexities",
      "url": "https://fast.wistia.com/embed/medias/smn1k98u5n.m3u8"
    },
    {
      "title": "Constant & Linear TC",
      "url": "https://fast.wistia.com/embed/medias/k7vks5b0rr.m3u8"
    },
    {
      "title": "Quadratic TC",
      "url": "https://fast.wistia.com/embed/medias/r7p4z8sugw.m3u8"
    },
    {
      "title": "Practice Qs 1",
      "url": "https://fast.wistia.com/embed/medias/dy7xn90n71.m3u8"
    },
    {
      "title": "Practice Qs 2",
      "url": "https://fast.wistia.com/embed/medias/zzgm4bey4p.m3u8"
    },
    {
      "title": "Practice Qs 3",
      "url": "https://fast.wistia.com/embed/medias/ilgey7n3z5.m3u8"
    },
    {
      "title": "Bubble Sort Analysis",
      "url": "https://fast.wistia.com/embed/medias/zwr04gesfv.m3u8"
    },
    {
      "title": "Logarithmic TC (Binary Search Analysis)",
      "url": "https://fast.wistia.com/embed/medias/3lucw82mah.m3u8"
    },
    {
      "title": "O(n) vs O(logn) - Linear vs Log",
      "url": "https://fast.wistia.com/embed/medias/znff0mt2iv.m3u8"
    },
    {
      "title": "Recursion Time Complexity",
      "url": "https://fast.wistia.com/embed/medias/uhalhvuuqi.m3u8"
    },
    {
      "title": "Recursive Sum of N Numbers",
      "url": "https://fast.wistia.com/embed/medias/lm4xtrayaa.m3u8"
    },
    {
      "title": "Recursive Factorial of N",
      "url": "https://fast.wistia.com/embed/medias/fn6kb0rrm3.m3u8"
    },
    {
      "title": "Recursive Nth Fibonacci",
      "url": "https://fast.wistia.com/embed/medias/v7cx7pkdea.m3u8"
    },
    {
      "title": "Merge Sort Analysis",
      "url": "https://fast.wistia.com/embed/medias/r2t5zy2988.m3u8"
    },
    {
      "title": "Power Function Analysis",
      "url": "https://fast.wistia.com/embed/medias/stcl5fak4v.m3u8"
    },
    {
      "title": "Practice Qs",
      "url": "https://fast.wistia.com/embed/medias/kefkrq9nu0.m3u8"
    },
    {
      "title": "How to approach Coding Qs?",
      "url": "https://fast.wistia.com/embed/medias/ly1adm93nu.m3u8"
    },
    {
      "title": "Introduction",
      "url": "https://fast.wistia.com/embed/medias/8z7azeb3xe.m3u8"
    },
    {
      "title": "Backtracking on Arrays",
      "url": "https://fast.wistia.com/embed/medias/z7mcf37955.m3u8"
    },
    {
      "title": "Find Subsets",
      "url": "https://fast.wistia.com/embed/medias/4zdok1faon.m3u8"
    },
    {
      "title": "Find Subsets (Code)",
      "url": "https://fast.wistia.com/embed/medias/xu7i49j3kf.m3u8"
    },
    {
      "title": "Find Permutations",
      "url": "https://fast.wistia.com/embed/medias/jsa83byi9z.m3u8"
    },
    {
      "title": "Find Permutations (Code)",
      "url": "https://fast.wistia.com/embed/medias/65104b0tc9.m3u8"
    },
    {
      "title": "N Queens Qs Discussion",
      "url": "https://fast.wistia.com/embed/medias/3vo40qcaqj.m3u8"
    },
    {
      "title": "N Queens (Approach)",
      "url": "https://fast.wistia.com/embed/medias/cy6jcbfha1.m3u8"
    },
    {
      "title": "isSafe in N Queens (Approach)",
      "url": "https://fast.wistia.com/embed/medias/x006wrlak7.m3u8"
    },
    {
      "title": "N Queens (Time Complexity)",
      "url": "https://fast.wistia.com/embed/medias/tjilfd9tqt.m3u8"
    },
    {
      "title": "N Queens Variations",
      "url": "https://fast.wistia.com/embed/medias/8na8fciu2q.m3u8"
    },
    {
      "title": "Grid Ways",
      "url": "https://fast.wistia.com/embed/medias/p6ir2o9yap.m3u8"
    },
    {
      "title": "Grid Ways (Code)",
      "url": "https://fast.wistia.com/embed/medias/uyeb56fflu.m3u8"
    },
    {
      "title": "Grid Ways (Dry Run)",
      "url": "https://fast.wistia.com/embed/medias/sf1jvhkx3y.m3u8"
    },
    {
      "title": "Grid Ways (Time Complexity)",
      "url": "https://fast.wistia.com/embed/medias/ba57djblgv.m3u8"
    },
    {
      "title": "Grid Ways (Optimization)",
      "url": "https://fast.wistia.com/embed/medias/spfayk3qww.m3u8"
    },
    {
      "title": "Sudoku Solver",
      "url": "https://fast.wistia.com/embed/medias/kdwj2xh2bs.m3u8"
    },
    {
      "title": "Sudoku Solver (Code)",
      "url": "https://fast.wistia.com/embed/medias/yakwftkw0v.m3u8"
    },
    {
      "title": "isSafe in Sudoku Solver",
      "url": "https://fast.wistia.com/embed/medias/m8txbl0bfb.m3u8"
    },
    {
      "title": "Introduction to Linked List",
      "url": "https://fast.wistia.com/embed/medias/egt2w233bp.m3u8"
    },
    {
      "title": "LL Implementation",
      "url": "https://fast.wistia.com/embed/medias/vu7jw72qzi.m3u8"
    },
    {
      "title": "Push Front in LL",
      "url": "https://fast.wistia.com/embed/medias/7s3szd9d3s.m3u8"
    },
    {
      "title": "Push Back in LL",
      "url": "https://fast.wistia.com/embed/medias/sgh3whwek5.m3u8"
    },
    {
      "title": "Print LL",
      "url": "https://fast.wistia.com/embed/medias/2nk7iec4qk.m3u8"
    },
    {
      "title": "Insert in Middle of a LL",
      "url": "https://fast.wistia.com/embed/medias/egdmv393id.m3u8"
    },
    {
      "title": "Deleting the Linked List",
      "url": "https://fast.wistia.com/embed/medias/zr36c7v197.m3u8"
    },
    {
      "title": "Pop Front in LL",
      "url": "https://fast.wistia.com/embed/medias/nmta8gjk3b.m3u8"
    },
    {
      "title": "Pop Back in LL",
      "url": "https://fast.wistia.com/embed/medias/dw41e5t5c2.m3u8"
    },
    {
      "title": "Iterative Search in LL",
      "url": "https://fast.wistia.com/embed/medias/l0cen3h24t.m3u8"
    },
    {
      "title": "Recursive Search in LL",
      "url": "https://fast.wistia.com/embed/medias/7pauytwkvy.m3u8"
    },
    {
      "title": "Reverse a Linked List",
      "url": "https://fast.wistia.com/embed/medias/uj59316x0f.m3u8"
    },
    {
      "title": "Find & Remove Nth Node from End",
      "url": "https://fast.wistia.com/embed/medias/lakez9lkat.m3u8"
    },
    {
      "title": "Find & Remove Nth (Code)",
      "url": "https://fast.wistia.com/embed/medias/x2enf0j6mz.m3u8"
    },
    {
      "title": "Detect Cycle in a LL",
      "url": "https://fast.wistia.com/embed/medias/aehy6um1o5.m3u8"
    },
    {
      "title": "Detect a Cycle (Code)",
      "url": "https://fast.wistia.com/embed/medias/j8e8ehzsfr.m3u8"
    },
    {
      "title": "Removing Cycle in LL",
      "url": "https://fast.wistia.com/embed/medias/alv1b2wa9j.m3u8"
    },
    {
      "title": "Removing Cycle (Code)",
      "url": "https://fast.wistia.com/embed/medias/x91lu7yovt.m3u8"
    },
    {
      "title": "Removing Cycle (Math Proof)",
      "url": "https://fast.wistia.com/embed/medias/00c7i8of5s.m3u8"
    },
    {
      "title": "List in STL",
      "url": "https://fast.wistia.com/embed/medias/tkobp3nraw.m3u8"
    },
    {
      "title": "Merge Sort on a LL",
      "url": "https://fast.wistia.com/embed/medias/yvdjkzlcfr.m3u8"
    },
    {
      "title": "Merge Sort (Split At Mid)",
      "url": "https://fast.wistia.com/embed/medias/e0tgnzazqq.m3u8"
    },
    {
      "title": "Merging 2 Sorted Lists",
      "url": "https://fast.wistia.com/embed/medias/b00uag3k8t.m3u8"
    },
    {
      "title": "Zig Zag Linked List",
      "url": "https://fast.wistia.com/embed/medias/usou0qd56k.m3u8"
    },
    {
      "title": "Zig Zag LL (Alternate Merging)",
      "url": "https://fast.wistia.com/embed/medias/kkc4jk0bxl.m3u8"
    },
    {
      "title": "Doubly Linked List (Push Front)",
      "url": "https://fast.wistia.com/embed/medias/xjptfdq67c.m3u8"
    },
    {
      "title": "Doubly Linked List (Pop Front)",
      "url": "https://fast.wistia.com/embed/medias/vjdwscpfxk.m3u8"
    },
    {
      "title": "Introduction to Stack",
      "url": "https://fast.wistia.com/embed/medias/r68cpo3arr.m3u8"
    },
    {
      "title": "Stack using Vector",
      "url": "https://fast.wistia.com/embed/medias/w5mdnelzmb.m3u8"
    },
    {
      "title": "Stack using Vector & Class Template",
      "url": "https://fast.wistia.com/embed/medias/4znxfa3pm6.m3u8"
    },
    {
      "title": "Stack using LinkedList",
      "url": "https://fast.wistia.com/embed/medias/y6cdc4zfda.m3u8"
    },
    {
      "title": "Stack in STL",
      "url": "https://fast.wistia.com/embed/medias/ucp001g0bs.m3u8"
    },
    {
      "title": "Push at Bottom of Stack",
      "url": "https://fast.wistia.com/embed/medias/yxx6dge6d4.m3u8"
    },
    {
      "title": "Push at Bottom (Code)",
      "url": "https://fast.wistia.com/embed/medias/85biexrtog.m3u8"
    },
    {
      "title": "Reverse a String using Stack",
      "url": "https://fast.wistia.com/embed/medias/ogg1vkt7w1.m3u8"
    },
    {
      "title": "Reverse a Stack",
      "url": "https://fast.wistia.com/embed/medias/p6q60f463c.m3u8"
    },
    {
      "title": "Stock Span",
      "url": "https://fast.wistia.com/embed/medias/dhqch59kjs.m3u8"
    },
    {
      "title": "Stock Span (Approach)",
      "url": "https://fast.wistia.com/embed/medias/96qzslerjo.m3u8"
    },
    {
      "title": "Stock Span (Code)",
      "url": "https://fast.wistia.com/embed/medias/6teuohb0p3.m3u8"
    },
    {
      "title": "Next Greater Element",
      "url": "https://fast.wistia.com/embed/medias/0glnmln6wu.m3u8"
    },
    {
      "title": "Next Greater Element (Code)",
      "url": "https://fast.wistia.com/embed/medias/4qarw25jpa.m3u8"
    },
    {
      "title": "Valid Parentheses",
      "url": "https://fast.wistia.com/embed/medias/kkrob3972n.m3u8"
    },
    {
      "title": "Valid Parentheses (Code)",
      "url": "https://fast.wistia.com/embed/medias/awevt6f6kp.m3u8"
    },
    {
      "title": "Duplicate Parentheses",
      "url": "https://fast.wistia.com/embed/medias/rgc4enxskx.m3u8"
    },
    {
      "title": "Duplicate Parentheses (Code)",
      "url": "https://fast.wistia.com/embed/medias/e0ysbutkm2.m3u8"
    },
    {
      "title": "Max Area in Histogram",
      "url": "https://fast.wistia.com/embed/medias/zkfr04ehcc.m3u8"
    },
    {
      "title": "Max Area in Histogram (nextSmaller Logic)",
      "url": "https://fast.wistia.com/embed/medias/fli02t9z7m.m3u8"
    },
    {
      "title": "Max Area in Histogram (Code)",
      "url": "https://fast.wistia.com/embed/medias/84om0mzlsy.m3u8"
    },
    {
      "title": "Queue Introduction",
      "url": "https://fast.wistia.com/embed/medias/6qbfcqyoeh.m3u8"
    },
    {
      "title": "Implementation using LinkedList",
      "url": "https://fast.wistia.com/embed/medias/0r9a5rirq3.m3u8"
    },
    {
      "title": "Circular Queue using Array",
      "url": "https://fast.wistia.com/embed/medias/fwvuqux3u4.m3u8"
    },
    {
      "title": "Queue in STL",
      "url": "https://fast.wistia.com/embed/medias/e92x918h5l.m3u8"
    },
    {
      "title": "Queue using 2 Stacks",
      "url": "https://fast.wistia.com/embed/medias/l390qx9xjy.m3u8"
    },
    {
      "title": "Stack using 2 Queues",
      "url": "https://fast.wistia.com/embed/medias/ktpc4gjis9.m3u8"
    },
    {
      "title": "First non-repeating letter",
      "url": "https://fast.wistia.com/embed/medias/if8g4g2s1o.m3u8"
    },
    {
      "title": "First non-repeating letter (Code)",
      "url": "https://fast.wistia.com/embed/medias/bton5al7zx.m3u8"
    },
    {
      "title": "Interleave 2 Queues",
      "url": "https://fast.wistia.com/embed/medias/98rpqiyjp1.m3u8"
    },
    {
      "title": "Interleave 2 Queues (Code)",
      "url": "https://fast.wistia.com/embed/medias/za9j13c9a7.m3u8"
    },
    {
      "title": "Queue Reversal",
      "url": "https://fast.wistia.com/embed/medias/cdnkha6zrf.m3u8"
    },
    {
      "title": "Double Ended Queue",
      "url": "https://fast.wistia.com/embed/medias/gsj3slgifq.m3u8"
    },
    {
      "title": "Queue using Deque",
      "url": "https://fast.wistia.com/embed/medias/px8wjl77kk.m3u8"
    },
    {
      "title": "Stack using Deque",
      "url": "https://fast.wistia.com/embed/medias/negpa6dbi8.m3u8"
    },
    {
      "title": "Greedy Approach Introduction",
      "url": "https://fast.wistia.com/embed/medias/9emoih9b16.m3u8"
    },
    {
      "title": "Activity Selection Problem",
      "url": "https://fast.wistia.com/embed/medias/h0cp51qi4y.m3u8"
    },
    {
      "title": "Activity Selection (Approach)",
      "url": "https://fast.wistia.com/embed/medias/bhujb7k7hk.m3u8"
    },
    {
      "title": "Activity Selection (Code)",
      "url": "https://fast.wistia.com/embed/medias/uxca7hfi9h.m3u8"
    },
    {
      "title": "Activity Selection (Proof)",
      "url": "https://fast.wistia.com/embed/medias/64p0ql8qkn.m3u8"
    },
    {
      "title": "Pairs in C++",
      "url": "https://fast.wistia.com/embed/medias/odby744i4z.m3u8"
    },
    {
      "title": "Fractional Knapsack",
      "url": "https://fast.wistia.com/embed/medias/s4miy3ltjr.m3u8"
    },
    {
      "title": "Fractional Knapsack (Code)",
      "url": "https://fast.wistia.com/embed/medias/7gf91ycst2.m3u8"
    },
    {
      "title": "Min Absolute Difference of Pairs",
      "url": "https://fast.wistia.com/embed/medias/sv43cvqe4g.m3u8"
    },
    {
      "title": "Max Chain Length",
      "url": "https://fast.wistia.com/embed/medias/t2srg5uysv.m3u8"
    },
    {
      "title": "Max Chain Length (Code)",
      "url": "https://fast.wistia.com/embed/medias/ok5ghjq8ph.m3u8"
    },
    {
      "title": "Indian Coins",
      "url": "https://fast.wistia.com/embed/medias/77g2li98e5.m3u8"
    },
    {
      "title": "Indian Coins (Code)",
      "url": "https://fast.wistia.com/embed/medias/znolywqcyq.m3u8"
    },
    {
      "title": "Job Sequencing Problem",
      "url": "https://fast.wistia.com/embed/medias/0yjufs8bg0.m3u8"
    },
    {
      "title": "Job Sequencing Variation",
      "url": "https://fast.wistia.com/embed/medias/kx7tmyv74g.m3u8"
    },
    {
      "title": "Binary Trees Introduction",
      "url": "https://fast.wistia.com/embed/medias/cd2000nht3.m3u8"
    },
    {
      "title": "Levels & Subtrees",
      "url": "https://fast.wistia.com/embed/medias/645kl6u5aj.m3u8"
    },
    {
      "title": "Practice Quiz",
      "url": "https://fast.wistia.com/embed/medias/122byguhrh.m3u8"
    },
    {
      "title": "Build Tree from Preorder",
      "url": "https://fast.wistia.com/embed/medias/fi817z1zcd.m3u8"
    },
    {
      "title": "Preorder Traversal",
      "url": "https://fast.wistia.com/embed/medias/osv7ikhkzl.m3u8"
    },
    {
      "title": "Inorder Traversal",
      "url": "https://fast.wistia.com/embed/medias/h8bpjs5rgk.m3u8"
    },
    {
      "title": "Postorder Traversal",
      "url": "https://fast.wistia.com/embed/medias/i9tx5kdl7x.m3u8"
    },
    {
      "title": "Level Order Traversal",
      "url": "https://fast.wistia.com/embed/medias/bb7zev7163.m3u8"
    },
    {
      "title": "Height of Binary Tree",
      "url": "https://fast.wistia.com/embed/medias/04azlsufrv.m3u8"
    },
    {
      "title": "Height of BT (Code)",
      "url": "https://fast.wistia.com/embed/medias/n9w0q0htxx.m3u8"
    },
    {
      "title": "Count of Nodes in BT",
      "url": "https://fast.wistia.com/embed/medias/l0bzsdj62e.m3u8"
    },
    {
      "title": "Sum of Nodes in BT",
      "url": "https://fast.wistia.com/embed/medias/3v394bkbjl.m3u8"
    },
    {
      "title": "Diameter of a Tree ( Approach 1 )",
      "url": "https://fast.wistia.com/embed/medias/mw1jjguwh6.m3u8"
    },
    {
      "title": "Diameter of a Tree ( Code )",
      "url": "https://fast.wistia.com/embed/medias/54c0n28pdf.m3u8"
    },
    {
      "title": "Diameter of a Tree ( Approach 2 )",
      "url": "https://fast.wistia.com/embed/medias/vptb0vjyrw.m3u8"
    },
    {
      "title": "Diameter of a Tree ( Code 2 )",
      "url": "https://fast.wistia.com/embed/medias/yz2plmj088.m3u8"
    },
    {
      "title": "Subtree of another Tree",
      "url": "https://fast.wistia.com/embed/medias/dct5ff49kb.m3u8"
    },
    {
      "title": "Subtree of another Tree (isIdentical)",
      "url": "https://fast.wistia.com/embed/medias/vtexksksku.m3u8"
    },
    {
      "title": "Map in C++",
      "url": "https://fast.wistia.com/embed/medias/35w7v3m1dn.m3u8"
    },
    {
      "title": "Top View of a Tree (Horizontal Distance)",
      "url": "https://fast.wistia.com/embed/medias/rw8dq5ix90.m3u8"
    },
    {
      "title": "Top View of a Tree ( Approach )",
      "url": "https://fast.wistia.com/embed/medias/ab8ntypw0d.m3u8"
    },
    {
      "title": "Top View of a Tree ( Code )",
      "url": "https://fast.wistia.com/embed/medias/svgnnnd6v0.m3u8"
    },
    {
      "title": "Kth Level of a Tree",
      "url": "https://fast.wistia.com/embed/medias/w5lyhvxk75.m3u8"
    },
    {
      "title": "Lowest Common Ancestor",
      "url": "https://fast.wistia.com/embed/medias/w2pg4eepmw.m3u8"
    },
    {
      "title": "Lowest Common Ancestor (Code)",
      "url": "https://fast.wistia.com/embed/medias/zo3rm0ll95.m3u8"
    },
    {
      "title": "LCA (Approach 2)",
      "url": "https://fast.wistia.com/embed/medias/inx9oz74e2.m3u8"
    },
    {
      "title": "LCA (Approach 2) Code",
      "url": "https://fast.wistia.com/embed/medias/6zzkwl6p4n.m3u8"
    },
    {
      "title": "Min Distance between Nodes",
      "url": "https://fast.wistia.com/embed/medias/p5332k8mps.m3u8"
    },
    {
      "title": "Kth Ancestor of a Node",
      "url": "https://fast.wistia.com/embed/medias/6o8zf7dtja.m3u8"
    },
    {
      "title": "Kth Ancestor (Code)",
      "url": "https://fast.wistia.com/embed/medias/eu0fnc7sa5.m3u8"
    },
    {
      "title": "Transform to Sum Tree",
      "url": "https://fast.wistia.com/embed/medias/q4d1u5xntk.m3u8"
    },
    {
      "title": "BST Introduction",
      "url": "https://fast.wistia.com/embed/medias/bn3n2xsffg.m3u8"
    },
    {
      "title": "Search in BST",
      "url": "https://fast.wistia.com/embed/medias/b16u6l2z4q.m3u8"
    },
    {
      "title": "Insert & Build a BST",
      "url": "https://fast.wistia.com/embed/medias/j07r52j37v.m3u8"
    },
    {
      "title": "Search in BST (Code)",
      "url": "https://fast.wistia.com/embed/medias/zxkyvmwul9.m3u8"
    },
    {
      "title": "Delete a Node in BST",
      "url": "https://fast.wistia.com/embed/medias/r5dt6v98gm.m3u8"
    },
    {
      "title": "Inorder Successor",
      "url": "https://fast.wistia.com/embed/medias/c9vts39h0w.m3u8"
    },
    {
      "title": "Delete a Node (Code)",
      "url": "https://fast.wistia.com/embed/medias/96jc5vihfr.m3u8"
    },
    {
      "title": "Print in Range",
      "url": "https://fast.wistia.com/embed/medias/6bjeqsaras.m3u8"
    },
    {
      "title": "Root to Leaf Path",
      "url": "https://fast.wistia.com/embed/medias/gnfm9bax8x.m3u8"
    },
    {
      "title": "Validate BST",
      "url": "https://fast.wistia.com/embed/medias/8jxdte2vlu.m3u8"
    },
    {
      "title": "Validate BST (Code)",
      "url": "https://fast.wistia.com/embed/medias/jwbwpkfh8d.m3u8"
    },
    {
      "title": "Sorted Array to Balanced BST",
      "url": "https://fast.wistia.com/embed/medias/1ekick4l5s.m3u8"
    },
    {
      "title": "Sorted Array to Balanced BST (Code)",
      "url": "https://fast.wistia.com/embed/medias/6fbzv04xkc.m3u8"
    },
    {
      "title": "BST to Balanced BST",
      "url": "https://fast.wistia.com/embed/medias/1aqej16bad.m3u8"
    },
    {
      "title": "BST to Balanced BST (Code)",
      "url": "https://fast.wistia.com/embed/medias/pm9dtobzti.m3u8"
    },
    {
      "title": "Largest BST in BT",
      "url": "https://fast.wistia.com/embed/medias/gmlkce8tfs.m3u8"
    },
    {
      "title": "Largest BST in BT (Code)",
      "url": "https://fast.wistia.com/embed/medias/qwnjba7ljb.m3u8"
    },
    {
      "title": "Merge 2 BSTs",
      "url": "https://fast.wistia.com/embed/medias/p5wtj2vqci.m3u8"
    },
    {
      "title": "Heaps & Priority Queue (Introduction)",
      "url": "https://fast.wistia.com/embed/medias/d45gxarkij.m3u8"
    },
    {
      "title": "PQ in C++ STL",
      "url": "https://fast.wistia.com/embed/medias/iwsriuqoac.m3u8"
    },
    {
      "title": "What are Heaps?",
      "url": "https://fast.wistia.com/embed/medias/vgy8y696o4.m3u8"
    },
    {
      "title": "Building Heaps",
      "url": "https://fast.wistia.com/embed/medias/msrd9p1p09.m3u8"
    },
    {
      "title": "Push in Heap",
      "url": "https://fast.wistia.com/embed/medias/gxg3ntllox.m3u8"
    },
    {
      "title": "Push in Heap (Code)",
      "url": "https://fast.wistia.com/embed/medias/159bwph664.m3u8"
    },
    {
      "title": "Pop in Heap",
      "url": "https://fast.wistia.com/embed/medias/o91qpnmwx4.m3u8"
    },
    {
      "title": "Pop in Heap (Code)",
      "url": "https://fast.wistia.com/embed/medias/brb8ynrsa0.m3u8"
    },
    {
      "title": "Pop in Heap (Dry Run)",
      "url": "https://fast.wistia.com/embed/medias/792yzbdr2c.m3u8"
    },
    {
      "title": "PQ for Objects",
      "url": "https://fast.wistia.com/embed/medias/blrhi7stej.m3u8"
    },
    {
      "title": "PQ for Pairs",
      "url": "https://fast.wistia.com/embed/medias/ht8yrjast3.m3u8"
    },
    {
      "title": "Heap Sort (Building maxHeap)",
      "url": "https://fast.wistia.com/embed/medias/qk2mqg2176.m3u8"
    },
    {
      "title": "Heap Sort (Sorting)",
      "url": "https://fast.wistia.com/embed/medias/sz7sllkaem.m3u8"
    },
    {
      "title": "Nearby Cars",
      "url": "https://fast.wistia.com/embed/medias/lokzzz8eij.m3u8"
    },
    {
      "title": "Nearby Cars (Code)",
      "url": "https://fast.wistia.com/embed/medias/o4psivwxph.m3u8"
    },
    {
      "title": "Connect N Ropes",
      "url": "https://fast.wistia.com/embed/medias/9cbvy8uj9a.m3u8"
    },
    {
      "title": "Connect N Ropes (Code)",
      "url": "https://fast.wistia.com/embed/medias/kquo0qbkdo.m3u8"
    },
    {
      "title": "Weakest Soldier",
      "url": "https://fast.wistia.com/embed/medias/etfqpcp830.m3u8"
    },
    {
      "title": "Weakest Soldier (Code)",
      "url": "https://fast.wistia.com/embed/medias/mb2ul2fxph.m3u8"
    },
    {
      "title": "Sliding Window Maximum",
      "url": "https://fast.wistia.com/embed/medias/e2chq0693c.m3u8"
    },
    {
      "title": "Sliding Window Maximum (Code)",
      "url": "https://fast.wistia.com/embed/medias/jhfrmxzg1v.m3u8"
    },
    {
      "title": "Introduction",
      "url": "https://fast.wistia.com/embed/medias/005iwyini1.m3u8"
    },
    {
      "title": "Hash Table Data Structure",
      "url": "https://fast.wistia.com/embed/medias/1hdkiwhnuy.m3u8"
    },
    {
      "title": "Hashing (Hash Function)",
      "url": "https://fast.wistia.com/embed/medias/jt2be81hi6.m3u8"
    },
    {
      "title": "Collisions",
      "url": "https://fast.wistia.com/embed/medias/bakffbqm40.m3u8"
    },
    {
      "title": "Building Hash Table",
      "url": "https://fast.wistia.com/embed/medias/22fjztiq8i.m3u8"
    },
    {
      "title": "Insert in Hash Table",
      "url": "https://fast.wistia.com/embed/medias/du69ag45h3.m3u8"
    },
    {
      "title": "Rehashing",
      "url": "https://fast.wistia.com/embed/medias/h2dpqi4s0n.m3u8"
    },
    {
      "title": "Search in Hash Table",
      "url": "https://fast.wistia.com/embed/medias/yh0e0ttggr.m3u8"
    },
    {
      "title": "STL Containers",
      "url": "https://fast.wistia.com/embed/medias/t1npm57i1g.m3u8"
    },
    {
      "title": "Unordered Maps",
      "url": "https://fast.wistia.com/embed/medias/g7oyyqmwhq.m3u8"
    },
    {
      "title": "Maps",
      "url": "https://fast.wistia.com/embed/medias/4szus3ibpv.m3u8"
    },
    {
      "title": "Unordered Sets",
      "url": "https://fast.wistia.com/embed/medias/bcbxbno4ub.m3u8"
    },
    {
      "title": "Sets",
      "url": "https://fast.wistia.com/embed/medias/47tfi5oqy5.m3u8"
    },
    {
      "title": "Majority Element",
      "url": "https://fast.wistia.com/embed/medias/ealg4gqvw1.m3u8"
    },
    {
      "title": "Majority Element (Code)",
      "url": "https://fast.wistia.com/embed/medias/scxt1j4j67.m3u8"
    },
    {
      "title": "Valid Anagram",
      "url": "https://fast.wistia.com/embed/medias/d0guy8uus8.m3u8"
    },
    {
      "title": "Valid Anagram (Code)",
      "url": "https://fast.wistia.com/embed/medias/d85ig4g36a.m3u8"
    },
    {
      "title": "Count Distinct",
      "url": "https://fast.wistia.com/embed/medias/sfb7636mj9.m3u8"
    },
    {
      "title": "Union & Intersection",
      "url": "https://fast.wistia.com/embed/medias/zxd2xzcara.m3u8"
    },
    {
      "title": "Itinerary from Tickets",
      "url": "https://fast.wistia.com/embed/medias/sljii3boq1.m3u8"
    },
    {
      "title": "Itinerary from Tickets (Code)",
      "url": "https://fast.wistia.com/embed/medias/j8ewce5hx4.m3u8"
    },
    {
      "title": "Zero Sum Largest Subarray",
      "url": "https://fast.wistia.com/embed/medias/w2dti9dsey.m3u8"
    },
    {
      "title": "Zero Sum Largest Subarray (Code)",
      "url": "https://fast.wistia.com/embed/medias/sjtp67obxp.m3u8"
    },
    {
      "title": "K Sum Subarray Count",
      "url": "https://fast.wistia.com/embed/medias/6heqmiw2e9.m3u8"
    },
    {
      "title": "K Sum Subarray Count (Code)",
      "url": "https://fast.wistia.com/embed/medias/l7upipsujq.m3u8"
    },
    {
      "title": "Tries Introduction",
      "url": "https://fast.wistia.com/embed/medias/abinba0812.m3u8"
    },
    {
      "title": "Search in Trie",
      "url": "https://fast.wistia.com/embed/medias/plcy13wdwa.m3u8"
    },
    {
      "title": "Building a Trie DS",
      "url": "https://fast.wistia.com/embed/medias/50rss67551.m3u8"
    },
    {
      "title": "Insert in Trie",
      "url": "https://fast.wistia.com/embed/medias/a9w9k8k9sa.m3u8"
    },
    {
      "title": "Search in Trie",
      "url": "https://fast.wistia.com/embed/medias/5ankcytcis.m3u8"
    },
    {
      "title": "Word Break Problem",
      "url": "https://fast.wistia.com/embed/medias/gtrmt0wxrx.m3u8"
    },
    {
      "title": "Word Break (Code)",
      "url": "https://fast.wistia.com/embed/medias/kwj7eicp4d.m3u8"
    },
    {
      "title": "Prefix Problem",
      "url": "https://fast.wistia.com/embed/medias/2echpt9mts.m3u8"
    },
    {
      "title": "Prefix (Code)",
      "url": "https://fast.wistia.com/embed/medias/qywp4drdl9.m3u8"
    },
    {
      "title": "StartsWith Problem",
      "url": "https://fast.wistia.com/embed/medias/xvg1jyjofr.m3u8"
    },
    {
      "title": "Count Unique Substrings",
      "url": "https://fast.wistia.com/embed/medias/dbvc7yqyt3.m3u8"
    },
    {
      "title": "Count Unique Substrings (Code)",
      "url": "https://fast.wistia.com/embed/medias/u7qo60a7i6.m3u8"
    },
    {
      "title": "Longest Word with all Prefix",
      "url": "https://fast.wistia.com/embed/medias/oznnnv95z9.m3u8"
    },
    {
      "title": "Longest Word (Code)",
      "url": "https://fast.wistia.com/embed/medias/bw9t2ussu0.m3u8"
    },
    {
      "title": "Introduction to Graphs",
      "url": "https://fast.wistia.com/embed/medias/alubsga0lb.m3u8"
    },
    {
      "title": "Types of Graphs",
      "url": "https://fast.wistia.com/embed/medias/172slfqpgw.m3u8"
    },
    {
      "title": "Graph using Adjacency List",
      "url": "https://fast.wistia.com/embed/medias/mr26d91be7.m3u8"
    },
    {
      "title": "Graph using Adjacency Matrix",
      "url": "https://fast.wistia.com/embed/medias/845yylb94c.m3u8"
    },
    {
      "title": "Edge List & Implicit Graph",
      "url": "https://fast.wistia.com/embed/medias/ryqyp21ttc.m3u8"
    },
    {
      "title": "Building a Graph (Adjacency List)",
      "url": "https://fast.wistia.com/embed/medias/yka0mfb3dv.m3u8"
    },
    {
      "title": "Breadth First Traversal (BFS)",
      "url": "https://fast.wistia.com/embed/medias/zsb9c4aaj4.m3u8"
    },
    {
      "title": "BFS Code",
      "url": "https://fast.wistia.com/embed/medias/qym0rywcw7.m3u8"
    },
    {
      "title": "Depth First Traversal (DFS)",
      "url": "https://fast.wistia.com/embed/medias/514g4zpoo1.m3u8"
    },
    {
      "title": "DFS Code",
      "url": "https://fast.wistia.com/embed/medias/raro8ckzbd.m3u8"
    },
    {
      "title": "Has Path Problem",
      "url": "https://fast.wistia.com/embed/medias/oouxbteimi.m3u8"
    },
    {
      "title": "Disconnected Components",
      "url": "https://fast.wistia.com/embed/medias/hat0y14zzx.m3u8"
    },
    {
      "title": "Cycle in Graphs",
      "url": "https://fast.wistia.com/embed/medias/rphm78j9j7.m3u8"
    },
    {
      "title": "Cycle Detection (Undirected)",
      "url": "https://fast.wistia.com/embed/medias/p2378yf5ng.m3u8"
    },
    {
      "title": "Cycle Detection Code (Undirected)",
      "url": "https://fast.wistia.com/embed/medias/nd52bntsfg.m3u8"
    },
    {
      "title": "Undirected approach for Directed",
      "url": "https://fast.wistia.com/embed/medias/ddc9llg7gg.m3u8"
    },
    {
      "title": "Cycle Detection (Directed)",
      "url": "https://fast.wistia.com/embed/medias/ezg6ckjxa2.m3u8"
    },
    {
      "title": "Cycle Detection Code (Directed)",
      "url": "https://fast.wistia.com/embed/medias/kb5tqx1ahs.m3u8"
    },
    {
      "title": "Cycle Detection Dry Run (Directed)",
      "url": "https://fast.wistia.com/embed/medias/udw6ar06df.m3u8"
    },
    {
      "title": "Bipartite Graph",
      "url": "https://fast.wistia.com/embed/medias/9xg0tkp3vs.m3u8"
    },
    {
      "title": "Bipartite Graph (Code)",
      "url": "https://fast.wistia.com/embed/medias/rcwu7fp3k9.m3u8"
    },
    {
      "title": "Bipartite Graph (Approach 2)",
      "url": "https://fast.wistia.com/embed/medias/m2pko5a90i.m3u8"
    },
    {
      "title": "All Paths Problem",
      "url": "https://fast.wistia.com/embed/medias/lkl2s6vjpd.m3u8"
    },
    {
      "title": "What is Topological Sorting?",
      "url": "https://fast.wistia.com/embed/medias/wo7z4sevpd.m3u8"
    },
    {
      "title": "Topological Sorting (DFS)",
      "url": "https://fast.wistia.com/embed/medias/55bzn8onmu.m3u8"
    },
    {
      "title": "Topological Sorting Code (DFS)",
      "url": "https://fast.wistia.com/embed/medias/jvozellpr6.m3u8"
    },
    {
      "title": "Course Schedule I",
      "url": "https://fast.wistia.com/embed/medias/g06t4gbzso.m3u8"
    },
    {
      "title": "Course Schedule II",
      "url": "https://fast.wistia.com/embed/medias/xyr6gq55vg.m3u8"
    },
    {
      "title": "Kahn's Algorithm (Indegree)",
      "url": "https://fast.wistia.com/embed/medias/tgi3x3hm7a.m3u8"
    },
    {
      "title": "Topoplogical Sorting (Kahn's Algorithm)",
      "url": "https://fast.wistia.com/embed/medias/zuy7qkvcyo.m3u8"
    },
    {
      "title": "Kahn's Algorithm Code",
      "url": "https://fast.wistia.com/embed/medias/kmbj4rx0dk.m3u8"
    },
    {
      "title": "Kahn's Algo for Cycle Detection",
      "url": "https://fast.wistia.com/embed/medias/ay1d38q1t2.m3u8"
    },
    {
      "title": "Dijkstra's Algorithm (Edge Relaxation)",
      "url": "https://fast.wistia.com/embed/medias/h6lrc0hsnb.m3u8"
    },
    {
      "title": "Dijkstra's Algorithm (Approach)",
      "url": "https://fast.wistia.com/embed/medias/7pn1zrps2l.m3u8"
    },
    {
      "title": "Dijkstra's Algorithm (Code)",
      "url": "https://fast.wistia.com/embed/medias/h2h1n3hd68.m3u8"
    },
    {
      "title": "BellmanFord Algorithm (Approach)",
      "url": "https://fast.wistia.com/embed/medias/y50q7sysxe.m3u8"
    },
    {
      "title": "BellmanFord Algorithm (Code)",
      "url": "https://fast.wistia.com/embed/medias/dltp9mg30h.m3u8"
    },
    {
      "title": "What is MST?",
      "url": "https://fast.wistia.com/embed/medias/8k8gflql3t.m3u8"
    },
    {
      "title": "Prim's Algorithm",
      "url": "https://fast.wistia.com/embed/medias/ltvp1bysps.m3u8"
    },
    {
      "title": "Prim's Algorithm (Code)",
      "url": "https://fast.wistia.com/embed/medias/px813gu4mh.m3u8"
    },
    {
      "title": "Min Cost to Connect Points",
      "url": "https://fast.wistia.com/embed/medias/1exdujpx6d.m3u8"
    },
    {
      "title": "Cheapest Flights within K Stops",
      "url": "https://fast.wistia.com/embed/medias/hlyr43b2za.m3u8"
    },
    {
      "title": "Cheapest Flights (Code)",
      "url": "https://fast.wistia.com/embed/medias/0vl1j7tzca.m3u8"
    },
    {
      "title": "Disjoint Set (Union Find)",
      "url": "https://fast.wistia.com/embed/medias/fs17ypvrnb.m3u8"
    },
    {
      "title": "Disjoint Set (Code)",
      "url": "https://fast.wistia.com/embed/medias/d7353v0xfi.m3u8"
    },
    {
      "title": "Kruskal's Algorithm",
      "url": "https://fast.wistia.com/embed/medias/nso7lk8byh.m3u8"
    },
    {
      "title": "Kruskal's Algorithm (Code)",
      "url": "https://fast.wistia.com/embed/medias/8m4zzahcff.m3u8"
    },
    {
      "title": "Flood Fill Algorithm",
      "url": "https://fast.wistia.com/embed/medias/45zxq5dade.m3u8"
    },
    {
      "title": "Flood Fill (Code)",
      "url": "https://fast.wistia.com/embed/medias/ksxmb0j7j7.m3u8"
    },
    {
      "title": "DP Introduction",
      "url": "https://fast.wistia.com/embed/medias/0tv1v6a61a.m3u8"
    },
    {
      "title": "DP using Fibonacci Concept",
      "url": "https://fast.wistia.com/embed/medias/jmhqor4hdq.m3u8"
    },
    {
      "title": "What is DP?",
      "url": "https://fast.wistia.com/embed/medias/dzjybapifi.m3u8"
    },
    {
      "title": "Fibonacci using Tabulation",
      "url": "https://fast.wistia.com/embed/medias/hdz7l02i6n.m3u8"
    },
    {
      "title": "Types of DP",
      "url": "https://fast.wistia.com/embed/medias/z7c2zx1g1i.m3u8"
    },
    {
      "title": "Important DP Concepts",
      "url": "https://fast.wistia.com/embed/medias/nqay9s21i2.m3u8"
    },
    {
      "title": "Climbing Stairs (Recursion)",
      "url": "https://fast.wistia.com/embed/medias/djr820o9ph.m3u8"
    },
    {
      "title": "Climbing Stairs (Memoization)",
      "url": "https://fast.wistia.com/embed/medias/af7cjlwyqr.m3u8"
    },
    {
      "title": "Climbing Stairs (Tabulation)",
      "url": "https://fast.wistia.com/embed/medias/kbi6qtansv.m3u8"
    },
    {
      "title": "Variation of Climbing Stairs",
      "url": "https://fast.wistia.com/embed/medias/hpr4k899ls.m3u8"
    },
    {
      "title": "Knapsack Problems",
      "url": "https://fast.wistia.com/embed/medias/fepkw5hsby.m3u8"
    },
    {
      "title": "0-1 Knapsack",
      "url": "https://fast.wistia.com/embed/medias/7cqawtgbxn.m3u8"
    },
    {
      "title": "0-1 Knapsack (Recursion Code)",
      "url": "https://fast.wistia.com/embed/medias/qgty78epea.m3u8"
    },
    {
      "title": "0-1 Knapsack (Memoization)",
      "url": "https://fast.wistia.com/embed/medias/xvuzgirmob.m3u8"
    },
    {
      "title": "0-1 Knapsack (Tabulation)",
      "url": "https://fast.wistia.com/embed/medias/gjkxselkcj.m3u8"
    },
    {
      "title": "Target Sum Subset",
      "url": "https://fast.wistia.com/embed/medias/p2kk1bzgu4.m3u8"
    },
    {
      "title": "Unbounded Knapsack",
      "url": "https://fast.wistia.com/embed/medias/cjm7jvenx0.m3u8"
    },
    {
      "title": "Coin Change Problem",
      "url": "https://fast.wistia.com/embed/medias/q1rwmxyzzv.m3u8"
    },
    {
      "title": "Coin Change (Code)",
      "url": "https://fast.wistia.com/embed/medias/rx6y5v6unz.m3u8"
    },
    {
      "title": "Rod Cutting Problem",
      "url": "https://fast.wistia.com/embed/medias/9qpzdqsal1.m3u8"
    },
    {
      "title": "Rod Cutting (Code)",
      "url": "https://fast.wistia.com/embed/medias/nx2oszvdrp.m3u8"
    },
    {
      "title": "Longest Common Subsequence",
      "url": "https://fast.wistia.com/embed/medias/mj79509d7k.m3u8"
    },
    {
      "title": "LCS (Memoization)",
      "url": "https://fast.wistia.com/embed/medias/gq73rk6jhr.m3u8"
    },
    {
      "title": "LCS (Tabulation)",
      "url": "https://fast.wistia.com/embed/medias/8nlw1bk3wt.m3u8"
    },
    {
      "title": "Longest Common Substring",
      "url": "https://fast.wistia.com/embed/medias/izlbk0f6m0.m3u8"
    },
    {
      "title": "Longest Common Substring (Code)",
      "url": "https://fast.wistia.com/embed/medias/w2zjpkyft1.m3u8"
    },
    {
      "title": "Longest Increasing Subsequence",
      "url": "https://fast.wistia.com/embed/medias/h3gdjpc4v8.m3u8"
    },
    {
      "title": "Longest Increasing Subsequence (Code)",
      "url": "https://fast.wistia.com/embed/medias/j2xtoso6on.m3u8"
    },
    {
      "title": "Edit Distance",
      "url": "https://fast.wistia.com/embed/medias/1a90334hu8.m3u8"
    },
    {
      "title": "Edit Distance (Code)",
      "url": "https://fast.wistia.com/embed/medias/dxozo5knw9.m3u8"
    },
    {
      "title": "WildCard Matching",
      "url": "https://fast.wistia.com/embed/medias/tbdkm7w8mm.m3u8"
    },
    {
      "title": "WildCard Matching (Bottom Up)",
      "url": "https://fast.wistia.com/embed/medias/3eduu8qsfw.m3u8"
    },
    {
      "title": "Catalan's Number",
      "url": "https://fast.wistia.com/embed/medias/tptpc6ttzm.m3u8"
    },
    {
      "title": "Nth Catalan (Recursion)",
      "url": "https://fast.wistia.com/embed/medias/263w7ovbfx.m3u8"
    },
    {
      "title": "Nth Catalan (Memoization)",
      "url": "https://fast.wistia.com/embed/medias/3qll8akti0.m3u8"
    },
    {
      "title": "Nth Catalan (Tabulation)",
      "url": "https://fast.wistia.com/embed/medias/xumbm2uhkv.m3u8"
    },
    {
      "title": "Count BSTs from Nodes",
      "url": "https://fast.wistia.com/embed/medias/xvccuyexlg.m3u8"
    },
    {
      "title": "Mountain Ranges",
      "url": "https://fast.wistia.com/embed/medias/5x7536ll9h.m3u8"
    },
    {
      "title": "Matrix Concepts (Basic Math)",
      "url": "https://fast.wistia.com/embed/medias/03fmql8agg.m3u8"
    },
    {
      "title": "Matrix Chain Multiplication",
      "url": "https://fast.wistia.com/embed/medias/5v99qeny6p.m3u8"
    },
    {
      "title": "MCM (with Recursion)",
      "url": "https://fast.wistia.com/embed/medias/nuowfqzcoe.m3u8"
    },
    {
      "title": "MCM Code (Recursion)",
      "url": "https://fast.wistia.com/embed/medias/dz301r9qgz.m3u8"
    },
    {
      "title": "MCM (Memoization)",
      "url": "https://fast.wistia.com/embed/medias/jbwwlmkxjn.m3u8"
    },
    {
      "title": "MCM (Tabulation)",
      "url": "https://fast.wistia.com/embed/medias/a5eov4dcqe.m3u8"
    },
    {
      "title": "MCM Code (Tabulation)",
      "url": "https://fast.wistia.com/embed/medias/acc146npqy.m3u8"
    },
    {
      "title": "Minimum Partitioning",
      "url": "https://fast.wistia.com/embed/medias/9w2pxscc94.m3u8"
    },
    {
      "title": "Minimum Partitioning (Code)",
      "url": "https://fast.wistia.com/embed/medias/j5d3345w2h.m3u8"
    },
    {
      "title": "Segment Trees Introduction",
      "url": "https://fast.wistia.com/embed/medias/ctg2xtl2fv.m3u8"
    },
    {
      "title": "Meaning & Count of Nodes",
      "url": "https://fast.wistia.com/embed/medias/3uva3ymxgk.m3u8"
    },
    {
      "title": "Creating Segment Tree",
      "url": "https://fast.wistia.com/embed/medias/2sw1hvtnhj.m3u8"
    },
    {
      "title": "Creating Segment Tree (Approach)",
      "url": "https://fast.wistia.com/embed/medias/yoeuate5uu.m3u8"
    },
    {
      "title": "Creating Segment Tree (Code)",
      "url": "https://fast.wistia.com/embed/medias/8moeq617cu.m3u8"
    },
    {
      "title": "Queries on Segment Tree",
      "url": "https://fast.wistia.com/embed/medias/whhc331jg6.m3u8"
    },
    {
      "title": "Queries on Segment Tree (Code)",
      "url": "https://fast.wistia.com/embed/medias/x1ukcle20h.m3u8"
    },
    {
      "title": "Update on Segment Tree",
      "url": "https://fast.wistia.com/embed/medias/38aaqqm5as.m3u8"
    },
    {
      "title": "Update on Segment Tree (Code)",
      "url": "https://fast.wistia.com/embed/medias/jdg34nc0le.m3u8"
    },
    {
      "title": "Range Max ST (Creation)",
      "url": "https://fast.wistia.com/embed/medias/e9nza7ll5h.m3u8"
    },
    {
      "title": "Range Max ST (Query)",
      "url": "https://fast.wistia.com/embed/medias/7n9xwnppi1.m3u8"
    },
    {
      "title": "Range Max ST (Update)",
      "url": "https://fast.wistia.com/embed/medias/jozb52zby8.m3u8"
    },
    {
      "title": "Range Min (Approach)",
      "url": "https://fast.wistia.com/embed/medias/7bgeftw187.m3u8"
    }
  ],
  "whatYouWillLearn": [
    "Master C++ programming fundamentals and data structures",
    "Learn object-oriented programming concepts and STL",
    "Implement arrays, linked lists, trees, and graphs in C++",
    "Master sorting and searching algorithms with complexity analysis",
    "Solve competitive programming problems using C++",
    "Understand memory management and advanced C++ features"
  ],
  "requirements": [
    "Basic computer knowledge",
    "Internet connection for video streaming",
    "Code editor (VS Code recommended)",
    "Motivation to learn and practice"
  ],
  "rating": {
    "average": 4.9,
    "count": 487,
    "breakdown": {
      "1": 5,
      "2": 9,
      "3": 22,
      "4": 131,
      "5": 181
    }
  },
  "duration": "8h 59m",
  "level": "Advanced",
  "language": "Hinglish",
  "studentsEnrolled": 946,
  "lastUpdated": "2025-10-20",
  "features": [
    "Lifetime Access",
    "Certificate of Completion",
    "Mobile and Desktop Access",
    "Downloadable Resources",
    "Community Support"
  ],
  "teacherId": "apna-college"
}