{
  "courseName": "SIGMA-9-APIPTUDE-ENGLISH",
  "coursecategory": "aptitude",
  "viewtype": "both",
  "des": "Learn SIGMA - 9 APIPTUDE - ENGLISH by Apna college with comprehensive video tutorials and hands-on projects.",
  "imageofcourse": "https://i.ytimg.com/vi/xWSpo2lFfUw/hq720.jpg?sqp=-oaymwEhCK4FEIIDSFryq4qpAxMIARUAAAAAGAElAADIQj0AgKJD&rs=AOn4CLDl2k1at5CjSKMJ_XCNBaQvV4EJXQ",
  "audio": "english",
  "cost": 0,
  "videoType": "wistia",
  "subsection": [
    "sigma",
    "apna-college",
    "shradha-khapra"
  ],
  "redirecturl": "https://fast.wistia.com/embed/medias/a94t2ivslh.m3u8",
  "rank": "medium",
  "videos": [
    {
      "title": "Aptitude Preparation Live session by Aman sir",
      "url": "https://fast.wistia.com/embed/medias/a94t2ivslh.m3u8"
    },
    {
      "title": "Percentages",
      "url": "https://fast.wistia.com/embed/medias/vygc7pjjx6.m3u8"
    },
    {
      "title": "Simplification",
      "url": "https://fast.wistia.com/embed/medias/d5t0d0xrw2.m3u8"
    },
    {
      "title": "Ratio and Proportion",
      "url": "https://fast.wistia.com/embed/medias/is3i30iaxv.m3u8"
    },
    {
      "title": "Profit and Loss",
      "url": "https://fast.wistia.com/embed/medias/e5skzdfamz.m3u8"
    },
    {
      "title": "Partnership",
      "url": "https://fast.wistia.com/embed/medias/vqx67up2ni.m3u8"
    },
    {
      "title": "Simple Interest and Compound Interest",
      "url": "https://fast.wistia.com/embed/medias/w02yf4o5j4.m3u8"
    },
    {
      "title": "Averages",
      "url": "https://fast.wistia.com/embed/medias/2ybggowvjg.m3u8"
    },
    {
      "title": "Mixture and Alligation",
      "url": "https://fast.wistia.com/embed/medias/mznhjowkhv.m3u8"
    },
    {
      "title": "Time and Work",
      "url": "https://fast.wistia.com/embed/medias/lxywpq1zk0.m3u8"
    },
    {
      "title": "Trains, Boats and Streams",
      "url": "https://fast.wistia.com/embed/medias/69uxhw91me.m3u8"
    },
    {
      "title": "Time, Speed and Distance",
      "url": "https://fast.wistia.com/embed/medias/ibc8uiqnjb.m3u8"
    },
    {
      "title": "Ages",
      "url": "https://fast.wistia.com/embed/medias/msa8c3ko4v.m3u8"
    },
    {
      "title": "Numbers, Divisibility, Remainders and Cyclicity",
      "url": "https://fast.wistia.com/embed/medias/8jaaqbl5d8.m3u8"
    },
    {
      "title": "HCF and LCM",
      "url": "https://fast.wistia.com/embed/medias/qhhmj1wdig.m3u8"
    },
    {
      "title": "Geometry",
      "url": "https://fast.wistia.com/embed/medias/gmtq9gc0uz.m3u8"
    },
    {
      "title": "Mensuration",
      "url": "https://fast.wistia.com/embed/medias/eqbxg1clnr.m3u8"
    },
    {
      "title": "Permutation and Combination",
      "url": "https://fast.wistia.com/embed/medias/lwqula89gi.m3u8"
    },
    {
      "title": "Probability",
      "url": "https://fast.wistia.com/embed/medias/1c06gjenr2.m3u8"
    },
    {
      "title": "Bar Charts",
      "url": "https://fast.wistia.com/embed/medias/uoyy8fjscz.m3u8"
    },
    {
      "title": "Pie Charts",
      "url": "https://fast.wistia.com/embed/medias/rcy7dnx3nz.m3u8"
    },
    {
      "title": "Tables",
      "url": "https://fast.wistia.com/embed/medias/1ymkyxo4ir.m3u8"
    },
    {
      "title": "Mixed Charts",
      "url": "https://fast.wistia.com/embed/medias/bp75rgpeh4.m3u8"
    },
    {
      "title": "Series (Number Series)",
      "url": "https://fast.wistia.com/embed/medias/p447lbk7ca.m3u8"
    },
    {
      "title": "Series (Letter and Mixed Series)",
      "url": "https://fast.wistia.com/embed/medias/twx3tagxvx.m3u8"
    },
    {
      "title": "Coding Decoding",
      "url": "https://fast.wistia.com/embed/medias/nezx4xp7vg.m3u8"
    },
    {
      "title": "Clocks and Calendars",
      "url": "https://fast.wistia.com/embed/medias/sjj2k8969s.m3u8"
    },
    {
      "title": "Blood Relations",
      "url": "https://fast.wistia.com/embed/medias/pu29hteefb.m3u8"
    },
    {
      "title": "Direction Sense",
      "url": "https://fast.wistia.com/embed/medias/92ql2el5aa.m3u8"
    },
    {
      "title": "Syllogism",
      "url": "https://fast.wistia.com/embed/medias/sj8syl0dj1.m3u8"
    },
    {
      "title": "Cubes and Dice",
      "url": "https://fast.wistia.com/embed/medias/mo1qep6qus.m3u8"
    },
    {
      "title": "Linear Arrangements",
      "url": "https://fast.wistia.com/embed/medias/rpr4j3s5rv.m3u8"
    },
    {
      "title": "Circular Arrangements",
      "url": "https://fast.wistia.com/embed/medias/vop5i83izm.m3u8"
    },
    {
      "title": "Games",
      "url": "https://fast.wistia.com/embed/medias/ivfi679dzu.m3u8"
    },
    {
      "title": "Ordering and Seq. Puzzles",
      "url": "https://fast.wistia.com/embed/medias/y8492gmj0o.m3u8"
    },
    {
      "title": "MIsc Puzzles",
      "url": "https://fast.wistia.com/embed/medias/hnz4jm1p0b.m3u8"
    },
    {
      "title": "Critical Reasoning",
      "url": "https://fast.wistia.com/embed/medias/8ncd8q1245.m3u8"
    },
    {
      "title": "Venn Diagrams",
      "url": "https://fast.wistia.com/embed/medias/8qdrl81ts4.m3u8"
    },
    {
      "title": "Spotting Errors",
      "url": "https://fast.wistia.com/embed/medias/9q71gdwtif.m3u8"
    },
    {
      "title": "Synonyms",
      "url": "https://fast.wistia.com/embed/medias/5ysnt3frtk.m3u8"
    },
    {
      "title": "Antonyms",
      "url": "https://fast.wistia.com/embed/medias/h3ola72nhz.m3u8"
    },
    {
      "title": "Direct Indirect Speech",
      "url": "https://fast.wistia.com/embed/medias/ol8y60xmj2.m3u8"
    },
    {
      "title": "Cloze Test",
      "url": "https://fast.wistia.com/embed/medias/imm6cs7ca0.m3u8"
    },
    {
      "title": "Sentence Improvement",
      "url": "https://fast.wistia.com/embed/medias/d1owwzf4i0.m3u8"
    },
    {
      "title": "Idioms and Phrases",
      "url": "https://fast.wistia.com/embed/medias/wviaxmme1w.m3u8"
    },
    {
      "title": "Substitution",
      "url": "https://fast.wistia.com/embed/medias/7po96djxgp.m3u8"
    },
    {
      "title": "Active Passive",
      "url": "https://fast.wistia.com/embed/medias/fw2q8az0kg.m3u8"
    },
    {
      "title": "Reading Comprehension",
      "url": "https://fast.wistia.com/embed/medias/pn00fkfndw.m3u8"
    }
  ],
  "whatYouWillLearn": [
    "Master quantitative aptitude and mathematical reasoning",
    "Solve complex numerical and logical problems",
    "Understand data interpretation and analysis",
    "Learn time management and exam strategies",
    "Master verbal and non-verbal reasoning",
    "Develop analytical and critical thinking skills"
  ],
  "requirements": [
    "Basic understanding of mathematics and logical reasoning",
    "Knowledge of English language for verbal reasoning",
    "Internet connection for video streaming",
    "Calculator for numerical calculations",
    "Notebook for practice problems and notes"
  ],
  "rating": {
    "average": 4,
    "count": 408,
    "breakdown": {
      "1": 5,
      "2": 6,
      "3": 13,
      "4": 61,
      "5": 247
    }
  },
  "duration": "12h 46m",
  "level": "Intermediate",
  "language": "Hindi",
  "studentsEnrolled": 1035,
  "lastUpdated": "2025-10-20",
  "features": [
    "Lifetime Access",
    "Certificate of Completion",
    "Mobile and Desktop Access",
    "Downloadable Resources",
    "Community Support"
  ],
  "teacherId": "apna-college"
}