{
  "courseName": "SIGMA-9-APIPTUDE-HINDI",
  "coursecategory": "aptitude",
  "viewtype": "both",
  "des": "Learn SIGMA - 9 APIPTUDE - HINDI by Apna college with comprehensive video tutorials and hands-on projects.",
  "imageofcourse": "https://i.ytimg.com/vi/xWSpo2lFfUw/hq720.jpg?sqp=-oaymwEhCK4FEIIDSFryq4qpAxMIARUAAAAAGAElAADIQj0AgKJD&rs=AOn4CLDl2k1at5CjSKMJ_XCNBaQvV4EJXQ",
  "audio": "english",
  "cost": 0,
  "videoType": "wistia",
  "subsection": [
    "sigma",
    "apna-college",
    "shradha-khapra"
  ],
  "redirecturl": "https://fast.wistia.com/embed/medias/a94t2ivslh.m3u8",
  "rank": "medium",
  "videos": [
    {
      "title": "Aptitude Preparation Live session by Aman sir",
      "url": "https://fast.wistia.com/embed/medias/a94t2ivslh.m3u8"
    },
    {
      "title": "Basic Calculation Tricks",
      "url": "https://fast.wistia.com/embed/medias/e1z3ax0mpg.m3u8"
    },
    {
      "title": "Simplification",
      "url": "https://fast.wistia.com/embed/medias/3l6w1q03q7.m3u8"
    },
    {
      "title": "Percentages",
      "url": "https://fast.wistia.com/embed/medias/a83aumthgn.m3u8"
    },
    {
      "title": "Simple Interest",
      "url": "https://fast.wistia.com/embed/medias/yqv6v5q253.m3u8"
    },
    {
      "title": "Compound Interest",
      "url": "https://fast.wistia.com/embed/medias/15ydthsmb2.m3u8"
    },
    {
      "title": "Ratio and Proportion",
      "url": "https://fast.wistia.com/embed/medias/b9osjdf3q2.m3u8"
    },
    {
      "title": "Profit and Loss",
      "url": "https://fast.wistia.com/embed/medias/ego02ed5q0.m3u8"
    },
    {
      "title": "Averages",
      "url": "https://fast.wistia.com/embed/medias/zumros3c9q.m3u8"
    },
    {
      "title": "Ages",
      "url": "https://fast.wistia.com/embed/medias/zojiqwgaxv.m3u8"
    },
    {
      "title": "Partnership",
      "url": "https://fast.wistia.com/embed/medias/1t02gu4otl.m3u8"
    },
    {
      "title": "Mixture and Alligation",
      "url": "https://fast.wistia.com/embed/medias/xuskdgde1u.m3u8"
    },
    {
      "title": "Time Work",
      "url": "https://fast.wistia.com/embed/medias/v4cg0as4t6.m3u8"
    },
    {
      "title": "Pipes and Cistern",
      "url": "https://fast.wistia.com/embed/medias/kx28nxsz3u.m3u8"
    },
    {
      "title": "Time, Speed and Distance",
      "url": "https://fast.wistia.com/embed/medias/sy5gje4xcm.m3u8"
    },
    {
      "title": "Trains",
      "url": "https://fast.wistia.com/embed/medias/tdly4ry94v.m3u8"
    },
    {
      "title": "Boat & Streams",
      "url": "https://fast.wistia.com/embed/medias/fs9mblxjm5.m3u8"
    },
    {
      "title": "Numbers",
      "url": "https://fast.wistia.com/embed/medias/2wk9p7q7wz.m3u8"
    },
    {
      "title": "Cyclicity",
      "url": "https://fast.wistia.com/embed/medias/xepnezlvbc.m3u8"
    },
    {
      "title": "Divisibility",
      "url": "https://fast.wistia.com/embed/medias/qh3q9sovwd.m3u8"
    },
    {
      "title": "HCF and LCM",
      "url": "https://fast.wistia.com/embed/medias/ql56c0p8ux.m3u8"
    },
    {
      "title": "Probability",
      "url": "https://fast.wistia.com/embed/medias/5cm0h4m0l7.m3u8"
    },
    {
      "title": "Permutation & Combination",
      "url": "https://fast.wistia.com/embed/medias/nfjuxgv5zm.m3u8"
    },
    {
      "title": "2D",
      "url": "https://fast.wistia.com/embed/medias/bzhzq7xr2h.m3u8"
    },
    {
      "title": "3D",
      "url": "https://fast.wistia.com/embed/medias/8btltvvw9p.m3u8"
    },
    {
      "title": "Tables",
      "url": "https://fast.wistia.com/embed/medias/o3zwdcj1fv.m3u8"
    },
    {
      "title": "Bar Chart",
      "url": "https://fast.wistia.com/embed/medias/see4tup2ef.m3u8"
    },
    {
      "title": "Line Chart",
      "url": "https://fast.wistia.com/embed/medias/25fki1qd7f.m3u8"
    },
    {
      "title": "Pie Chart",
      "url": "https://fast.wistia.com/embed/medias/s9cqbsqna3.m3u8"
    },
    {
      "title": "Mixed Charts",
      "url": "https://fast.wistia.com/embed/medias/my99c2r52p.m3u8"
    },
    {
      "title": "Number Series",
      "url": "https://fast.wistia.com/embed/medias/wk75cilvlg.m3u8"
    },
    {
      "title": "Letter Series",
      "url": "https://fast.wistia.com/embed/medias/4ss2ixpgvd.m3u8"
    },
    {
      "title": "Alpha-Numeric Series",
      "url": "https://fast.wistia.com/embed/medias/02pyoz37ez.m3u8"
    },
    {
      "title": "Coding Decoding",
      "url": "https://fast.wistia.com/embed/medias/r23amjkv1q.m3u8"
    },
    {
      "title": "Distance and Direction",
      "url": "https://fast.wistia.com/embed/medias/rs3oufi5k3.m3u8"
    },
    {
      "title": "Syllogism",
      "url": "https://fast.wistia.com/embed/medias/jc86szodbf.m3u8"
    },
    {
      "title": "Blood Relations",
      "url": "https://fast.wistia.com/embed/medias/lvtla5qnrk.m3u8"
    },
    {
      "title": "Calendars",
      "url": "https://fast.wistia.com/embed/medias/rr0cifojq9.m3u8"
    },
    {
      "title": "Cubes",
      "url": "https://fast.wistia.com/embed/medias/13l26x37uv.m3u8"
    },
    {
      "title": "Games and Tournaments",
      "url": "https://fast.wistia.com/embed/medias/vf1fkv9mq9.m3u8"
    },
    {
      "title": "Venn Diagrams",
      "url": "https://fast.wistia.com/embed/medias/2gk99x6v9h.m3u8"
    },
    {
      "title": "Seating Arrangement - Linear",
      "url": "https://fast.wistia.com/embed/medias/ckbu13tfg5.m3u8"
    },
    {
      "title": "Seating Arrangement - Circular",
      "url": "https://fast.wistia.com/embed/medias/vux6lscxtn.m3u8"
    },
    {
      "title": "Puzzles - Ordering",
      "url": "https://fast.wistia.com/embed/medias/ma1grmzp9o.m3u8"
    },
    {
      "title": "Puzzles - Stack based",
      "url": "https://fast.wistia.com/embed/medias/6223x4iblb.m3u8"
    },
    {
      "title": "Puzzles - Days/Months based",
      "url": "https://fast.wistia.com/embed/medias/du19cgfwke.m3u8"
    },
    {
      "title": "Spotting Errors",
      "url": "https://fast.wistia.com/embed/medias/9q71gdwtif.m3u8"
    },
    {
      "title": "Synonyms",
      "url": "https://fast.wistia.com/embed/medias/5ysnt3frtk.m3u8"
    },
    {
      "title": "Antonyms",
      "url": "https://fast.wistia.com/embed/medias/h3ola72nhz.m3u8"
    },
    {
      "title": "Direct Indirect Speech",
      "url": "https://fast.wistia.com/embed/medias/ol8y60xmj2.m3u8"
    },
    {
      "title": "Cloze Test",
      "url": "https://fast.wistia.com/embed/medias/imm6cs7ca0.m3u8"
    },
    {
      "title": "Sentence Improvement",
      "url": "https://fast.wistia.com/embed/medias/d1owwzf4i0.m3u8"
    },
    {
      "title": "Idioms and Phrases",
      "url": "https://fast.wistia.com/embed/medias/wviaxmme1w.m3u8"
    },
    {
      "title": "Substitution",
      "url": "https://fast.wistia.com/embed/medias/7po96djxgp.m3u8"
    },
    {
      "title": "Active Passive",
      "url": "https://fast.wistia.com/embed/medias/fw2q8az0kg.m3u8"
    },
    {
      "title": "Reading Comprehension",
      "url": "https://fast.wistia.com/embed/medias/pn00fkfndw.m3u8"
    }
  ],
  "whatYouWillLearn": [
    "Master quantitative aptitude and mathematical reasoning in Hindi",
    "Solve complex numerical and logical problems",
    "Understand data interpretation and analysis",
    "Learn time management and exam strategies",
    "Master verbal and non-verbal reasoning",
    "Develop analytical and critical thinking skills"
  ],
  "requirements": [
    "Basic computer knowledge",
    "Internet connection for video streaming",
    "Code editor (VS Code recommended)",
    "Motivation to learn and practice"
  ],
  "rating": {
    "average": 4.4,
    "count": 533,
    "breakdown": {
      "1": 1,
      "2": 1,
      "3": 25,
      "4": 135,
      "5": 343
    }
  },
  "duration": "7h 47m",
  "level": "Intermediate",
  "language": "Hindi",
  "studentsEnrolled": 329,
  "lastUpdated": "2025-10-20",
  "features": [
    "Lifetime Access",
    "Certificate of Completion",
    "Mobile and Desktop Access",
    "Downloadable Resources",
    "Community Support"
  ],
  "teacherId": "apna-college"
}