{
  "courseName": "SIGMA-9-MERN",
  "coursecategory": "web-development",
  "viewtype": "both",
  "des": "Learn SIGMA - 9 MERN STACK DEVELOPMENT by Apna college with comprehensive video tutorials and hands-on projects.",
  "imageofcourse": "https://i.ytimg.com/vi/xWSpo2lFfUw/hq720.jpg?sqp=-oaymwEhCK4FEIIDSFryq4qpAxMIARUAAAAAGAElAADIQj0AgKJD&rs=AOn4CLDl2k1at5CjSKMJ_XCNBaQvV4EJXQ",
  "audio": "english",
  "cost": 0,
  "videoType": "wistia",
  "subsection": [
    "sigma",
    "apna-college",
    "shradha-khapra"
  ],
  "redirecturl": "https://fast.wistia.com/embed/medias/hucl9u6so2.m3u8",
  "rank": "medium",
  "homepage": true,
  "videos": [
    {
      "title": "Welcome to Delta!",
      "url": "https://fast.wistia.com/embed/medias/hucl9u6so2.m3u8"
    },
    {
      "title": "What is the Internet?",
      "url": "https://fast.wistia.com/embed/medias/m9wv4feydy.m3u8"
    },
    {
      "title": "What is Web Development?",
      "url": "https://fast.wistia.com/embed/medias/3qi5un6lj3.m3u8"
    },
    {
      "title": "What will we learn?",
      "url": "https://fast.wistia.com/embed/medias/vycpb4611f.m3u8"
    },
    {
      "title": "Prerequisites",
      "url": "https://fast.wistia.com/embed/medias/36rob479bs.m3u8"
    },
    {
      "title": "Introduction to HTML",
      "url": "https://fast.wistia.com/embed/medias/qxbvokwmqj.m3u8"
    },
    {
      "title": "HTML Elements & Tags",
      "url": "https://fast.wistia.com/embed/medias/9ifsi19vbr.m3u8"
    },
    {
      "title": "Hello World",
      "url": "https://fast.wistia.com/embed/medias/fp2h3r3nvu.m3u8"
    },
    {
      "title": "Paragraph Element",
      "url": "https://fast.wistia.com/embed/medias/g9na6rypsh.m3u8"
    },
    {
      "title": "Heading Elements",
      "url": "https://fast.wistia.com/embed/medias/sobe72tnxk.m3u8"
    },
    {
      "title": "Practice Qs (Level1A)",
      "url": "https://fast.wistia.com/embed/medias/cfoqf4a3hc.m3u8"
    },
    {
      "title": "Boilerplate Code",
      "url": "https://fast.wistia.com/embed/medias/t51tsv4qzq.m3u8"
    },
    {
      "title": "Lists in HTML",
      "url": "https://fast.wistia.com/embed/medias/vw5us5aovy.m3u8"
    },
    {
      "title": "Attributes in HTML",
      "url": "https://fast.wistia.com/embed/medias/bpffcphcpm.m3u8"
    },
    {
      "title": "Anchor Element",
      "url": "https://fast.wistia.com/embed/medias/bp0yxwp6ec.m3u8"
    },
    {
      "title": "Image Element",
      "url": "https://fast.wistia.com/embed/medias/6huct4z3gr.m3u8"
    },
    {
      "title": "Practice Qs",
      "url": "https://fast.wistia.com/embed/medias/ocb9m0tryx.m3u8"
    },
    {
      "title": "More HTML Tags",
      "url": "https://fast.wistia.com/embed/medias/cdy348g59o.m3u8"
    },
    {
      "title": "Comments in HTML",
      "url": "https://fast.wistia.com/embed/medias/3pi93h105v.m3u8"
    },
    {
      "title": "Is HTML Case Sensitive?",
      "url": "https://fast.wistia.com/embed/medias/g5mlw0qcsu.m3u8"
    },
    {
      "title": "Practice Qs",
      "url": "https://fast.wistia.com/embed/medias/ocb9m0tryx.m3u8"
    },
    {
      "title": "Inline v/s Block",
      "url": "https://fast.wistia.com/embed/medias/7oowvmgcal.m3u8"
    },
    {
      "title": "Div Element",
      "url": "https://fast.wistia.com/embed/medias/d8z01byr2y.m3u8"
    },
    {
      "title": "Span Element",
      "url": "https://fast.wistia.com/embed/medias/3iel3ki50u.m3u8"
    },
    {
      "title": "Hr Tag",
      "url": "https://fast.wistia.com/embed/medias/irg61p1y6j.m3u8"
    },
    {
      "title": "Sup & Sub Tags",
      "url": "https://fast.wistia.com/embed/medias/3q1oq3tkzi.m3u8"
    },
    {
      "title": "Practice Qs",
      "url": "https://fast.wistia.com/embed/medias/ocb9m0tryx.m3u8"
    },
    {
      "title": "Semantic Markup",
      "url": "https://fast.wistia.com/embed/medias/u4f772478e.m3u8"
    },
    {
      "title": "Semantic Tags",
      "url": "https://fast.wistia.com/embed/medias/1aubc783az.m3u8"
    },
    {
      "title": "Practice Qs",
      "url": "https://fast.wistia.com/embed/medias/ocb9m0tryx.m3u8"
    },
    {
      "title": "HTML Entities",
      "url": "https://fast.wistia.com/embed/medias/6x68liv18j.m3u8"
    },
    {
      "title": "Practice Qs",
      "url": "https://fast.wistia.com/embed/medias/ocb9m0tryx.m3u8"
    },
    {
      "title": "Emmets",
      "url": "https://fast.wistia.com/embed/medias/oeylvd5qgx.m3u8"
    },
    {
      "title": "Further Understanding HTML",
      "url": "https://fast.wistia.com/embed/medias/0df8zr5u37.m3u8"
    },
    {
      "title": "Tables in HTML",
      "url": "https://fast.wistia.com/embed/medias/3hvrosdm8f.m3u8"
    },
    {
      "title": "Semantics in Tables",
      "url": "https://fast.wistia.com/embed/medias/9hj8qvduqg.m3u8"
    },
    {
      "title": "Colspan & Rowspan Attributes",
      "url": "https://fast.wistia.com/embed/medias/y3fba8sjfj.m3u8"
    },
    {
      "title": "Practice Qs",
      "url": "https://fast.wistia.com/embed/medias/ocb9m0tryx.m3u8"
    },
    {
      "title": "Forms in HTML",
      "url": "https://fast.wistia.com/embed/medias/wqzoijwsmu.m3u8"
    },
    {
      "title": "Input - Form Element",
      "url": "https://fast.wistia.com/embed/medias/9t4nndd5hn.m3u8"
    },
    {
      "title": "Placeholders & Labels",
      "url": "https://fast.wistia.com/embed/medias/x9fphbckn0.m3u8"
    },
    {
      "title": "Button Element",
      "url": "https://fast.wistia.com/embed/medias/wtl2o0wcx0.m3u8"
    },
    {
      "title": "Name Attribute",
      "url": "https://fast.wistia.com/embed/medias/n5jeloaqqb.m3u8"
    },
    {
      "title": "Practice Qs",
      "url": "https://fast.wistia.com/embed/medias/ocb9m0tryx.m3u8"
    },
    {
      "title": "Checkbox - Input Element",
      "url": "https://fast.wistia.com/embed/medias/34d4owbgi6.m3u8"
    },
    {
      "title": "Radio - Input Element",
      "url": "https://fast.wistia.com/embed/medias/1wh0t07j78.m3u8"
    },
    {
      "title": "Select - Input Element",
      "url": "https://fast.wistia.com/embed/medias/kz09bpvkds.m3u8"
    },
    {
      "title": "Range - Input Element",
      "url": "https://fast.wistia.com/embed/medias/l7ei4jbh8a.m3u8"
    },
    {
      "title": "Text Area",
      "url": "https://fast.wistia.com/embed/medias/d5zkf46pzf.m3u8"
    },
    {
      "title": "Practice Qs",
      "url": "https://fast.wistia.com/embed/medias/ocb9m0tryx.m3u8"
    },
    {
      "title": "What is CSS?",
      "url": "https://fast.wistia.com/embed/medias/da8qe50cyu.m3u8"
    },
    {
      "title": "Basic CSS Format",
      "url": "https://fast.wistia.com/embed/medias/owal0r92dy.m3u8"
    },
    {
      "title": "Including CSS",
      "url": "https://fast.wistia.com/embed/medias/dmiixztj84.m3u8"
    },
    {
      "title": "Color Property",
      "url": "https://fast.wistia.com/embed/medias/dif612ki7m.m3u8"
    },
    {
      "title": "Background Color Property",
      "url": "https://fast.wistia.com/embed/medias/cgqak53w6a.m3u8"
    },
    {
      "title": "Practice Qs",
      "url": "https://fast.wistia.com/embed/medias/ocb9m0tryx.m3u8"
    },
    {
      "title": "Color Systems (Name & RGB)",
      "url": "https://fast.wistia.com/embed/medias/9t6m5irdth.m3u8"
    },
    {
      "title": "Hex Codes",
      "url": "https://fast.wistia.com/embed/medias/3t312i6w7h.m3u8"
    },
    {
      "title": "Practice Qs",
      "url": "https://fast.wistia.com/embed/medias/ocb9m0tryx.m3u8"
    },
    {
      "title": "Text Align Property",
      "url": "https://fast.wistia.com/embed/medias/iol9wpt8hu.m3u8"
    },
    {
      "title": "Font Weight & Text Decoration",
      "url": "https://fast.wistia.com/embed/medias/x03a2kmu6f.m3u8"
    },
    {
      "title": "Line Height & Letter Spacing",
      "url": "https://fast.wistia.com/embed/medias/3ogseajx53.m3u8"
    },
    {
      "title": "Units in CSS (Pixel)",
      "url": "https://fast.wistia.com/embed/medias/cp7sblc0r6.m3u8"
    },
    {
      "title": "Font Family",
      "url": "https://fast.wistia.com/embed/medias/fxe4xsiqbf.m3u8"
    },
    {
      "title": "Practice Qs",
      "url": "https://fast.wistia.com/embed/medias/ocb9m0tryx.m3u8"
    },
    {
      "title": "How to download?",
      "url": "https://fast.wistia.com/embed/medias/8xulqixmpc.m3u8"
    },
    {
      "title": "Universal Selector",
      "url": "https://fast.wistia.com/embed/medias/rhk3yplbt2.m3u8"
    },
    {
      "title": "Element Selector",
      "url": "https://fast.wistia.com/embed/medias/nbud61puaf.m3u8"
    },
    {
      "title": "Id Selector",
      "url": "https://fast.wistia.com/embed/medias/ximnny6nfv.m3u8"
    },
    {
      "title": "Class Selector",
      "url": "https://fast.wistia.com/embed/medias/xsr9ce8q79.m3u8"
    },
    {
      "title": "Practice Qs",
      "url": "https://fast.wistia.com/embed/medias/ocb9m0tryx.m3u8"
    },
    {
      "title": "Descendant Selector",
      "url": "https://fast.wistia.com/embed/medias/dx1bg9703x.m3u8"
    },
    {
      "title": "Sibling Combinator",
      "url": "https://fast.wistia.com/embed/medias/7j7kovgtch.m3u8"
    },
    {
      "title": "Child Combinator",
      "url": "https://fast.wistia.com/embed/medias/jakuu545gg.m3u8"
    },
    {
      "title": "Attribute Selector",
      "url": "https://fast.wistia.com/embed/medias/6bbyohrbc0.m3u8"
    },
    {
      "title": "Practice Qs",
      "url": "https://fast.wistia.com/embed/medias/ocb9m0tryx.m3u8"
    },
    {
      "title": "Pseudo Class",
      "url": "https://fast.wistia.com/embed/medias/hk5qww0av0.m3u8"
    },
    {
      "title": "Pseudo Element",
      "url": "https://fast.wistia.com/embed/medias/a5szywx9pd.m3u8"
    },
    {
      "title": "Cascading & Specificity",
      "url": "https://fast.wistia.com/embed/medias/ipn7l9df1o.m3u8"
    },
    {
      "title": "Practice Qs",
      "url": "https://fast.wistia.com/embed/medias/ocb9m0tryx.m3u8"
    },
    {
      "title": "!important in CSS",
      "url": "https://fast.wistia.com/embed/medias/jfx1ve90a6.m3u8"
    },
    {
      "title": "Inheritance",
      "url": "https://fast.wistia.com/embed/medias/88n8jcb0kr.m3u8"
    },
    {
      "title": "Box Model",
      "url": "https://fast.wistia.com/embed/medias/57i7t6mn6q.m3u8"
    },
    {
      "title": "Height & Width",
      "url": "https://fast.wistia.com/embed/medias/1hvqtq4qi6.m3u8"
    },
    {
      "title": "Border",
      "url": "https://fast.wistia.com/embed/medias/vr46h7arss.m3u8"
    },
    {
      "title": "Border Radius",
      "url": "https://fast.wistia.com/embed/medias/vnljlnowqd.m3u8"
    },
    {
      "title": "Padding Property",
      "url": "https://fast.wistia.com/embed/medias/9lnzqddapa.m3u8"
    },
    {
      "title": "Margin Property",
      "url": "https://fast.wistia.com/embed/medias/y5rfpa51a5.m3u8"
    },
    {
      "title": "Practice Qs",
      "url": "https://fast.wistia.com/embed/medias/ocb9m0tryx.m3u8"
    },
    {
      "title": "Display Property",
      "url": "https://fast.wistia.com/embed/medias/bapl29tao4.m3u8"
    },
    {
      "title": "Inline-Block",
      "url": "https://fast.wistia.com/embed/medias/dakmmqgrsa.m3u8"
    },
    {
      "title": "Relative Units (Percentage)",
      "url": "https://fast.wistia.com/embed/medias/godb0v5j0l.m3u8"
    },
    {
      "title": "Em & Rem in Units",
      "url": "https://fast.wistia.com/embed/medias/sss4eko23t.m3u8"
    },
    {
      "title": "Alpha & Opacity",
      "url": "https://fast.wistia.com/embed/medias/l4vwko4a53.m3u8"
    },
    {
      "title": "Transitions in CSS",
      "url": "https://fast.wistia.com/embed/medias/8piberfhkv.m3u8"
    },
    {
      "title": "Transform - Rotate",
      "url": "https://fast.wistia.com/embed/medias/s7u6dw7gji.m3u8"
    },
    {
      "title": "Tranform - Scale",
      "url": "https://fast.wistia.com/embed/medias/9wlv3pdgc5.m3u8"
    },
    {
      "title": "Transform - Translate",
      "url": "https://fast.wistia.com/embed/medias/z1jpfn3dkq.m3u8"
    },
    {
      "title": "Transform - Skew",
      "url": "https://fast.wistia.com/embed/medias/828hh9j9ob.m3u8"
    },
    {
      "title": "Box Shadow",
      "url": "https://fast.wistia.com/embed/medias/9b9j46hxvv.m3u8"
    },
    {
      "title": "Background Image",
      "url": "https://fast.wistia.com/embed/medias/tifdwx087b.m3u8"
    },
    {
      "title": "Card Hover Effect",
      "url": "https://fast.wistia.com/embed/medias/wj6hpxm1kw.m3u8"
    },
    {
      "title": "Position Property",
      "url": "https://fast.wistia.com/embed/medias/k0sgdk78uv.m3u8"
    },
    {
      "title": "Simple Smiley Face",
      "url": "https://fast.wistia.com/embed/medias/8enimluept.m3u8"
    },
    {
      "title": "What is Flexbox?",
      "url": "https://fast.wistia.com/embed/medias/owwonzcb8b.m3u8"
    },
    {
      "title": "Display Flex",
      "url": "https://fast.wistia.com/embed/medias/q37bwapho1.m3u8"
    },
    {
      "title": "Flex Direction",
      "url": "https://fast.wistia.com/embed/medias/4gxs2m35i4.m3u8"
    },
    {
      "title": "Justify Content",
      "url": "https://fast.wistia.com/embed/medias/iawavn4opx.m3u8"
    },
    {
      "title": "Flex Wrap",
      "url": "https://fast.wistia.com/embed/medias/ap4oycwq70.m3u8"
    },
    {
      "title": "Align Items",
      "url": "https://fast.wistia.com/embed/medias/ebljd61kl7.m3u8"
    },
    {
      "title": "Align Content",
      "url": "https://fast.wistia.com/embed/medias/6k6lfdc5ls.m3u8"
    },
    {
      "title": "Align Self",
      "url": "https://fast.wistia.com/embed/medias/x430qvnhw5.m3u8"
    },
    {
      "title": "Flex Sizing",
      "url": "https://fast.wistia.com/embed/medias/9r21928ghv.m3u8"
    },
    {
      "title": "Flex Shorthand",
      "url": "https://fast.wistia.com/embed/medias/2wmsuhswn9.m3u8"
    },
    {
      "title": "What is Grid?",
      "url": "https://fast.wistia.com/embed/medias/wj4f9efc0a.m3u8"
    },
    {
      "title": "Grid Model",
      "url": "https://fast.wistia.com/embed/medias/zwbxce3i1x.m3u8"
    },
    {
      "title": "Grid Template",
      "url": "https://fast.wistia.com/embed/medias/tmi1brn0p2.m3u8"
    },
    {
      "title": "Grid Template (repeat)",
      "url": "https://fast.wistia.com/embed/medias/vtgrzkhnzc.m3u8"
    },
    {
      "title": "Grid Gaps",
      "url": "https://fast.wistia.com/embed/medias/h7ilh83zhl.m3u8"
    },
    {
      "title": "Grid Columns",
      "url": "https://fast.wistia.com/embed/medias/j94ogl21tm.m3u8"
    },
    {
      "title": "Grid Rows",
      "url": "https://fast.wistia.com/embed/medias/x1o4u4z3ns.m3u8"
    },
    {
      "title": "Grid Properties",
      "url": "https://fast.wistia.com/embed/medias/29omceknlb.m3u8"
    },
    {
      "title": "Animation in CSS",
      "url": "https://fast.wistia.com/embed/medias/o654lp1pzf.m3u8"
    },
    {
      "title": "Animation Shorthand",
      "url": "https://fast.wistia.com/embed/medias/4l6k7hvxa3.m3u8"
    },
    {
      "title": "% in Animation",
      "url": "https://fast.wistia.com/embed/medias/9uwboqjx3j.m3u8"
    },
    {
      "title": "Media Queries",
      "url": "https://fast.wistia.com/embed/medias/htyr1en6ds.m3u8"
    },
    {
      "title": "Media Queries (Orientation)",
      "url": "https://fast.wistia.com/embed/medias/orsyg7p2n4.m3u8"
    },
    {
      "title": "Pet Adoption Page",
      "url": "https://fast.wistia.com/embed/medias/vb48hemovw.m3u8"
    },
    {
      "title": "z-index",
      "url": "https://fast.wistia.com/embed/medias/2hdqzl1jkg.m3u8"
    },
    {
      "title": "Color Theory",
      "url": "https://fast.wistia.com/embed/medias/xq8smu09zd.m3u8"
    },
    {
      "title": "Typography",
      "url": "https://fast.wistia.com/embed/medias/j0t4g4ai68.m3u8"
    },
    {
      "title": "Google Fonts",
      "url": "https://fast.wistia.com/embed/medias/cf96ct59uu.m3u8"
    },
    {
      "title": "Icons",
      "url": "https://fast.wistia.com/embed/medias/gqb9mjfu7n.m3u8"
    },
    {
      "title": "Introduction",
      "url": "https://fast.wistia.com/embed/medias/spezzeyl23.m3u8"
    },
    {
      "title": "Setting Style",
      "url": "https://fast.wistia.com/embed/medias/v7nlxbprzj.m3u8"
    },
    {
      "title": "Sidebar Menu",
      "url": "https://fast.wistia.com/embed/medias/qnaiocd93l.m3u8"
    },
    {
      "title": "Hover Changes",
      "url": "https://fast.wistia.com/embed/medias/3ncku2j483.m3u8"
    },
    {
      "title": "Configuring Checkbox",
      "url": "https://fast.wistia.com/embed/medias/d8pv98ax5c.m3u8"
    },
    {
      "title": "What is Bootstrap?",
      "url": "https://fast.wistia.com/embed/medias/ya3w1ztj2c.m3u8"
    },
    {
      "title": "Using Bootstrap",
      "url": "https://fast.wistia.com/embed/medias/2oc6vviqox.m3u8"
    },
    {
      "title": "Container (Layout)",
      "url": "https://fast.wistia.com/embed/medias/ydppso67qm.m3u8"
    },
    {
      "title": "Button (Component)",
      "url": "https://fast.wistia.com/embed/medias/lf6704i5m0.m3u8"
    },
    {
      "title": "Badge (Component)",
      "url": "https://fast.wistia.com/embed/medias/67ls7lt5hy.m3u8"
    },
    {
      "title": "Alert (Component)",
      "url": "https://fast.wistia.com/embed/medias/s96543u6u1.m3u8"
    },
    {
      "title": "Button Group (Component)",
      "url": "https://fast.wistia.com/embed/medias/m9idqe8l4e.m3u8"
    },
    {
      "title": "Navbar (Component)",
      "url": "https://fast.wistia.com/embed/medias/4cbnxg5gn7.m3u8"
    },
    {
      "title": "Card (Component)",
      "url": "https://fast.wistia.com/embed/medias/w0w2e7rlpp.m3u8"
    },
    {
      "title": "Grid (Layout)",
      "url": "https://fast.wistia.com/embed/medias/k046jdiq4z.m3u8"
    },
    {
      "title": "Grid (Vertical Alignment)",
      "url": "https://fast.wistia.com/embed/medias/hcxka8rlh1.m3u8"
    },
    {
      "title": "Form Controls in Bootstrap",
      "url": "https://fast.wistia.com/embed/medias/4gzqk676pl.m3u8"
    },
    {
      "title": "Select in Form",
      "url": "https://fast.wistia.com/embed/medias/x0ks3296dj.m3u8"
    },
    {
      "title": "Checkbox & Radio in Form",
      "url": "https://fast.wistia.com/embed/medias/znco4153wc.m3u8"
    },
    {
      "title": "Form Layout",
      "url": "https://fast.wistia.com/embed/medias/dkl49u5opn.m3u8"
    },
    {
      "title": "Setting up",
      "url": "https://fast.wistia.com/embed/medias/uumslsrgnh.m3u8"
    },
    {
      "title": "Basics",
      "url": "https://fast.wistia.com/embed/medias/i9m0nxil2p.m3u8"
    },
    {
      "title": "Layout",
      "url": "https://fast.wistia.com/embed/medias/qluvhmth9f.m3u8"
    },
    {
      "title": "Sidebar (Nav)",
      "url": "https://fast.wistia.com/embed/medias/n1lcytsj79.m3u8"
    },
    {
      "title": "Sidebar (Library)",
      "url": "https://fast.wistia.com/embed/medias/tqck86m5nu.m3u8"
    },
    {
      "title": "Library Boxes",
      "url": "https://fast.wistia.com/embed/medias/8b38pqjuqb.m3u8"
    },
    {
      "title": "Sticky Nav",
      "url": "https://fast.wistia.com/embed/medias/9m1bu3b18m.m3u8"
    },
    {
      "title": "Cards",
      "url": "https://fast.wistia.com/embed/medias/a310mp3ijl.m3u8"
    },
    {
      "title": "Footer Line",
      "url": "https://fast.wistia.com/embed/medias/kzyrz2f7mt.m3u8"
    },
    {
      "title": "Setting up Player",
      "url": "https://fast.wistia.com/embed/medias/v58myl86an.m3u8"
    },
    {
      "title": "Player Controls",
      "url": "https://fast.wistia.com/embed/medias/cl4qr2kwch.m3u8"
    },
    {
      "title": "Playback Bar",
      "url": "https://fast.wistia.com/embed/medias/b488wte9s2.m3u8"
    },
    {
      "title": "Tailwind CSS",
      "url": "https://fast.wistia.com/embed/medias/3ae8dn0640.m3u8"
    },
    {
      "title": "Introduction",
      "url": "https://fast.wistia.com/embed/medias/spezzeyl23.m3u8"
    },
    {
      "title": "Using the Console",
      "url": "https://fast.wistia.com/embed/medias/aouktqdc6y.m3u8"
    },
    {
      "title": "What is a Variable?",
      "url": "https://fast.wistia.com/embed/medias/pvjr5jy0kz.m3u8"
    },
    {
      "title": "Data Types in JS",
      "url": "https://fast.wistia.com/embed/medias/s2w00r77zd.m3u8"
    },
    {
      "title": "Numbers in JS",
      "url": "https://fast.wistia.com/embed/medias/v42aah277c.m3u8"
    },
    {
      "title": "Operations in JS",
      "url": "https://fast.wistia.com/embed/medias/zk57g1fj0c.m3u8"
    },
    {
      "title": "NaN in JS",
      "url": "https://fast.wistia.com/embed/medias/necswiot09.m3u8"
    },
    {
      "title": "Operator Precedence",
      "url": "https://fast.wistia.com/embed/medias/kb6pe3o14h.m3u8"
    },
    {
      "title": "let, const & var Keywords",
      "url": "https://fast.wistia.com/embed/medias/4sfae63dlw.m3u8"
    },
    {
      "title": "Practice Qs",
      "url": "https://fast.wistia.com/embed/medias/ocb9m0tryx.m3u8"
    },
    {
      "title": "Assignment Operators",
      "url": "https://fast.wistia.com/embed/medias/jssv6lfkhz.m3u8"
    },
    {
      "title": "Unary Operators",
      "url": "https://fast.wistia.com/embed/medias/ja7kn84bre.m3u8"
    },
    {
      "title": "Practice Qs",
      "url": "https://fast.wistia.com/embed/medias/ocb9m0tryx.m3u8"
    },
    {
      "title": "Identifier Rules",
      "url": "https://fast.wistia.com/embed/medias/mlpss98fqf.m3u8"
    },
    {
      "title": "Boolean in JS",
      "url": "https://fast.wistia.com/embed/medias/0x53tl2xib.m3u8"
    },
    {
      "title": "What is TypeScript?",
      "url": "https://fast.wistia.com/embed/medias/c48bixnd5b.m3u8"
    },
    {
      "title": "Practice Qs",
      "url": "https://fast.wistia.com/embed/medias/ocb9m0tryx.m3u8"
    },
    {
      "title": "String in JS",
      "url": "https://fast.wistia.com/embed/medias/slbukg4jmp.m3u8"
    },
    {
      "title": "String Indices",
      "url": "https://fast.wistia.com/embed/medias/u77cj6prp1.m3u8"
    },
    {
      "title": "null & undefined in JS",
      "url": "https://fast.wistia.com/embed/medias/ltz5meydqk.m3u8"
    },
    {
      "title": "Practice Qs",
      "url": "https://fast.wistia.com/embed/medias/ocb9m0tryx.m3u8"
    },
    {
      "title": "console.log( )",
      "url": "https://fast.wistia.com/embed/medias/kuo0d3hya5.m3u8"
    },
    {
      "title": "Linking JS File",
      "url": "https://fast.wistia.com/embed/medias/80l9s16hby.m3u8"
    },
    {
      "title": "Template Literals",
      "url": "https://fast.wistia.com/embed/medias/fckri8bthj.m3u8"
    },
    {
      "title": "Operators in JS",
      "url": "https://fast.wistia.com/embed/medias/gqvoc0xrzz.m3u8"
    },
    {
      "title": "Comparison Operators",
      "url": "https://fast.wistia.com/embed/medias/vsoagygbge.m3u8"
    },
    {
      "title": "Comparison for Non-numbers",
      "url": "https://fast.wistia.com/embed/medias/7699by6t3i.m3u8"
    },
    {
      "title": "Conditional Statements",
      "url": "https://fast.wistia.com/embed/medias/l21se1cr8f.m3u8"
    },
    {
      "title": "if Statement",
      "url": "https://fast.wistia.com/embed/medias/6avv2atw8g.m3u8"
    },
    {
      "title": "Practice Qs",
      "url": "https://fast.wistia.com/embed/medias/ocb9m0tryx.m3u8"
    },
    {
      "title": "else if Statement",
      "url": "https://fast.wistia.com/embed/medias/hfrrpng75e.m3u8"
    },
    {
      "title": "else Statement",
      "url": "https://fast.wistia.com/embed/medias/vpqrn82pn1.m3u8"
    },
    {
      "title": "Practice Qs",
      "url": "https://fast.wistia.com/embed/medias/ocb9m0tryx.m3u8"
    },
    {
      "title": "Nested if-else",
      "url": "https://fast.wistia.com/embed/medias/0rewx2akqs.m3u8"
    },
    {
      "title": "Logical Operators",
      "url": "https://fast.wistia.com/embed/medias/0zik6wk7p4.m3u8"
    },
    {
      "title": "Practice Qs",
      "url": "https://fast.wistia.com/embed/medias/ocb9m0tryx.m3u8"
    },
    {
      "title": "truthy & falsy",
      "url": "https://fast.wistia.com/embed/medias/m3tgtzrixo.m3u8"
    },
    {
      "title": "Switch Statement",
      "url": "https://fast.wistia.com/embed/medias/snubvpafxf.m3u8"
    },
    {
      "title": "Practice Qs",
      "url": "https://fast.wistia.com/embed/medias/ocb9m0tryx.m3u8"
    },
    {
      "title": "Alerts & Prompts",
      "url": "https://fast.wistia.com/embed/medias/gk5tb8t3yv.m3u8"
    },
    {
      "title": "String Methods",
      "url": "https://fast.wistia.com/embed/medias/fixsqb2dz3.m3u8"
    },
    {
      "title": "Trim Method",
      "url": "https://fast.wistia.com/embed/medias/kpy4sjltx6.m3u8"
    },
    {
      "title": "Strings are Immutable in JS",
      "url": "https://fast.wistia.com/embed/medias/kfihlycv75.m3u8"
    },
    {
      "title": "ToUpperCase and ToLowerCase",
      "url": "https://fast.wistia.com/embed/medias/f3q6uegu4z.m3u8"
    },
    {
      "title": "Methods with Arguments - indexOf",
      "url": "https://fast.wistia.com/embed/medias/wjlt3cyp60.m3u8"
    },
    {
      "title": "Method Chaining",
      "url": "https://fast.wistia.com/embed/medias/t1aeogbktm.m3u8"
    },
    {
      "title": "Slice Method",
      "url": "https://fast.wistia.com/embed/medias/k77jrv6pyy.m3u8"
    },
    {
      "title": "Replace & Repeat Method",
      "url": "https://fast.wistia.com/embed/medias/s19jr3ob8f.m3u8"
    },
    {
      "title": "Practice Qs",
      "url": "https://fast.wistia.com/embed/medias/ocb9m0tryx.m3u8"
    },
    {
      "title": "Array (Data Structure)",
      "url": "https://fast.wistia.com/embed/medias/c8qvyjho10.m3u8"
    },
    {
      "title": "Visualizing Arrays",
      "url": "https://fast.wistia.com/embed/medias/5im0cay2dl.m3u8"
    },
    {
      "title": "Creating Arrays",
      "url": "https://fast.wistia.com/embed/medias/5im7vvucga.m3u8"
    },
    {
      "title": "Arrays are Mutable",
      "url": "https://fast.wistia.com/embed/medias/oiljvqqp67.m3u8"
    },
    {
      "title": "Array Methods",
      "url": "https://fast.wistia.com/embed/medias/mtokve0os2.m3u8"
    },
    {
      "title": "Practice Qs",
      "url": "https://fast.wistia.com/embed/medias/ocb9m0tryx.m3u8"
    },
    {
      "title": "indexOf & includes Method",
      "url": "https://fast.wistia.com/embed/medias/vdz4tg2bvq.m3u8"
    },
    {
      "title": "Concatenation & Reverse",
      "url": "https://fast.wistia.com/embed/medias/lbdu1j6nmp.m3u8"
    },
    {
      "title": "Slice in Arrays",
      "url": "https://fast.wistia.com/embed/medias/sid788ij1k.m3u8"
    },
    {
      "title": "Splice in Arrays",
      "url": "https://fast.wistia.com/embed/medias/myw1xehr7b.m3u8"
    },
    {
      "title": "Sort in Arrays",
      "url": "https://fast.wistia.com/embed/medias/bg4yanglhz.m3u8"
    },
    {
      "title": "Practice Qs",
      "url": "https://fast.wistia.com/embed/medias/ocb9m0tryx.m3u8"
    },
    {
      "title": "Arrays References",
      "url": "https://fast.wistia.com/embed/medias/k58d4l1chg.m3u8"
    },
    {
      "title": "Constant Arrays",
      "url": "https://fast.wistia.com/embed/medias/8t6noedw1d.m3u8"
    },
    {
      "title": "Nested Arrays",
      "url": "https://fast.wistia.com/embed/medias/fzcfpgxvpq.m3u8"
    },
    {
      "title": "Practice Qs",
      "url": "https://fast.wistia.com/embed/medias/ocb9m0tryx.m3u8"
    },
    {
      "title": "for Loops",
      "url": "https://fast.wistia.com/embed/medias/7i14z21dbl.m3u8"
    },
    {
      "title": "Dry Run",
      "url": "https://fast.wistia.com/embed/medias/c4u36wce46.m3u8"
    },
    {
      "title": "Print Odd Numbers",
      "url": "https://fast.wistia.com/embed/medias/94k4bzm7y6.m3u8"
    },
    {
      "title": "Print Even Numbers",
      "url": "https://fast.wistia.com/embed/medias/sxbimkb281.m3u8"
    },
    {
      "title": "Infinite Loops",
      "url": "https://fast.wistia.com/embed/medias/vstfo6llzk.m3u8"
    },
    {
      "title": "Print Multiplication Table",
      "url": "https://fast.wistia.com/embed/medias/mi1kpli62h.m3u8"
    },
    {
      "title": "Nested for Loop",
      "url": "https://fast.wistia.com/embed/medias/0swaeryh3h.m3u8"
    },
    {
      "title": "while Loops",
      "url": "https://fast.wistia.com/embed/medias/deytf5rvwa.m3u8"
    },
    {
      "title": "Favorite Movie",
      "url": "https://fast.wistia.com/embed/medias/cuj1e21djd.m3u8"
    },
    {
      "title": "break Keyword",
      "url": "https://fast.wistia.com/embed/medias/095yz04e43.m3u8"
    },
    {
      "title": "Loops with Arrays",
      "url": "https://fast.wistia.com/embed/medias/qg4nrygin3.m3u8"
    },
    {
      "title": "Loops with Nested Arrays",
      "url": "https://fast.wistia.com/embed/medias/s43z6stjju.m3u8"
    },
    {
      "title": "for-of Loops",
      "url": "https://fast.wistia.com/embed/medias/vobqhybtu0.m3u8"
    },
    {
      "title": "Nested for-of Loop",
      "url": "https://fast.wistia.com/embed/medias/ul49d8r61l.m3u8"
    },
    {
      "title": "Todo App (only JS)",
      "url": "https://fast.wistia.com/embed/medias/zspnvru0ir.m3u8"
    },
    {
      "title": "Object Literals",
      "url": "https://fast.wistia.com/embed/medias/53motfxpby.m3u8"
    },
    {
      "title": "Creating Object Literals",
      "url": "https://fast.wistia.com/embed/medias/x6c9szistw.m3u8"
    },
    {
      "title": "Creating a Post",
      "url": "https://fast.wistia.com/embed/medias/j47zfwr5tt.m3u8"
    },
    {
      "title": "Get Values",
      "url": "https://fast.wistia.com/embed/medias/oy9itj4mov.m3u8"
    },
    {
      "title": "Conversion in Get Values",
      "url": "https://fast.wistia.com/embed/medias/hp1ouxa7g2.m3u8"
    },
    {
      "title": "Add / Update Values",
      "url": "https://fast.wistia.com/embed/medias/tww1vlti0e.m3u8"
    },
    {
      "title": "Nested Objects",
      "url": "https://fast.wistia.com/embed/medias/365acm96l9.m3u8"
    },
    {
      "title": "Array of Objects",
      "url": "https://fast.wistia.com/embed/medias/m3o8z64qol.m3u8"
    },
    {
      "title": "Math Object",
      "url": "https://fast.wistia.com/embed/medias/n7heozkqcb.m3u8"
    },
    {
      "title": "Random Integers",
      "url": "https://fast.wistia.com/embed/medias/za6tz6puje.m3u8"
    },
    {
      "title": "Practice Qs",
      "url": "https://fast.wistia.com/embed/medias/ocb9m0tryx.m3u8"
    },
    {
      "title": "Guessing Game",
      "url": "https://fast.wistia.com/embed/medias/o8o60tkiru.m3u8"
    },
    {
      "title": "What are functions?",
      "url": "https://fast.wistia.com/embed/medias/rhh5nuag70.m3u8"
    },
    {
      "title": "Practice Qs1",
      "url": "https://fast.wistia.com/embed/medias/qwlsckm81d.m3u8"
    },
    {
      "title": "Practice Qs 2",
      "url": "https://fast.wistia.com/embed/medias/o4khmj8suj.m3u8"
    },
    {
      "title": "Functions with Arguments",
      "url": "https://fast.wistia.com/embed/medias/gcm8d20j7g.m3u8"
    },
    {
      "title": "Practice Qs 3",
      "url": "https://fast.wistia.com/embed/medias/m6p1o3wgm4.m3u8"
    },
    {
      "title": "Practice Qs 4",
      "url": "https://fast.wistia.com/embed/medias/6fbrl1rgeh.m3u8"
    },
    {
      "title": "return Keyword",
      "url": "https://fast.wistia.com/embed/medias/4hh25d7rmk.m3u8"
    },
    {
      "title": "Practice Qs 5",
      "url": "https://fast.wistia.com/embed/medias/hssjd95lvw.m3u8"
    },
    {
      "title": "Practice Qs 6",
      "url": "https://fast.wistia.com/embed/medias/hh4r8iqawd.m3u8"
    },
    {
      "title": "What is Scope?",
      "url": "https://fast.wistia.com/embed/medias/tdbg7v6ze9.m3u8"
    },
    {
      "title": "Block Scope",
      "url": "https://fast.wistia.com/embed/medias/ya7mc0suvd.m3u8"
    },
    {
      "title": "Lexical Scope",
      "url": "https://fast.wistia.com/embed/medias/vb5rfli99i.m3u8"
    },
    {
      "title": "Practice Qs 7",
      "url": "https://fast.wistia.com/embed/medias/bc69qbesxw.m3u8"
    },
    {
      "title": "Functions Expressions",
      "url": "https://fast.wistia.com/embed/medias/e8x627i65v.m3u8"
    },
    {
      "title": "Higher Order Functions",
      "url": "https://fast.wistia.com/embed/medias/hq0lt0wny7.m3u8"
    },
    {
      "title": "Higher Order Functions (Returns)",
      "url": "https://fast.wistia.com/embed/medias/2pg5ecbzil.m3u8"
    },
    {
      "title": "Methods",
      "url": "https://fast.wistia.com/embed/medias/rrf2hhc8y1.m3u8"
    },
    {
      "title": "'this' in JavaScript",
      "url": "https://fast.wistia.com/embed/medias/mzs9nim1qy.m3u8"
    },
    {
      "title": "Try & Catch",
      "url": "https://fast.wistia.com/embed/medias/3zgecrii73.m3u8"
    },
    {
      "title": "Arrow Functions",
      "url": "https://fast.wistia.com/embed/medias/izabtcgf32.m3u8"
    },
    {
      "title": "Implicit Return in Arrow Functions",
      "url": "https://fast.wistia.com/embed/medias/6szusil3ox.m3u8"
    },
    {
      "title": "Set TimeOut Function",
      "url": "https://fast.wistia.com/embed/medias/kz5398rjwr.m3u8"
    },
    {
      "title": "Set Interval Function",
      "url": "https://fast.wistia.com/embed/medias/6i13turqzg.m3u8"
    },
    {
      "title": "this with Arrow Functions",
      "url": "https://fast.wistia.com/embed/medias/f74yd2uq0q.m3u8"
    },
    {
      "title": "Practice Qs",
      "url": "https://fast.wistia.com/embed/medias/ocb9m0tryx.m3u8"
    },
    {
      "title": "Array Methods",
      "url": "https://fast.wistia.com/embed/medias/mtokve0os2.m3u8"
    },
    {
      "title": "Map & Filter",
      "url": "https://fast.wistia.com/embed/medias/6ocbv2c26d.m3u8"
    },
    {
      "title": "Every & Sum",
      "url": "https://fast.wistia.com/embed/medias/eb0meiwv9q.m3u8"
    },
    {
      "title": "Reduce Method",
      "url": "https://fast.wistia.com/embed/medias/jb64dom6hu.m3u8"
    },
    {
      "title": "Maximum in Array",
      "url": "https://fast.wistia.com/embed/medias/ox3f2qz6b7.m3u8"
    },
    {
      "title": "Practice Qs",
      "url": "https://fast.wistia.com/embed/medias/ocb9m0tryx.m3u8"
    },
    {
      "title": "Default Parameters",
      "url": "https://fast.wistia.com/embed/medias/fwvvobppyq.m3u8"
    },
    {
      "title": "Spread",
      "url": "https://fast.wistia.com/embed/medias/ks4d3rueo9.m3u8"
    },
    {
      "title": "Spread (Array Literals)",
      "url": "https://fast.wistia.com/embed/medias/4c82s2pei0.m3u8"
    },
    {
      "title": "Spread (Object Literals)",
      "url": "https://fast.wistia.com/embed/medias/05mwxhjjjg.m3u8"
    },
    {
      "title": "Rest",
      "url": "https://fast.wistia.com/embed/medias/ksnbajccdh.m3u8"
    },
    {
      "title": "Destructuring",
      "url": "https://fast.wistia.com/embed/medias/lx58f9r5co.m3u8"
    },
    {
      "title": "Destructuring (Objects)",
      "url": "https://fast.wistia.com/embed/medias/2r06xj8hxa.m3u8"
    },
    {
      "title": "Introduction",
      "url": "https://fast.wistia.com/embed/medias/spezzeyl23.m3u8"
    },
    {
      "title": "What is DOM?",
      "url": "https://fast.wistia.com/embed/medias/nv7qaibtnw.m3u8"
    },
    {
      "title": "Download Starter Code",
      "url": "https://fast.wistia.com/embed/medias/j1ll02ifq0.m3u8"
    },
    {
      "title": "Selecting Element by ID",
      "url": "https://fast.wistia.com/embed/medias/5kgm5vr4g6.m3u8"
    },
    {
      "title": "Selecting Elements by Class Name",
      "url": "https://fast.wistia.com/embed/medias/a2tzbv4avl.m3u8"
    },
    {
      "title": "Selecting Elements by Tag Name",
      "url": "https://fast.wistia.com/embed/medias/t9mxsqdt1t.m3u8"
    },
    {
      "title": "Query Selectors",
      "url": "https://fast.wistia.com/embed/medias/khn6kqza30.m3u8"
    },
    {
      "title": "Setting Content in Objects",
      "url": "https://fast.wistia.com/embed/medias/ao1u2c44uo.m3u8"
    },
    {
      "title": "Manipulating Attributes",
      "url": "https://fast.wistia.com/embed/medias/pgnhuu7b5e.m3u8"
    },
    {
      "title": "Manipulating Style (with style attribute)",
      "url": "https://fast.wistia.com/embed/medias/2f3aijk4qa.m3u8"
    },
    {
      "title": "classList Property",
      "url": "https://fast.wistia.com/embed/medias/p406jnjc7e.m3u8"
    },
    {
      "title": "Navigation on Page",
      "url": "https://fast.wistia.com/embed/medias/mr25nni8p0.m3u8"
    },
    {
      "title": "Adding Elements on Page",
      "url": "https://fast.wistia.com/embed/medias/8bcc7wsid2.m3u8"
    },
    {
      "title": "Removing Elements from Page",
      "url": "https://fast.wistia.com/embed/medias/2t70g5ap7m.m3u8"
    },
    {
      "title": "Practice Qs",
      "url": "https://fast.wistia.com/embed/medias/ocb9m0tryx.m3u8"
    },
    {
      "title": "DOM Events",
      "url": "https://fast.wistia.com/embed/medias/7lt225s1of.m3u8"
    },
    {
      "title": "Mouse/ Pointer Events",
      "url": "https://fast.wistia.com/embed/medias/uy8peynijb.m3u8"
    },
    {
      "title": "Event Listeners",
      "url": "https://fast.wistia.com/embed/medias/6jd0qicega.m3u8"
    },
    {
      "title": "Activity",
      "url": "https://fast.wistia.com/embed/medias/jfpodmzbld.m3u8"
    },
    {
      "title": "Event Listeners for Elements",
      "url": "https://fast.wistia.com/embed/medias/q2isv9b2l2.m3u8"
    },
    {
      "title": "this in Event Listeners",
      "url": "https://fast.wistia.com/embed/medias/bmexbtupxx.m3u8"
    },
    {
      "title": "Keyboard Events",
      "url": "https://fast.wistia.com/embed/medias/9sq0oxdkot.m3u8"
    },
    {
      "title": "Form Events",
      "url": "https://fast.wistia.com/embed/medias/263clup8qt.m3u8"
    },
    {
      "title": "Extracting Form Data",
      "url": "https://fast.wistia.com/embed/medias/ftal1nos5l.m3u8"
    },
    {
      "title": "More Events",
      "url": "https://fast.wistia.com/embed/medias/v1yddjbq8m.m3u8"
    },
    {
      "title": "Event Bubbling",
      "url": "https://fast.wistia.com/embed/medias/blh2uasyr1.m3u8"
    },
    {
      "title": "Building Todo with DOM",
      "url": "https://fast.wistia.com/embed/medias/z3n8y8ouh8.m3u8"
    },
    {
      "title": "Event Delegation",
      "url": "https://fast.wistia.com/embed/medias/h52kttl5xg.m3u8"
    },
    {
      "title": "Setting up Project",
      "url": "https://fast.wistia.com/embed/medias/2bd44ya7px.m3u8"
    },
    {
      "title": "Start Game",
      "url": "https://fast.wistia.com/embed/medias/ke1c4rasko.m3u8"
    },
    {
      "title": "Flash Buttons & Level Up",
      "url": "https://fast.wistia.com/embed/medias/0fkpaqmb1p.m3u8"
    },
    {
      "title": "Button Event Listeners",
      "url": "https://fast.wistia.com/embed/medias/jcknmculbi.m3u8"
    },
    {
      "title": "Matching Sequence",
      "url": "https://fast.wistia.com/embed/medias/099ud0m1mb.m3u8"
    },
    {
      "title": "Reset Game",
      "url": "https://fast.wistia.com/embed/medias/3m01e16bug.m3u8"
    },
    {
      "title": "Display Score",
      "url": "https://fast.wistia.com/embed/medias/ia7mqjffkt.m3u8"
    },
    {
      "title": "JS Call Stack",
      "url": "https://fast.wistia.com/embed/medias/w0h2vuor6p.m3u8"
    },
    {
      "title": "Visualizing the Call stack",
      "url": "https://fast.wistia.com/embed/medias/1ctzendqpj.m3u8"
    },
    {
      "title": "Breakpoints",
      "url": "https://fast.wistia.com/embed/medias/kdy2iif0cv.m3u8"
    },
    {
      "title": "JS is Single Threaded",
      "url": "https://fast.wistia.com/embed/medias/6i4encngh4.m3u8"
    },
    {
      "title": "Callback Hell",
      "url": "https://fast.wistia.com/embed/medias/6b9alrasfm.m3u8"
    },
    {
      "title": "Setting up for Promises",
      "url": "https://fast.wistia.com/embed/medias/5zzbpvemzh.m3u8"
    },
    {
      "title": "Refactoring with Promises",
      "url": "https://fast.wistia.com/embed/medias/i7v5zyx4p3.m3u8"
    },
    {
      "title": "then( ) and catch( ) methods",
      "url": "https://fast.wistia.com/embed/medias/oe8qez31mk.m3u8"
    },
    {
      "title": "Promise chaining",
      "url": "https://fast.wistia.com/embed/medias/ou1bq9zd0j.m3u8"
    },
    {
      "title": "Results & Errors in Promises",
      "url": "https://fast.wistia.com/embed/medias/9t7vkitwn4.m3u8"
    },
    {
      "title": "Refactoring old code",
      "url": "https://fast.wistia.com/embed/medias/hh6mt3q7xn.m3u8"
    },
    {
      "title": "async Functions",
      "url": "https://fast.wistia.com/embed/medias/00xw4wu9cp.m3u8"
    },
    {
      "title": "await Keyword",
      "url": "https://fast.wistia.com/embed/medias/qip2yrmu12.m3u8"
    },
    {
      "title": "Handing Rejections",
      "url": "https://fast.wistia.com/embed/medias/medwex4706.m3u8"
    },
    {
      "title": "What is an API?",
      "url": "https://fast.wistia.com/embed/medias/e5z6bj5njm.m3u8"
    },
    {
      "title": "Accessing some APIs",
      "url": "https://fast.wistia.com/embed/medias/qezu8jeuc6.m3u8"
    },
    {
      "title": "What is JSON?",
      "url": "https://fast.wistia.com/embed/medias/8hdgoxtfhm.m3u8"
    },
    {
      "title": "Accessing JSON data",
      "url": "https://fast.wistia.com/embed/medias/k5mmnc5me0.m3u8"
    },
    {
      "title": "API Testing Tools",
      "url": "https://fast.wistia.com/embed/medias/93k4wmc5nq.m3u8"
    },
    {
      "title": "What is Ajax?",
      "url": "https://fast.wistia.com/embed/medias/edwbdjwiua.m3u8"
    },
    {
      "title": "Https Verbs",
      "url": "https://fast.wistia.com/embed/medias/pmt2rfbo3g.m3u8"
    },
    {
      "title": "Status Codes",
      "url": "https://fast.wistia.com/embed/medias/szz3soo9gu.m3u8"
    },
    {
      "title": "Adding Information in URLs",
      "url": "https://fast.wistia.com/embed/medias/zgfpx294gw.m3u8"
    },
    {
      "title": "Https Headers",
      "url": "https://fast.wistia.com/embed/medias/nsc02nqtmm.m3u8"
    },
    {
      "title": "Our First API request",
      "url": "https://fast.wistia.com/embed/medias/ii8g0u890o.m3u8"
    },
    {
      "title": "Using Fetch with async-await",
      "url": "https://fast.wistia.com/embed/medias/daxqokiizp.m3u8"
    },
    {
      "title": "Using Axios",
      "url": "https://fast.wistia.com/embed/medias/vhs1y9td7y.m3u8"
    },
    {
      "title": "DogPictures API",
      "url": "https://fast.wistia.com/embed/medias/2o513nq034.m3u8"
    },
    {
      "title": "Sending Headers with API requests",
      "url": "https://fast.wistia.com/embed/medias/9go7dhkw5p.m3u8"
    },
    {
      "title": "Activity using Query Strings",
      "url": "https://fast.wistia.com/embed/medias/h9w0qjl4ik.m3u8"
    },
    {
      "title": "What is the Terminal?",
      "url": "https://fast.wistia.com/embed/medias/ey6qnr2hy9.m3u8"
    },
    {
      "title": "Different Terms related to Terminal",
      "url": "https://fast.wistia.com/embed/medias/1imj5234xb.m3u8"
    },
    {
      "title": "(Window Users Only) Installing Git Bash",
      "url": "https://fast.wistia.com/embed/medias/8goln6fxvk.m3u8"
    },
    {
      "title": "Basic Commands",
      "url": "https://fast.wistia.com/embed/medias/ala4l7oruf.m3u8"
    },
    {
      "title": "Navigation Commands",
      "url": "https://fast.wistia.com/embed/medias/mtdrdqp496.m3u8"
    },
    {
      "title": "Paths in Navigation",
      "url": "https://fast.wistia.com/embed/medias/k03g8l4cj0.m3u8"
    },
    {
      "title": "Making Directories",
      "url": "https://fast.wistia.com/embed/medias/849dm88k6b.m3u8"
    },
    {
      "title": "What are Flags?",
      "url": "https://fast.wistia.com/embed/medias/xxiuxx15si.m3u8"
    },
    {
      "title": "Touch Command",
      "url": "https://fast.wistia.com/embed/medias/99gg4du91k.m3u8"
    },
    {
      "title": "Deleting Files & Folders",
      "url": "https://fast.wistia.com/embed/medias/svlm6sgums.m3u8"
    },
    {
      "title": "What is Git & Github?",
      "url": "https://fast.wistia.com/embed/medias/s7nh1ketoj.m3u8"
    },
    {
      "title": "Creating a Github Account",
      "url": "https://fast.wistia.com/embed/medias/ns2u9cea51.m3u8"
    },
    {
      "title": "Using Github",
      "url": "https://fast.wistia.com/embed/medias/jk2zip2egv.m3u8"
    },
    {
      "title": "Using Git",
      "url": "https://fast.wistia.com/embed/medias/fcvyie8f92.m3u8"
    },
    {
      "title": "Configuring Git",
      "url": "https://fast.wistia.com/embed/medias/472a71icm9.m3u8"
    },
    {
      "title": "Git with VSCode",
      "url": "https://fast.wistia.com/embed/medias/y13qt8okw5.m3u8"
    },
    {
      "title": "Clone command",
      "url": "https://fast.wistia.com/embed/medias/d21yx0xt39.m3u8"
    },
    {
      "title": "Status command",
      "url": "https://fast.wistia.com/embed/medias/ztdol9q64h.m3u8"
    },
    {
      "title": "Add & Commit Commands",
      "url": "https://fast.wistia.com/embed/medias/ude8bb0c27.m3u8"
    },
    {
      "title": "Push command",
      "url": "https://fast.wistia.com/embed/medias/rgra9vy549.m3u8"
    },
    {
      "title": "Init Command",
      "url": "https://fast.wistia.com/embed/medias/yqh6t56r7h.m3u8"
    },
    {
      "title": "Pushing Local repo",
      "url": "https://fast.wistia.com/embed/medias/f1104nkg1c.m3u8"
    },
    {
      "title": "Workflow",
      "url": "https://fast.wistia.com/embed/medias/vbezadw8rk.m3u8"
    },
    {
      "title": "Git branches",
      "url": "https://fast.wistia.com/embed/medias/u2jgmtrk3h.m3u8"
    },
    {
      "title": "Branch Commands",
      "url": "https://fast.wistia.com/embed/medias/tttxpkg1sb.m3u8"
    },
    {
      "title": "Merging Branches",
      "url": "https://fast.wistia.com/embed/medias/78jasrt865.m3u8"
    },
    {
      "title": "Pull command",
      "url": "https://fast.wistia.com/embed/medias/khbwo02fcf.m3u8"
    },
    {
      "title": "Merge Conflicts",
      "url": "https://fast.wistia.com/embed/medias/5bm3hdhr7y.m3u8"
    },
    {
      "title": "Fixing Mistakes",
      "url": "https://fast.wistia.com/embed/medias/3a8fdwggw6.m3u8"
    },
    {
      "title": "What is Forking?",
      "url": "https://fast.wistia.com/embed/medias/o1w3gpzfql.m3u8"
    },
    {
      "title": "What is node.js?",
      "url": "https://fast.wistia.com/embed/medias/3j17h4iwdw.m3u8"
    },
    {
      "title": "Node Installation",
      "url": "https://fast.wistia.com/embed/medias/ab8rlut8xe.m3u8"
    },
    {
      "title": "Node REPL",
      "url": "https://fast.wistia.com/embed/medias/yq0ukzsatp.m3u8"
    },
    {
      "title": "Node Files",
      "url": "https://fast.wistia.com/embed/medias/48cgbkmt1h.m3u8"
    },
    {
      "title": "Process in Node",
      "url": "https://fast.wistia.com/embed/medias/owunj0tshp.m3u8"
    },
    {
      "title": "Export in Files",
      "url": "https://fast.wistia.com/embed/medias/e15x2ifhsk.m3u8"
    },
    {
      "title": "Export in Directories",
      "url": "https://fast.wistia.com/embed/medias/l2g58t0sop.m3u8"
    },
    {
      "title": "What is npm?",
      "url": "https://fast.wistia.com/embed/medias/sray9g3zo7.m3u8"
    },
    {
      "title": "Installing Packages",
      "url": "https://fast.wistia.com/embed/medias/eftsku83q1.m3u8"
    },
    {
      "title": "package.json",
      "url": "https://fast.wistia.com/embed/medias/ye57l0205g.m3u8"
    },
    {
      "title": "Local v/s Global Installation",
      "url": "https://fast.wistia.com/embed/medias/cay43p04c7.m3u8"
    },
    {
      "title": "import modules",
      "url": "https://fast.wistia.com/embed/medias/vqw0jagv82.m3u8"
    },
    {
      "title": "What is Express?",
      "url": "https://fast.wistia.com/embed/medias/y1art4smzu.m3u8"
    },
    {
      "title": "Getting started with Express",
      "url": "https://fast.wistia.com/embed/medias/d2rpor1th1.m3u8"
    },
    {
      "title": "Handling requests",
      "url": "https://fast.wistia.com/embed/medias/dc1yfhoxeo.m3u8"
    },
    {
      "title": "Sending a Response",
      "url": "https://fast.wistia.com/embed/medias/uufj401ejw.m3u8"
    },
    {
      "title": "Routing",
      "url": "https://fast.wistia.com/embed/medias/99bhgejonh.m3u8"
    },
    {
      "title": "Installing Nodemon",
      "url": "https://fast.wistia.com/embed/medias/n37htmkt60.m3u8"
    },
    {
      "title": "Path Parameters",
      "url": "https://fast.wistia.com/embed/medias/7lhnkcdd0e.m3u8"
    },
    {
      "title": "Query Strings",
      "url": "https://fast.wistia.com/embed/medias/jhk501y2z4.m3u8"
    },
    {
      "title": "What is Templating?",
      "url": "https://fast.wistia.com/embed/medias/xncad9zwgs.m3u8"
    },
    {
      "title": "Using EJS",
      "url": "https://fast.wistia.com/embed/medias/b3m8ooudv4.m3u8"
    },
    {
      "title": "Views Directory",
      "url": "https://fast.wistia.com/embed/medias/l5bk0h1rhq.m3u8"
    },
    {
      "title": "Interpolation Syntax",
      "url": "https://fast.wistia.com/embed/medias/rshj8g7yvu.m3u8"
    },
    {
      "title": "Passing data to EJS",
      "url": "https://fast.wistia.com/embed/medias/udb6jxayj3.m3u8"
    },
    {
      "title": "Instagram EJS",
      "url": "https://fast.wistia.com/embed/medias/gurkes7eox.m3u8"
    },
    {
      "title": "Conditional Statements",
      "url": "https://fast.wistia.com/embed/medias/l21se1cr8f.m3u8"
    },
    {
      "title": "Loops",
      "url": "https://fast.wistia.com/embed/medias/7o7drd9yra.m3u8"
    },
    {
      "title": "Instagram Page with EJS",
      "url": "https://fast.wistia.com/embed/medias/qvta4re63z.m3u8"
    },
    {
      "title": "Serving Static Files",
      "url": "https://fast.wistia.com/embed/medias/9bmz19bt71.m3u8"
    },
    {
      "title": "Includes",
      "url": "https://fast.wistia.com/embed/medias/wfx09hms4p.m3u8"
    },
    {
      "title": "GET & POST Request",
      "url": "https://fast.wistia.com/embed/medias/3zz181yc5x.m3u8"
    },
    {
      "title": "Handling POST requests",
      "url": "https://fast.wistia.com/embed/medias/bers0vh58u.m3u8"
    },
    {
      "title": "Revisiting JS (OOPS)",
      "url": "https://fast.wistia.com/embed/medias/ni3wkd1n2v.m3u8"
    },
    {
      "title": "Object Prototypes",
      "url": "https://fast.wistia.com/embed/medias/vbthz26rar.m3u8"
    },
    {
      "title": "Factory Functions",
      "url": "https://fast.wistia.com/embed/medias/ydl26pb6p9.m3u8"
    },
    {
      "title": "New Operator",
      "url": "https://fast.wistia.com/embed/medias/t8e4pneita.m3u8"
    },
    {
      "title": "Classes in JS",
      "url": "https://fast.wistia.com/embed/medias/umttyy0tob.m3u8"
    },
    {
      "title": "Inheritance",
      "url": "https://fast.wistia.com/embed/medias/88n8jcb0kr.m3u8"
    },
    {
      "title": "What is REST?",
      "url": "https://fast.wistia.com/embed/medias/ij1sqqgtyj.m3u8"
    },
    {
      "title": "CRUD Operations",
      "url": "https://fast.wistia.com/embed/medias/z30zhqan05.m3u8"
    },
    {
      "title": "Creating RESTful APIs",
      "url": "https://fast.wistia.com/embed/medias/fvdjvvlx2n.m3u8"
    },
    {
      "title": "Index Route",
      "url": "https://fast.wistia.com/embed/medias/k6hifgcyqo.m3u8"
    },
    {
      "title": "Create & New Route",
      "url": "https://fast.wistia.com/embed/medias/e3y6jzb8vj.m3u8"
    },
    {
      "title": "Redirect",
      "url": "https://fast.wistia.com/embed/medias/fewi3jcto2.m3u8"
    },
    {
      "title": "Show Route",
      "url": "https://fast.wistia.com/embed/medias/7klpjzw6ex.m3u8"
    },
    {
      "title": "Creating Ids (UUID)",
      "url": "https://fast.wistia.com/embed/medias/r0dejtg31g.m3u8"
    },
    {
      "title": "Update Route",
      "url": "https://fast.wistia.com/embed/medias/nfms23xxgx.m3u8"
    },
    {
      "title": "Edit Route",
      "url": "https://fast.wistia.com/embed/medias/3xipznx4c1.m3u8"
    },
    {
      "title": "Destroy Route",
      "url": "https://fast.wistia.com/embed/medias/7v6wb7movo.m3u8"
    },
    {
      "title": "What is a Database?",
      "url": "https://fast.wistia.com/embed/medias/g4sxru9ogm.m3u8"
    },
    {
      "title": "SQL v/s NoSQL",
      "url": "https://fast.wistia.com/embed/medias/3zz5o8n5ky.m3u8"
    },
    {
      "title": "What is SQL?",
      "url": "https://fast.wistia.com/embed/medias/iguaoqh77o.m3u8"
    },
    {
      "title": "What is a Table?",
      "url": "https://fast.wistia.com/embed/medias/lxeejarp76.m3u8"
    },
    {
      "title": "(For Windows) Installation",
      "url": "https://fast.wistia.com/embed/medias/2nh1p6u7jz.m3u8"
    },
    {
      "title": "(For Mac) Installation",
      "url": "https://fast.wistia.com/embed/medias/ethzgmrbq0.m3u8"
    },
    {
      "title": "Our First Database",
      "url": "https://fast.wistia.com/embed/medias/5dn6hvuoxl.m3u8"
    },
    {
      "title": "Our First Table",
      "url": "https://fast.wistia.com/embed/medias/c2gdr7hbfr.m3u8"
    },
    {
      "title": "Database Queries",
      "url": "https://fast.wistia.com/embed/medias/cqa217c5am.m3u8"
    },
    {
      "title": "CREATE Table",
      "url": "https://fast.wistia.com/embed/medias/3bunslv7hc.m3u8"
    },
    {
      "title": "What are Constraints?",
      "url": "https://fast.wistia.com/embed/medias/dl3kh32y7w.m3u8"
    },
    {
      "title": "Key Constraints",
      "url": "https://fast.wistia.com/embed/medias/6zmwtojttd.m3u8"
    },
    {
      "title": "Primary & Foreign Keys",
      "url": "https://fast.wistia.com/embed/medias/yiun5r13e9.m3u8"
    },
    {
      "title": "INSERT into Table",
      "url": "https://fast.wistia.com/embed/medias/7b0k1806m5.m3u8"
    },
    {
      "title": "SELECT Command",
      "url": "https://fast.wistia.com/embed/medias/4ay8nusd4e.m3u8"
    },
    {
      "title": "Where Clause",
      "url": "https://fast.wistia.com/embed/medias/g6u80y1d0g.m3u8"
    },
    {
      "title": "Operators in Where",
      "url": "https://fast.wistia.com/embed/medias/hz5dwqmzds.m3u8"
    },
    {
      "title": "Frequently Used Operators",
      "url": "https://fast.wistia.com/embed/medias/jagv8ip4q9.m3u8"
    },
    {
      "title": "Limit Clause",
      "url": "https://fast.wistia.com/embed/medias/u4oxxgb6ee.m3u8"
    },
    {
      "title": "Order By Clause",
      "url": "https://fast.wistia.com/embed/medias/3pv6q0wp45.m3u8"
    },
    {
      "title": "Aggregate Functions",
      "url": "https://fast.wistia.com/embed/medias/i11istkr7l.m3u8"
    },
    {
      "title": "Group By Clause",
      "url": "https://fast.wistia.com/embed/medias/4p4jplamxc.m3u8"
    },
    {
      "title": "Having Clause",
      "url": "https://fast.wistia.com/embed/medias/223x6qmada.m3u8"
    },
    {
      "title": "General Order",
      "url": "https://fast.wistia.com/embed/medias/03cqd2c9px.m3u8"
    },
    {
      "title": "UPDATE Table",
      "url": "https://fast.wistia.com/embed/medias/osofyniutv.m3u8"
    },
    {
      "title": "DELETE Table",
      "url": "https://fast.wistia.com/embed/medias/dwb8vohf8n.m3u8"
    },
    {
      "title": "ALTER Table",
      "url": "https://fast.wistia.com/embed/medias/1ku8gmpxoq.m3u8"
    },
    {
      "title": "TRUNCATE Table",
      "url": "https://fast.wistia.com/embed/medias/386dryn9cl.m3u8"
    },
    {
      "title": "Practice Qs1",
      "url": "https://fast.wistia.com/embed/medias/qwlsckm81d.m3u8"
    },
    {
      "title": "Practice Qs2",
      "url": "https://fast.wistia.com/embed/medias/i5clyb95v6.m3u8"
    },
    {
      "title": "Using Faker",
      "url": "https://fast.wistia.com/embed/medias/quvbgtcmoa.m3u8"
    },
    {
      "title": "MySQL Package",
      "url": "https://fast.wistia.com/embed/medias/lls9hh42ff.m3u8"
    },
    {
      "title": "Using SQL from CLI",
      "url": "https://fast.wistia.com/embed/medias/u2wyxvmahf.m3u8"
    },
    {
      "title": "CREATE Table user",
      "url": "https://fast.wistia.com/embed/medias/0pby2dxdpw.m3u8"
    },
    {
      "title": "INSERT INTO user",
      "url": "https://fast.wistia.com/embed/medias/xgzr2bfyuw.m3u8"
    },
    {
      "title": "Insert in Bulk",
      "url": "https://fast.wistia.com/embed/medias/vi3exzka0t.m3u8"
    },
    {
      "title": "Routing",
      "url": "https://fast.wistia.com/embed/medias/99bhgejonh.m3u8"
    },
    {
      "title": "Home Route",
      "url": "https://fast.wistia.com/embed/medias/fajnulc4cb.m3u8"
    },
    {
      "title": "Add Template",
      "url": "https://fast.wistia.com/embed/medias/9y2gdhr4uq.m3u8"
    },
    {
      "title": "Show Route",
      "url": "https://fast.wistia.com/embed/medias/7klpjzw6ex.m3u8"
    },
    {
      "title": "Edit Route",
      "url": "https://fast.wistia.com/embed/medias/3xipznx4c1.m3u8"
    },
    {
      "title": "Update Route",
      "url": "https://fast.wistia.com/embed/medias/nfms23xxgx.m3u8"
    },
    {
      "title": "The Mongo Shell",
      "url": "https://fast.wistia.com/embed/medias/0awljac4zr.m3u8"
    },
    {
      "title": "How we store data? (BSON)",
      "url": "https://fast.wistia.com/embed/medias/4uehzs2cn8.m3u8"
    },
    {
      "title": "Document & Collection",
      "url": "https://fast.wistia.com/embed/medias/4m2qpy9cg2.m3u8"
    },
    {
      "title": "INSERT in DB (InsertOne)",
      "url": "https://fast.wistia.com/embed/medias/drcgv5p91x.m3u8"
    },
    {
      "title": "INSERT in DB (InsertMany)",
      "url": "https://fast.wistia.com/embed/medias/kgtfb0kzx7.m3u8"
    },
    {
      "title": "FIND in DB",
      "url": "https://fast.wistia.com/embed/medias/cb1adet0nn.m3u8"
    },
    {
      "title": "Query Operators",
      "url": "https://fast.wistia.com/embed/medias/lhi18n51nx.m3u8"
    },
    {
      "title": "UPDATE in DB",
      "url": "https://fast.wistia.com/embed/medias/gml4v562vq.m3u8"
    },
    {
      "title": "Nesting",
      "url": "https://fast.wistia.com/embed/medias/phs956azrm.m3u8"
    },
    {
      "title": "DELETE in DB",
      "url": "https://fast.wistia.com/embed/medias/xjcyiwmf6c.m3u8"
    },
    {
      "title": "What is mongoose?",
      "url": "https://fast.wistia.com/embed/medias/0cnittrdp9.m3u8"
    },
    {
      "title": "Installation & Setup",
      "url": "https://fast.wistia.com/embed/medias/e1sutiizmp.m3u8"
    },
    {
      "title": "Schema",
      "url": "https://fast.wistia.com/embed/medias/qvzps25owz.m3u8"
    },
    {
      "title": "Models",
      "url": "https://fast.wistia.com/embed/medias/w0rziv5tpp.m3u8"
    },
    {
      "title": "Insert in Mongoose",
      "url": "https://fast.wistia.com/embed/medias/u12tue939i.m3u8"
    },
    {
      "title": "Insert Multiple",
      "url": "https://fast.wistia.com/embed/medias/kf2o68bsq7.m3u8"
    },
    {
      "title": "Find in Mongoose",
      "url": "https://fast.wistia.com/embed/medias/tub5omp66q.m3u8"
    },
    {
      "title": "Update in Mongoose",
      "url": "https://fast.wistia.com/embed/medias/6a79ghgeou.m3u8"
    },
    {
      "title": "FindAndUpdate",
      "url": "https://fast.wistia.com/embed/medias/w9ma3l2s5c.m3u8"
    },
    {
      "title": "Delete in Mongoose",
      "url": "https://fast.wistia.com/embed/medias/ngfiuovugd.m3u8"
    },
    {
      "title": "Schema Validations",
      "url": "https://fast.wistia.com/embed/medias/v75rh9dtw2.m3u8"
    },
    {
      "title": "SchemaType Options",
      "url": "https://fast.wistia.com/embed/medias/txqwblxz3y.m3u8"
    },
    {
      "title": "Validation in Updation & Errors",
      "url": "https://fast.wistia.com/embed/medias/p0gaommmex.m3u8"
    },
    {
      "title": "Basic Set Up",
      "url": "https://fast.wistia.com/embed/medias/gmalws2btx.m3u8"
    },
    {
      "title": "Creating our Model (Chat)",
      "url": "https://fast.wistia.com/embed/medias/0pcde82xvm.m3u8"
    },
    {
      "title": "Initialize Database",
      "url": "https://fast.wistia.com/embed/medias/11tytb823m.m3u8"
    },
    {
      "title": "Index Route",
      "url": "https://fast.wistia.com/embed/medias/k6hifgcyqo.m3u8"
    },
    {
      "title": "New Route",
      "url": "https://fast.wistia.com/embed/medias/sldvflijbz.m3u8"
    },
    {
      "title": "Create Route",
      "url": "https://fast.wistia.com/embed/medias/ksl8ef0mzp.m3u8"
    },
    {
      "title": "Using Date",
      "url": "https://fast.wistia.com/embed/medias/l7utuevm6i.m3u8"
    },
    {
      "title": "Edit Route",
      "url": "https://fast.wistia.com/embed/medias/3xipznx4c1.m3u8"
    },
    {
      "title": "Update Route",
      "url": "https://fast.wistia.com/embed/medias/nfms23xxgx.m3u8"
    },
    {
      "title": "Destroy Route",
      "url": "https://fast.wistia.com/embed/medias/7v6wb7movo.m3u8"
    },
    {
      "title": "Basic Set up",
      "url": "https://fast.wistia.com/embed/medias/quebeltmdv.m3u8"
    },
    {
      "title": "Listing Model",
      "url": "https://fast.wistia.com/embed/medias/6d7btdq74b.m3u8"
    },
    {
      "title": "Initialize Database",
      "url": "https://fast.wistia.com/embed/medias/11tytb823m.m3u8"
    },
    {
      "title": "Index Route",
      "url": "https://fast.wistia.com/embed/medias/k6hifgcyqo.m3u8"
    },
    {
      "title": "READ (Show Route)",
      "url": "https://fast.wistia.com/embed/medias/gbcermplc9.m3u8"
    },
    {
      "title": "CREATE (New & Create Route)",
      "url": "https://fast.wistia.com/embed/medias/v8pxxxz74o.m3u8"
    },
    {
      "title": "UPDATE (Edit & Update Route)",
      "url": "https://fast.wistia.com/embed/medias/18hjgjdz1v.m3u8"
    },
    {
      "title": "DELETE (Delete Route)",
      "url": "https://fast.wistia.com/embed/medias/kt2xetsbfj.m3u8"
    },
    {
      "title": "Creating Boilerplate",
      "url": "https://fast.wistia.com/embed/medias/3kjp86ni52.m3u8"
    },
    {
      "title": "Navbar",
      "url": "https://fast.wistia.com/embed/medias/cyed7pmlqk.m3u8"
    },
    {
      "title": "Footer",
      "url": "https://fast.wistia.com/embed/medias/650z3jeojh.m3u8"
    },
    {
      "title": "Styling Index",
      "url": "https://fast.wistia.com/embed/medias/rane7a56hg.m3u8"
    },
    {
      "title": "Styling New Listing",
      "url": "https://fast.wistia.com/embed/medias/92sdsavynz.m3u8"
    },
    {
      "title": "Styling Edit Listing",
      "url": "https://fast.wistia.com/embed/medias/scvjrm7xi0.m3u8"
    },
    {
      "title": "Styling Show Listing",
      "url": "https://fast.wistia.com/embed/medias/tq8r9zkgiu.m3u8"
    },
    {
      "title": "What are Middlewares?",
      "url": "https://fast.wistia.com/embed/medias/w7fcmoa7ea.m3u8"
    },
    {
      "title": "Our 1st Middleware",
      "url": "https://fast.wistia.com/embed/medias/6nhcoqs0oz.m3u8"
    },
    {
      "title": "Using next( )",
      "url": "https://fast.wistia.com/embed/medias/yii6mu10fg.m3u8"
    },
    {
      "title": "Creating Utility Middleware",
      "url": "https://fast.wistia.com/embed/medias/8dyryjeckt.m3u8"
    },
    {
      "title": "Exploring app.use( )",
      "url": "https://fast.wistia.com/embed/medias/l1orlx8i62.m3u8"
    },
    {
      "title": "API Token as Query String",
      "url": "https://fast.wistia.com/embed/medias/bfj8tmlini.m3u8"
    },
    {
      "title": "Passing multiple Middlewares",
      "url": "https://fast.wistia.com/embed/medias/3c4a6boooq.m3u8"
    },
    {
      "title": "Error Handling (Express Default)",
      "url": "https://fast.wistia.com/embed/medias/jfbkjrtp4o.m3u8"
    },
    {
      "title": "Error Handling Middleware",
      "url": "https://fast.wistia.com/embed/medias/xfsrzx90pq.m3u8"
    },
    {
      "title": "Custom Error Class",
      "url": "https://fast.wistia.com/embed/medias/wja0055yrw.m3u8"
    },
    {
      "title": "Default Status & Message",
      "url": "https://fast.wistia.com/embed/medias/m09rojrzpr.m3u8"
    },
    {
      "title": "Activity",
      "url": "https://fast.wistia.com/embed/medias/jfpodmzbld.m3u8"
    },
    {
      "title": "Handling Async Errors",
      "url": "https://fast.wistia.com/embed/medias/82dpzvni15.m3u8"
    },
    {
      "title": "Using try-catch",
      "url": "https://fast.wistia.com/embed/medias/79etvcdnf0.m3u8"
    },
    {
      "title": "Using wrapAsync",
      "url": "https://fast.wistia.com/embed/medias/bt60ou3rlb.m3u8"
    },
    {
      "title": "Mongoose Errors",
      "url": "https://fast.wistia.com/embed/medias/ozu52smexe.m3u8"
    },
    {
      "title": "Client-Side Validation (Form)",
      "url": "https://fast.wistia.com/embed/medias/7am1gcq60c.m3u8"
    },
    {
      "title": "Success & Failure Text",
      "url": "https://fast.wistia.com/embed/medias/sbpxojt8l6.m3u8"
    },
    {
      "title": "Custom Error Handling",
      "url": "https://fast.wistia.com/embed/medias/nigb3hjrkt.m3u8"
    },
    {
      "title": "Add wrapAsync",
      "url": "https://fast.wistia.com/embed/medias/wyeytboqic.m3u8"
    },
    {
      "title": "Add ExpressError",
      "url": "https://fast.wistia.com/embed/medias/5x2hqudl6v.m3u8"
    },
    {
      "title": "Error.ejs",
      "url": "https://fast.wistia.com/embed/medias/hmygo3txi2.m3u8"
    },
    {
      "title": "Validation for Schema",
      "url": "https://fast.wistia.com/embed/medias/m7pv21gvkm.m3u8"
    },
    {
      "title": "Validation for Schema (Middleware)",
      "url": "https://fast.wistia.com/embed/medias/s4486r5y1o.m3u8"
    },
    {
      "title": "SQL Relationships (One to One)",
      "url": "https://fast.wistia.com/embed/medias/knd9umcjlh.m3u8"
    },
    {
      "title": "SQL Relationships (One to Many & Many to Many)",
      "url": "https://fast.wistia.com/embed/medias/qyamkaowuf.m3u8"
    },
    {
      "title": "One to Few (in Detail)",
      "url": "https://fast.wistia.com/embed/medias/yebjj4hfr1.m3u8"
    },
    {
      "title": "One to Few (Implementation)",
      "url": "https://fast.wistia.com/embed/medias/s8x4kutwg2.m3u8"
    },
    {
      "title": "One to Many (in Detail)",
      "url": "https://fast.wistia.com/embed/medias/wedtmkn888.m3u8"
    },
    {
      "title": "One to Many (Implementation)",
      "url": "https://fast.wistia.com/embed/medias/hcbiva80h9.m3u8"
    },
    {
      "title": "using Populate",
      "url": "https://fast.wistia.com/embed/medias/hpczat8mgc.m3u8"
    },
    {
      "title": "One to Squillions (in Detail)",
      "url": "https://fast.wistia.com/embed/medias/5oto44lqxz.m3u8"
    },
    {
      "title": "Reading Docs",
      "url": "https://fast.wistia.com/embed/medias/mdfx126701.m3u8"
    },
    {
      "title": "Handling Deletion",
      "url": "https://fast.wistia.com/embed/medias/kxozknh2be.m3u8"
    },
    {
      "title": "Mongoose Middlewares",
      "url": "https://fast.wistia.com/embed/medias/etsthjv2kd.m3u8"
    },
    {
      "title": "Creating Review Model",
      "url": "https://fast.wistia.com/embed/medias/1mlpyh2srx.m3u8"
    },
    {
      "title": "Create Reviews (Step 1)",
      "url": "https://fast.wistia.com/embed/medias/r0g2kfz548.m3u8"
    },
    {
      "title": "Create Reviews (Step 2)",
      "url": "https://fast.wistia.com/embed/medias/ofc44yytc0.m3u8"
    },
    {
      "title": "Validation for Reviews",
      "url": "https://fast.wistia.com/embed/medias/0zvgoj6blb.m3u8"
    },
    {
      "title": "Render Reviews",
      "url": "https://fast.wistia.com/embed/medias/d98osrktqw.m3u8"
    },
    {
      "title": "Styling Reviews",
      "url": "https://fast.wistia.com/embed/medias/bijale2wm2.m3u8"
    },
    {
      "title": "Deleting Reviews",
      "url": "https://fast.wistia.com/embed/medias/ou37f98pel.m3u8"
    },
    {
      "title": "Handling : Delete Listing",
      "url": "https://fast.wistia.com/embed/medias/81w7hj5pqq.m3u8"
    },
    {
      "title": "What is Express Router",
      "url": "https://fast.wistia.com/embed/medias/zaa0nv6ozr.m3u8"
    },
    {
      "title": "Using Express Router",
      "url": "https://fast.wistia.com/embed/medias/7bxicx3wq9.m3u8"
    },
    {
      "title": "Restructuring Listings",
      "url": "https://fast.wistia.com/embed/medias/hz8lf10az8.m3u8"
    },
    {
      "title": "Restructuring Reviews",
      "url": "https://fast.wistia.com/embed/medias/bi9vxs4kjg.m3u8"
    },
    {
      "title": "Web Cookies",
      "url": "https://fast.wistia.com/embed/medias/je26f7f5e7.m3u8"
    },
    {
      "title": "Sending Cookies",
      "url": "https://fast.wistia.com/embed/medias/za7nulqm7s.m3u8"
    },
    {
      "title": "Cookie Parser",
      "url": "https://fast.wistia.com/embed/medias/3fp9if35jx.m3u8"
    },
    {
      "title": "Signed Cookies",
      "url": "https://fast.wistia.com/embed/medias/cq2x9y57g7.m3u8"
    },
    {
      "title": "What is State?",
      "url": "https://fast.wistia.com/embed/medias/swf5bmln4w.m3u8"
    },
    {
      "title": "Express Sessions",
      "url": "https://fast.wistia.com/embed/medias/xuadmtppgo.m3u8"
    },
    {
      "title": "Exploring Session Options",
      "url": "https://fast.wistia.com/embed/medias/7h1z14mc2u.m3u8"
    },
    {
      "title": "Storing & Using Session Info",
      "url": "https://fast.wistia.com/embed/medias/y6a11wavc2.m3u8"
    },
    {
      "title": "Using connect-flash",
      "url": "https://fast.wistia.com/embed/medias/trwz9mkl58.m3u8"
    },
    {
      "title": "Using res.locals",
      "url": "https://fast.wistia.com/embed/medias/xod9oycjog.m3u8"
    },
    {
      "title": "Implement Sessions in Project",
      "url": "https://fast.wistia.com/embed/medias/4llxj2yy6c.m3u8"
    },
    {
      "title": "Cookie in SessionOptions",
      "url": "https://fast.wistia.com/embed/medias/1lofdd47lu.m3u8"
    },
    {
      "title": "Implement Flash in Project",
      "url": "https://fast.wistia.com/embed/medias/994l9u1ek0.m3u8"
    },
    {
      "title": "Flash Success Includes",
      "url": "https://fast.wistia.com/embed/medias/kwv2plfybq.m3u8"
    },
    {
      "title": "Flash Failure Includes",
      "url": "https://fast.wistia.com/embed/medias/nidpuxb53h.m3u8"
    },
    {
      "title": "Authentication v/s Authorization",
      "url": "https://fast.wistia.com/embed/medias/p8kpsjdv6j.m3u8"
    },
    {
      "title": "How are passwords stored?",
      "url": "https://fast.wistia.com/embed/medias/rjzwt5u9yy.m3u8"
    },
    {
      "title": "What is Hashing?",
      "url": "https://fast.wistia.com/embed/medias/rqc9egwp3t.m3u8"
    },
    {
      "title": "What is Salting?",
      "url": "https://fast.wistia.com/embed/medias/0c9e3dot3n.m3u8"
    },
    {
      "title": "Passport - Getting started",
      "url": "https://fast.wistia.com/embed/medias/hdpmyf89dk.m3u8"
    },
    {
      "title": "User Model",
      "url": "https://fast.wistia.com/embed/medias/fhh6272nza.m3u8"
    },
    {
      "title": "Configuring Strategy",
      "url": "https://fast.wistia.com/embed/medias/o343d1yntx.m3u8"
    },
    {
      "title": "Demo User",
      "url": "https://fast.wistia.com/embed/medias/rhueevmifw.m3u8"
    },
    {
      "title": "SignUp User - GET",
      "url": "https://fast.wistia.com/embed/medias/fhn47yxahh.m3u8"
    },
    {
      "title": "SignUp User - POST",
      "url": "https://fast.wistia.com/embed/medias/pdq45wn6mp.m3u8"
    },
    {
      "title": "Login User",
      "url": "https://fast.wistia.com/embed/medias/unutybzr8y.m3u8"
    },
    {
      "title": "Connecting Login Route",
      "url": "https://fast.wistia.com/embed/medias/axak80m4h4.m3u8"
    },
    {
      "title": "LogOut User",
      "url": "https://fast.wistia.com/embed/medias/hjsgo9vpld.m3u8"
    },
    {
      "title": "Add Styling",
      "url": "https://fast.wistia.com/embed/medias/21tnwqaktf.m3u8"
    },
    {
      "title": "Login after SignUp",
      "url": "https://fast.wistia.com/embed/medias/kilni5wo7a.m3u8"
    },
    {
      "title": "post-Login Page",
      "url": "https://fast.wistia.com/embed/medias/gjl436ov1t.m3u8"
    },
    {
      "title": "Listing Owner",
      "url": "https://fast.wistia.com/embed/medias/vcdgegiury.m3u8"
    },
    {
      "title": "Starting with Authorization",
      "url": "https://fast.wistia.com/embed/medias/2rnf8bjj07.m3u8"
    },
    {
      "title": "Authorization for /listings",
      "url": "https://fast.wistia.com/embed/medias/nd26hp4lv3.m3u8"
    },
    {
      "title": "Authorization for  /reviews (part1)",
      "url": "https://fast.wistia.com/embed/medias/udyisj4vdi.m3u8"
    },
    {
      "title": "Authorization for /reviews (part2)",
      "url": "https://fast.wistia.com/embed/medias/tlkw39e9aj.m3u8"
    },
    {
      "title": "MVC - Model, View, Controller",
      "url": "https://fast.wistia.com/embed/medias/8fy39s2j7h.m3u8"
    },
    {
      "title": "MVC for Listings",
      "url": "https://fast.wistia.com/embed/medias/hqb5ikdt9v.m3u8"
    },
    {
      "title": "MVC for Reviews & Users",
      "url": "https://fast.wistia.com/embed/medias/ujpjkb6ce1.m3u8"
    },
    {
      "title": "Router.route",
      "url": "https://fast.wistia.com/embed/medias/0zk37e2ixe.m3u8"
    },
    {
      "title": "Re-style Ratings",
      "url": "https://fast.wistia.com/embed/medias/hqgmpl4zk5.m3u8"
    },
    {
      "title": "Image Upload",
      "url": "https://fast.wistia.com/embed/medias/pf54k7cd8e.m3u8"
    },
    {
      "title": "Manipulating Form",
      "url": "https://fast.wistia.com/embed/medias/ob4897uko2.m3u8"
    },
    {
      "title": "Cloud Setup",
      "url": "https://fast.wistia.com/embed/medias/70kv0wx8cd.m3u8"
    },
    {
      "title": "Store Files",
      "url": "https://fast.wistia.com/embed/medias/j42xk9qts6.m3u8"
    },
    {
      "title": "Save Link in Mongo",
      "url": "https://fast.wistia.com/embed/medias/0795a0xhod.m3u8"
    },
    {
      "title": "Display Image",
      "url": "https://fast.wistia.com/embed/medias/69nfpysdrl.m3u8"
    },
    {
      "title": "Edit Listing Image",
      "url": "https://fast.wistia.com/embed/medias/nobbh6n9h9.m3u8"
    },
    {
      "title": "Image Preview for Edit Page",
      "url": "https://fast.wistia.com/embed/medias/p2bgqq52bv.m3u8"
    },
    {
      "title": "Getting Started with Maps",
      "url": "https://fast.wistia.com/embed/medias/7tamwifup0.m3u8"
    },
    {
      "title": "Our First Map",
      "url": "https://fast.wistia.com/embed/medias/amni959m38.m3u8"
    },
    {
      "title": "Geocoding",
      "url": "https://fast.wistia.com/embed/medias/ukkkquocp3.m3u8"
    },
    {
      "title": "Storing Coordinates",
      "url": "https://fast.wistia.com/embed/medias/3oenoz3z6u.m3u8"
    },
    {
      "title": "Map Marker",
      "url": "https://fast.wistia.com/embed/medias/cjdcig4z2e.m3u8"
    },
    {
      "title": "Map Popup",
      "url": "https://fast.wistia.com/embed/medias/d8k0vm68ic.m3u8"
    },
    {
      "title": "Fixing Home Page",
      "url": "https://fast.wistia.com/embed/medias/pa1pnfj8aa.m3u8"
    },
    {
      "title": "Add UI for Filters",
      "url": "https://fast.wistia.com/embed/medias/8gxw5b4y7p.m3u8"
    },
    {
      "title": "Add UI for Tax Switch",
      "url": "https://fast.wistia.com/embed/medias/fjw51ngkmv.m3u8"
    },
    {
      "title": "Making Tax Switch Functional",
      "url": "https://fast.wistia.com/embed/medias/7x3sm1qy6f.m3u8"
    },
    {
      "title": "Add UI for Search",
      "url": "https://fast.wistia.com/embed/medias/zi3ayj5ryx.m3u8"
    },
    {
      "title": "Using Mongo Atlas",
      "url": "https://fast.wistia.com/embed/medias/dj8svy2t10.m3u8"
    },
    {
      "title": "Mongo Session Store",
      "url": "https://fast.wistia.com/embed/medias/tfpj3a7viw.m3u8"
    },
    {
      "title": "Deployment with Render",
      "url": "https://fast.wistia.com/embed/medias/9zh7bx8bu9.m3u8"
    },
    {
      "title": "Push code to Github",
      "url": "https://fast.wistia.com/embed/medias/339nbu31t1.m3u8"
    },
    {
      "title": "Connect Render with Github",
      "url": "https://fast.wistia.com/embed/medias/50spoo9e92.m3u8"
    },
    {
      "title": "Create New Service",
      "url": "https://fast.wistia.com/embed/medias/famep2b2tx.m3u8"
    },
    {
      "title": "What is React?",
      "url": "https://fast.wistia.com/embed/medias/bg6w0q3cm5.m3u8"
    },
    {
      "title": "What is JSX?",
      "url": "https://fast.wistia.com/embed/medias/ya4eyet1bd.m3u8"
    },
    {
      "title": "Set up Local Environment",
      "url": "https://fast.wistia.com/embed/medias/tmx34tqxyw.m3u8"
    },
    {
      "title": "Understanding our App",
      "url": "https://fast.wistia.com/embed/medias/so4m01no1r.m3u8"
    },
    {
      "title": "Re-write App",
      "url": "https://fast.wistia.com/embed/medias/oiv6k5uhyp.m3u8"
    },
    {
      "title": "Our 1st Component",
      "url": "https://fast.wistia.com/embed/medias/i95l7ypjws.m3u8"
    },
    {
      "title": "Import-Export",
      "url": "https://fast.wistia.com/embed/medias/xuawik3rbu.m3u8"
    },
    {
      "title": "Writing Markup in JSX",
      "url": "https://fast.wistia.com/embed/medias/xrgiwaj7zr.m3u8"
    },
    {
      "title": "React Fragment",
      "url": "https://fast.wistia.com/embed/medias/t9bq4re6ea.m3u8"
    },
    {
      "title": "JSX with Curly Braces",
      "url": "https://fast.wistia.com/embed/medias/8ik21xn74h.m3u8"
    },
    {
      "title": "Structuring Components",
      "url": "https://fast.wistia.com/embed/medias/y87fix5f0u.m3u8"
    },
    {
      "title": "Style Components",
      "url": "https://fast.wistia.com/embed/medias/v10b0fe9xc.m3u8"
    },
    {
      "title": "React Props",
      "url": "https://fast.wistia.com/embed/medias/t3nrugf6l0.m3u8"
    },
    {
      "title": "Passing Arrays to Props",
      "url": "https://fast.wistia.com/embed/medias/wi9k0tfzc2.m3u8"
    },
    {
      "title": "Rendering Arrays",
      "url": "https://fast.wistia.com/embed/medias/mws1rfts5g.m3u8"
    },
    {
      "title": "Conditionals",
      "url": "https://fast.wistia.com/embed/medias/8x01ev1kwg.m3u8"
    },
    {
      "title": "Dynamic Component Styling",
      "url": "https://fast.wistia.com/embed/medias/xi0dt5mms5.m3u8"
    },
    {
      "title": "Activity",
      "url": "https://fast.wistia.com/embed/medias/jfpodmzbld.m3u8"
    },
    {
      "title": "Install React Developer Tools",
      "url": "https://fast.wistia.com/embed/medias/b6anas0bh1.m3u8"
    },
    {
      "title": "Activity : Amazon Cards",
      "url": "https://fast.wistia.com/embed/medias/my4w395r20.m3u8"
    },
    {
      "title": "Handling Click Events",
      "url": "https://fast.wistia.com/embed/medias/0sp5lg81b0.m3u8"
    },
    {
      "title": "Handling Non-Click Events",
      "url": "https://fast.wistia.com/embed/medias/gzl8em1tqp.m3u8"
    },
    {
      "title": "Event Object",
      "url": "https://fast.wistia.com/embed/medias/yodcu6w0m1.m3u8"
    },
    {
      "title": "State in React",
      "url": "https://fast.wistia.com/embed/medias/fqimb4ht3k.m3u8"
    },
    {
      "title": "Hooks",
      "url": "https://fast.wistia.com/embed/medias/r2wcxtv140.m3u8"
    },
    {
      "title": "useState( )",
      "url": "https://fast.wistia.com/embed/medias/zdeu855ixu.m3u8"
    },
    {
      "title": "Activity : Create LikeButton",
      "url": "https://fast.wistia.com/embed/medias/usofsc3v98.m3u8"
    },
    {
      "title": "Closure in JS",
      "url": "https://fast.wistia.com/embed/medias/dt6964tm08.m3u8"
    },
    {
      "title": "Re-render : How does it work?",
      "url": "https://fast.wistia.com/embed/medias/iz2n2vjmjz.m3u8"
    },
    {
      "title": "Callback in Set State Function",
      "url": "https://fast.wistia.com/embed/medias/m585p9eow1.m3u8"
    },
    {
      "title": "More about State",
      "url": "https://fast.wistia.com/embed/medias/wwmmfy0cd6.m3u8"
    },
    {
      "title": "Objects & State",
      "url": "https://fast.wistia.com/embed/medias/3wonpy2pw0.m3u8"
    },
    {
      "title": "Arrays & State",
      "url": "https://fast.wistia.com/embed/medias/beo1099wxc.m3u8"
    },
    {
      "title": "Activity : Create a Todo",
      "url": "https://fast.wistia.com/embed/medias/a825i8tzje.m3u8"
    },
    {
      "title": "Unique Key for List Items",
      "url": "https://fast.wistia.com/embed/medias/f7ubavy8v7.m3u8"
    },
    {
      "title": "Deleting from Arrays",
      "url": "https://fast.wistia.com/embed/medias/teldktkmez.m3u8"
    },
    {
      "title": "Update All in Array",
      "url": "https://fast.wistia.com/embed/medias/y7uode5dn6.m3u8"
    },
    {
      "title": "Update One in Array",
      "url": "https://fast.wistia.com/embed/medias/i5q5v1hr2r.m3u8"
    },
    {
      "title": "Add a \"Mark as Done\" Feature to Todo",
      "url": "https://fast.wistia.com/embed/medias/l978s9o5ij.m3u8"
    },
    {
      "title": "Todo Solution - Mark as Done Feature",
      "url": "https://fast.wistia.com/embed/medias/z771gmrti1.m3u8"
    },
    {
      "title": "Lottery Game (Part a)",
      "url": "https://fast.wistia.com/embed/medias/4z93m00hon.m3u8"
    },
    {
      "title": "Lottery Game (Part b)",
      "url": "https://fast.wistia.com/embed/medias/9giy9lv015.m3u8"
    },
    {
      "title": "Changes to Lottery Game",
      "url": "https://fast.wistia.com/embed/medias/oxdzk9uk30.m3u8"
    },
    {
      "title": "Component Types",
      "url": "https://fast.wistia.com/embed/medias/arg0x3mva9.m3u8"
    },
    {
      "title": "Ticket Component",
      "url": "https://fast.wistia.com/embed/medias/gi8ga2zsna.m3u8"
    },
    {
      "title": "Lottery Component",
      "url": "https://fast.wistia.com/embed/medias/n1ao7hgtu0.m3u8"
    },
    {
      "title": "Functions as Props",
      "url": "https://fast.wistia.com/embed/medias/74yflm0r2v.m3u8"
    },
    {
      "title": "Forms in React",
      "url": "https://fast.wistia.com/embed/medias/guhw2i2jxe.m3u8"
    },
    {
      "title": "Labels in React",
      "url": "https://fast.wistia.com/embed/medias/89lh8fsgg4.m3u8"
    },
    {
      "title": "Handling Multiple Inputs",
      "url": "https://fast.wistia.com/embed/medias/hy0g5eqlku.m3u8"
    },
    {
      "title": "Comments Form",
      "url": "https://fast.wistia.com/embed/medias/z4y61yvusf.m3u8"
    },
    {
      "title": "Show Comments",
      "url": "https://fast.wistia.com/embed/medias/1ykjjond26.m3u8"
    },
    {
      "title": "Validations",
      "url": "https://fast.wistia.com/embed/medias/7os8jzsxf4.m3u8"
    },
    {
      "title": "useEffect( )",
      "url": "https://fast.wistia.com/embed/medias/c6i6unqvzv.m3u8"
    },
    {
      "title": "Dependencies in useEffect( )",
      "url": "https://fast.wistia.com/embed/medias/zjmt2jajqh.m3u8"
    },
    {
      "title": "Use Cases",
      "url": "https://fast.wistia.com/embed/medias/rwfpdm1q0v.m3u8"
    },
    {
      "title": "Material UI",
      "url": "https://fast.wistia.com/embed/medias/acm1j41ylo.m3u8"
    },
    {
      "title": "Building Search Box",
      "url": "https://fast.wistia.com/embed/medias/is38j2wjex.m3u8"
    },
    {
      "title": "Using Weather API",
      "url": "https://fast.wistia.com/embed/medias/utsgl1nljr.m3u8"
    },
    {
      "title": "Building Info Box",
      "url": "https://fast.wistia.com/embed/medias/2o2pt2ciyn.m3u8"
    },
    {
      "title": "Weather App Component",
      "url": "https://fast.wistia.com/embed/medias/hjbrjeyypc.m3u8"
    },
    {
      "title": "Added Feature",
      "url": "https://fast.wistia.com/embed/medias/vawttplzk8.m3u8"
    },
    {
      "title": "Introduction to Tailwind",
      "url": "https://fast.wistia.com/embed/medias/x40uj8jslk.m3u8"
    },
    {
      "title": "Tailwind CLI",
      "url": "https://fast.wistia.com/embed/medias/evn5ufgz6f.m3u8"
    },
    {
      "title": "Typography & Styling",
      "url": "https://fast.wistia.com/embed/medias/pyn4neoymm.m3u8"
    },
    {
      "title": "Colors & Spacing",
      "url": "https://fast.wistia.com/embed/medias/9syzoh23hf.m3u8"
    },
    {
      "title": "Breakpoints in Tailwind",
      "url": "https://fast.wistia.com/embed/medias/dzw4bwn8xp.m3u8"
    },
    {
      "title": "Apply Directive",
      "url": "https://fast.wistia.com/embed/medias/p0zruxts9x.m3u8"
    },
    {
      "title": "Design a Card in Tailwind",
      "url": "https://fast.wistia.com/embed/medias/5ontnjieof.m3u8"
    },
    {
      "title": "What is Redux?",
      "url": "https://fast.wistia.com/embed/medias/v8uu56lx9r.m3u8"
    },
    {
      "title": "Understanding Terms",
      "url": "https://fast.wistia.com/embed/medias/ii6bc1g6f0.m3u8"
    },
    {
      "title": "Setup Project",
      "url": "https://fast.wistia.com/embed/medias/ii4u1p1vgt.m3u8"
    },
    {
      "title": "Configuring Store",
      "url": "https://fast.wistia.com/embed/medias/g9txxm3n9w.m3u8"
    },
    {
      "title": "Deciding Actions",
      "url": "https://fast.wistia.com/embed/medias/pgyyvg2m6o.m3u8"
    },
    {
      "title": "Creating Reducers",
      "url": "https://fast.wistia.com/embed/medias/n2zyjawgmi.m3u8"
    },
    {
      "title": "Todo Component (Provider & useSelector)",
      "url": "https://fast.wistia.com/embed/medias/qgmui16li6.m3u8"
    },
    {
      "title": "AddTodo (Dispatching Actions)",
      "url": "https://fast.wistia.com/embed/medias/ri7yw7knn1.m3u8"
    },
    {
      "title": "Delete Todo",
      "url": "https://fast.wistia.com/embed/medias/fk6nknvz5h.m3u8"
    }
  ],
  "whatYouWillLearn": [
    "Master MERN stack development: MongoDB, Express.js, React, Node.js",
    "Build full-stack web applications from scratch",
    "Learn authentication, authorization, and security best practices",
    "Understand RESTful API design and database integration",
    "Deploy applications to cloud platforms and production",
    "Master modern JavaScript ES6+ and React development"
  ],
  "requirements": [
    "Basic computer knowledge",
    "Internet connection for video streaming",
    "Code editor (VS Code recommended)",
    "Motivation to learn and practice"
  ],
  "rating": {
    "average": 4.6,
    "count": 205,
    "breakdown": {
      "1": 2,
      "2": 3,
      "3": 11,
      "4": 135,
      "5": 244
    }
  },
  "duration": "10h 27m",
  "level": "Beginner",
  "language": "English",
  "studentsEnrolled": 751,
  "lastUpdated": "2025-10-20",
  "features": [
    "Lifetime Access",
    "Certificate of Completion",
    "Mobile and Desktop Access",
    "Downloadable Resources",
    "Community Support"
  ],
  "teacherId": "apna-college"
}