{
  "courseName": "SIGMA-9-JAVA",
  "coursecategory": "dsa",
  "viewtype": "both",
  "des": "Learn SIGMA - 9 JAVA DSA by Apna college with comprehensive video tutorials and hands-on projects.",
  "imageofcourse": "https://i.ytimg.com/vi/xWSpo2lFfUw/hq720.jpg?sqp=-oaymwEhCK4FEIIDSFryq4qpAxMIARUAAAAAGAElAADIQj0AgKJD&rs=AOn4CLDl2k1at5CjSKMJ_XCNBaQvV4EJXQ",
  "audio": "english",
  "cost": 0,
  "videoType": "wistia",
  "subsection": [
    "sigma",
    "apna-college",
    "shradha-khapra"
  ],
  "redirecturl": "https://fast.wistia.com/embed/medias/exn0srcjpk.m3u8",
  "rank": "medium",
  "videos": [
    {
      "title": "Orientation Session (Recording)",
      "url": "https://fast.wistia.com/embed/medias/exn0srcjpk.m3u8"
    },
    {
      "title": "Aman Sir's Mentorship Session",
      "url": "https://fast.wistia.com/embed/medias/if10fpjamr.m3u8"
    },
    {
      "title": "Coding Platforms Mentorship Session",
      "url": "https://fast.wistia.com/embed/medias/714q6abik3.m3u8"
    },
    {
      "title": "Resume Building Session",
      "url": "https://fast.wistia.com/embed/medias/i3leh5q3my.m3u8"
    },
    {
      "title": "GSoC - 2025 Live Mentorship Session",
      "url": "https://fast.wistia.com/embed/medias/zyj5excsej.m3u8"
    },
    {
      "title": "Special Mentorship Session by Aman Sir",
      "url": "https://fast.wistia.com/embed/medias/h9000nw192.m3u8"
    },
    {
      "title": "Off campus Placement/Internships Session",
      "url": "https://fast.wistia.com/embed/medias/qaqqlxs0gc.m3u8"
    },
    {
      "title": "Practice Session 1 (Recording)",
      "url": "https://fast.wistia.com/embed/medias/rx4eqrxq51.m3u8"
    },
    {
      "title": "Practice Session 2 (Recording)",
      "url": "https://fast.wistia.com/embed/medias/04atlc9lfo.m3u8"
    },
    {
      "title": "Practice Session 3 (Recording)",
      "url": "https://fast.wistia.com/embed/medias/kiv8eb731j.m3u8"
    },
    {
      "title": "Practice Session 4 (Recording)",
      "url": "https://fast.wistia.com/embed/medias/hfhkqbooax.m3u8"
    },
    {
      "title": "Sunday Live Doubt Session",
      "url": "https://fast.wistia.com/embed/medias/cu3qn5y8em.m3u8"
    },
    {
      "title": "Practice Session 5 (Recording)",
      "url": "https://fast.wistia.com/embed/medias/h3gzxm1br5.m3u8"
    },
    {
      "title": "Practice Session 6 (Recording)",
      "url": "https://fast.wistia.com/embed/medias/5n1sveia3z.m3u8"
    },
    {
      "title": "Practice Session 7 (Recording)",
      "url": "https://fast.wistia.com/embed/medias/4pyf3raqwi.m3u8"
    },
    {
      "title": "Practice Session 8 (Recording)",
      "url": "https://fast.wistia.com/embed/medias/a9zpffu0sd.m3u8"
    },
    {
      "title": "Practice Session 9 (Recording)",
      "url": "https://fast.wistia.com/embed/medias/0q7by16s09.m3u8"
    },
    {
      "title": "Practice Session 10 (Recording)",
      "url": "https://fast.wistia.com/embed/medias/4kusuq9qg5.m3u8"
    },
    {
      "title": "Sunday Live Doubt Session",
      "url": "https://fast.wistia.com/embed/medias/v0r9xnov5k.m3u8"
    },
    {
      "title": "Practice Session 11 (Recording)",
      "url": "https://fast.wistia.com/embed/medias/mdk9kpk0ou.m3u8"
    },
    {
      "title": "Practice Session 12 (Recording)",
      "url": "https://fast.wistia.com/embed/medias/drnwqp3whs.m3u8"
    },
    {
      "title": "Practice Session 13 (Recording)",
      "url": "https://fast.wistia.com/embed/medias/mtgpcd690a.m3u8"
    },
    {
      "title": "Sunday Live Doubt Session",
      "url": "https://fast.wistia.com/embed/medias/3xjczt3m8p.m3u8"
    },
    {
      "title": "Practice Session 14 (Recording)",
      "url": "https://fast.wistia.com/embed/medias/bwk3ij96bl.m3u8"
    },
    {
      "title": "Practice Session 15 (Recording)",
      "url": "https://fast.wistia.com/embed/medias/as7vjo8zv6.m3u8"
    },
    {
      "title": "Practice Session 16 (Recording)",
      "url": "https://fast.wistia.com/embed/medias/4wbecfryh7.m3u8"
    },
    {
      "title": "Sunday Live Doubt Session",
      "url": "https://fast.wistia.com/embed/medias/ipq3weta7w.m3u8"
    },
    {
      "title": "Practice Session 17 (Recording)",
      "url": "https://fast.wistia.com/embed/medias/m2hhljhy91.m3u8"
    },
    {
      "title": "Practice Session 18 (Recording)",
      "url": "https://fast.wistia.com/embed/medias/kgd3smdfcp.m3u8"
    },
    {
      "title": "Practice Session 19 (Recording)",
      "url": "https://fast.wistia.com/embed/medias/0pd6c7vhf2.m3u8"
    },
    {
      "title": "Practice Session 20 (Recording)",
      "url": "https://fast.wistia.com/embed/medias/3ah8p3f71t.m3u8"
    },
    {
      "title": "Practice Session 21 (Recording)",
      "url": "https://fast.wistia.com/embed/medias/06ww0dqb6r.m3u8"
    },
    {
      "title": "Practice Session 22 ( Recording)",
      "url": "https://fast.wistia.com/embed/medias/0m5ztve0m8.m3u8"
    },
    {
      "title": "Sunday Live Doubt Session",
      "url": "https://fast.wistia.com/embed/medias/aqro57etop.m3u8"
    },
    {
      "title": "Practice Session 23 (Recording)",
      "url": "https://fast.wistia.com/embed/medias/dcfvchrf32.m3u8"
    },
    {
      "title": "Practice Session 24 ( Recording)",
      "url": "https://fast.wistia.com/embed/medias/awhi5g5ynn.m3u8"
    },
    {
      "title": "Sunday Live Session",
      "url": "https://fast.wistia.com/embed/medias/hgi7tn5foc.m3u8"
    },
    {
      "title": "Practice Session 25 (Recording)",
      "url": "https://fast.wistia.com/embed/medias/0uemx37gcw.m3u8"
    },
    {
      "title": "Practice Session 26 (Recording)",
      "url": "https://fast.wistia.com/embed/medias/h47qx8u1ws.m3u8"
    },
    {
      "title": "Practice Session 27 (Recording)",
      "url": "https://fast.wistia.com/embed/medias/85qoo4gyn3.m3u8"
    },
    {
      "title": "Sunday Live Session",
      "url": "https://fast.wistia.com/embed/medias/gwsdsk5rf6.m3u8"
    },
    {
      "title": "Practice Session 28 (Recording)",
      "url": "https://fast.wistia.com/embed/medias/p4blrrhqwf.m3u8"
    },
    {
      "title": "Practice Session 29 (Recording)",
      "url": "https://fast.wistia.com/embed/medias/7acsk6vrap.m3u8"
    },
    {
      "title": "Practice Session 30 (Recording)",
      "url": "https://fast.wistia.com/embed/medias/v9gv74xag9.m3u8"
    },
    {
      "title": "Sunday Live Session",
      "url": "https://fast.wistia.com/embed/medias/40l2yobffi.m3u8"
    },
    {
      "title": "Practice Session 31 (Recording)",
      "url": "https://fast.wistia.com/embed/medias/p9de79zt3o.m3u8"
    },
    {
      "title": "Practice Session 32 (Recording)",
      "url": "https://fast.wistia.com/embed/medias/kzyk1g9are.m3u8"
    },
    {
      "title": "Practice Session 33 (Recording)",
      "url": "https://fast.wistia.com/embed/medias/g5nkn4iyn4.m3u8"
    },
    {
      "title": "Sunday Live Session",
      "url": "https://fast.wistia.com/embed/medias/syv7hf4fae.m3u8"
    },
    {
      "title": "Practice Session 34 (Recording)",
      "url": "https://fast.wistia.com/embed/medias/n1i877ortz.m3u8"
    },
    {
      "title": "Practice Session 35 (Recording)",
      "url": "https://fast.wistia.com/embed/medias/78o2c1kxrq.m3u8"
    },
    {
      "title": "Practice Session 36 (Recording)",
      "url": "https://fast.wistia.com/embed/medias/plw1t14pdi.m3u8"
    },
    {
      "title": "Sunday Live Session",
      "url": "https://fast.wistia.com/embed/medias/d6qnoj3x2b.m3u8"
    },
    {
      "title": "Practice Session 37 (Recording)",
      "url": "https://fast.wistia.com/embed/medias/h0dat6ahxq.m3u8"
    },
    {
      "title": "Practice Session 38 (Recording)",
      "url": "https://fast.wistia.com/embed/medias/csdb9uu04e.m3u8"
    },
    {
      "title": "Practice Session 39 (Recording)",
      "url": "https://fast.wistia.com/embed/medias/tvs0uhaee7.m3u8"
    },
    {
      "title": "Sunday Live Session",
      "url": "https://fast.wistia.com/embed/medias/k89sop4few.m3u8"
    },
    {
      "title": "Practice Session 40 (Recording)",
      "url": "https://fast.wistia.com/embed/medias/u7302hryxg.m3u8"
    },
    {
      "title": "Practice Session 41 (Recording)",
      "url": "https://fast.wistia.com/embed/medias/pq3j6bs6ql.m3u8"
    },
    {
      "title": "Practice Session 42 (Recording)",
      "url": "https://fast.wistia.com/embed/medias/jxxbjdukhv.m3u8"
    },
    {
      "title": "Sunday Live Session",
      "url": "https://fast.wistia.com/embed/medias/iq1vm3tedl.m3u8"
    },
    {
      "title": "Practice Session 43 (Recording)",
      "url": "https://fast.wistia.com/embed/medias/ml4xxg8zrm.m3u8"
    },
    {
      "title": "Practice Session 44 (Recording)",
      "url": "https://fast.wistia.com/embed/medias/jx1sxty6cx.m3u8"
    },
    {
      "title": "Practice Session 45 (Recording)",
      "url": "https://fast.wistia.com/embed/medias/ko7prd3go4.m3u8"
    },
    {
      "title": "Sunday Live Session",
      "url": "https://fast.wistia.com/embed/medias/sv9acoey9w.m3u8"
    },
    {
      "title": "Practice Session 46(Recording)",
      "url": "https://fast.wistia.com/embed/medias/e3mm97n8i2.m3u8"
    },
    {
      "title": "Practice Session 47(Recording)",
      "url": "https://fast.wistia.com/embed/medias/n32c7lbxy7.m3u8"
    },
    {
      "title": "Sunday Live Session",
      "url": "https://fast.wistia.com/embed/medias/fbsyehwel3.m3u8"
    },
    {
      "title": "Path to Placement",
      "url": "https://fast.wistia.com/embed/medias/xuzb9xio1t.m3u8"
    },
    {
      "title": "What will you learn?",
      "url": "https://fast.wistia.com/embed/medias/cv5z9skt18.m3u8"
    },
    {
      "title": "Prerequisites",
      "url": "https://fast.wistia.com/embed/medias/l4cgrlbf60.m3u8"
    },
    {
      "title": "What to Install? (on your laptop/computer)",
      "url": "https://fast.wistia.com/embed/medias/au23x1utq4.m3u8"
    },
    {
      "title": "What are Flowcharts?",
      "url": "https://fast.wistia.com/embed/medias/mqmoqg93er.m3u8"
    },
    {
      "title": "Flowchart Components",
      "url": "https://fast.wistia.com/embed/medias/d3c9uzve18.m3u8"
    },
    {
      "title": "Sum of 2 Numbers",
      "url": "https://fast.wistia.com/embed/medias/kyi4sxcsv8.m3u8"
    },
    {
      "title": "Calculate Simple Interest",
      "url": "https://fast.wistia.com/embed/medias/i7imncqf0f.m3u8"
    },
    {
      "title": "Max of 3 Numbers",
      "url": "https://fast.wistia.com/embed/medias/j3gfbsw1fv.m3u8"
    },
    {
      "title": "Find if a Number is Prime or not",
      "url": "https://fast.wistia.com/embed/medias/m40g1utp4g.m3u8"
    },
    {
      "title": "Sum of first N natural numbers",
      "url": "https://fast.wistia.com/embed/medias/bi58ynt8gr.m3u8"
    },
    {
      "title": "Creating a Java File",
      "url": "https://fast.wistia.com/embed/medias/8m3rmku0xo.m3u8"
    },
    {
      "title": "Boilerplate Code",
      "url": "https://fast.wistia.com/embed/medias/1htiwpm9eh.m3u8"
    },
    {
      "title": "Output in Java",
      "url": "https://fast.wistia.com/embed/medias/7aguoe0qbu.m3u8"
    },
    {
      "title": "Print a Pattern",
      "url": "https://fast.wistia.com/embed/medias/pkump2rrze.m3u8"
    },
    {
      "title": "Variables in Java",
      "url": "https://fast.wistia.com/embed/medias/6s3f80w608.m3u8"
    },
    {
      "title": "Data Types in Java",
      "url": "https://fast.wistia.com/embed/medias/cp81h30jrp.m3u8"
    },
    {
      "title": "Sum of a & b",
      "url": "https://fast.wistia.com/embed/medias/y1ggbsz245.m3u8"
    },
    {
      "title": "Comments in Java",
      "url": "https://fast.wistia.com/embed/medias/aiawdxajt6.m3u8"
    },
    {
      "title": "Input in Java",
      "url": "https://fast.wistia.com/embed/medias/tz0rl3seid.m3u8"
    },
    {
      "title": "Sum of a & b (Input from User)",
      "url": "https://fast.wistia.com/embed/medias/epx38voeds.m3u8"
    },
    {
      "title": "Product of a & b",
      "url": "https://fast.wistia.com/embed/medias/cws13xn297.m3u8"
    },
    {
      "title": "Area of a Circle",
      "url": "https://fast.wistia.com/embed/medias/e8ljot0wzq.m3u8"
    },
    {
      "title": "Type Conversion",
      "url": "https://fast.wistia.com/embed/medias/pogczpszvy.m3u8"
    },
    {
      "title": "Type Casting",
      "url": "https://fast.wistia.com/embed/medias/sup9x6x7mf.m3u8"
    },
    {
      "title": "Type Promotion in Expression",
      "url": "https://fast.wistia.com/embed/medias/cpq5ju6ssc.m3u8"
    },
    {
      "title": "How does Java code run?",
      "url": "https://fast.wistia.com/embed/medias/h5pk1t6pf4.m3u8"
    },
    {
      "title": "Types of Operators",
      "url": "https://fast.wistia.com/embed/medias/reom4d9rsz.m3u8"
    },
    {
      "title": "Arithmetic Operators",
      "url": "https://fast.wistia.com/embed/medias/5al3le0zps.m3u8"
    },
    {
      "title": "Unary Operators",
      "url": "https://fast.wistia.com/embed/medias/k8sq4jee9z.m3u8"
    },
    {
      "title": "Relational Operators",
      "url": "https://fast.wistia.com/embed/medias/y8jozrlvde.m3u8"
    },
    {
      "title": "Logical Operators",
      "url": "https://fast.wistia.com/embed/medias/3d55tk2loq.m3u8"
    },
    {
      "title": "Assignment Operators",
      "url": "https://fast.wistia.com/embed/medias/c75teso0j5.m3u8"
    },
    {
      "title": "if else",
      "url": "https://fast.wistia.com/embed/medias/xelobnt8ck.m3u8"
    },
    {
      "title": "Print the largest of 2 numbers",
      "url": "https://fast.wistia.com/embed/medias/n8kna1apb4.m3u8"
    },
    {
      "title": "Print if number is Odd or Even",
      "url": "https://fast.wistia.com/embed/medias/oytaq3wvqd.m3u8"
    },
    {
      "title": "else if",
      "url": "https://fast.wistia.com/embed/medias/9b4kwg7c5h.m3u8"
    },
    {
      "title": "Income Tax Calculator",
      "url": "https://fast.wistia.com/embed/medias/134zvl89o4.m3u8"
    },
    {
      "title": "Print the largest of 3 numbers",
      "url": "https://fast.wistia.com/embed/medias/qxek4svbky.m3u8"
    },
    {
      "title": "Ternary Operator",
      "url": "https://fast.wistia.com/embed/medias/v4siweuu3m.m3u8"
    },
    {
      "title": "Check if a student will Pass or Fail",
      "url": "https://fast.wistia.com/embed/medias/x1djge2lzy.m3u8"
    },
    {
      "title": "Switch statement",
      "url": "https://fast.wistia.com/embed/medias/fvpya51mud.m3u8"
    },
    {
      "title": "Calculator",
      "url": "https://fast.wistia.com/embed/medias/7qe0hqxgsc.m3u8"
    },
    {
      "title": "Loops Basics",
      "url": "https://fast.wistia.com/embed/medias/patiz896ql.m3u8"
    },
    {
      "title": "while Loop",
      "url": "https://fast.wistia.com/embed/medias/o3wvc7z40d.m3u8"
    },
    {
      "title": "Print numbers from 1 to 10",
      "url": "https://fast.wistia.com/embed/medias/uia5bqv19j.m3u8"
    },
    {
      "title": "Print numbers from 1 to n",
      "url": "https://fast.wistia.com/embed/medias/49ce69g4og.m3u8"
    },
    {
      "title": "Sum of first N natural numbers",
      "url": "https://fast.wistia.com/embed/medias/abqynd0wnl.m3u8"
    },
    {
      "title": "for Loop",
      "url": "https://fast.wistia.com/embed/medias/1hq1n32ksu.m3u8"
    },
    {
      "title": "Print Square pattern",
      "url": "https://fast.wistia.com/embed/medias/20vmwi0hd3.m3u8"
    },
    {
      "title": "Print reverse of a number",
      "url": "https://fast.wistia.com/embed/medias/s777t2sgrb.m3u8"
    },
    {
      "title": "Reverse the given number",
      "url": "https://fast.wistia.com/embed/medias/2x7ji0yq1u.m3u8"
    },
    {
      "title": "do while Loop",
      "url": "https://fast.wistia.com/embed/medias/pjaajd3mhr.m3u8"
    },
    {
      "title": "Break statement",
      "url": "https://fast.wistia.com/embed/medias/7ixnwhysep.m3u8"
    },
    {
      "title": "Question - break keyword",
      "url": "https://fast.wistia.com/embed/medias/ygjjha2tpr.m3u8"
    },
    {
      "title": "Continue statement",
      "url": "https://fast.wistia.com/embed/medias/09zmb9wyko.m3u8"
    },
    {
      "title": "Question - continue keyword",
      "url": "https://fast.wistia.com/embed/medias/a2q04l3br3.m3u8"
    },
    {
      "title": "Check if a number is Prime or not",
      "url": "https://fast.wistia.com/embed/medias/aka2266cy1.m3u8"
    },
    {
      "title": "Intro to Nested Loops (Star Pattern)",
      "url": "https://fast.wistia.com/embed/medias/86c3r29yj9.m3u8"
    },
    {
      "title": "Inverted Star Pattern",
      "url": "https://fast.wistia.com/embed/medias/zzbiuk1siz.m3u8"
    },
    {
      "title": "Half Pyramid Pattern",
      "url": "https://fast.wistia.com/embed/medias/wut18bxwce.m3u8"
    },
    {
      "title": "Character Pattern",
      "url": "https://fast.wistia.com/embed/medias/x0nidy2ruw.m3u8"
    },
    {
      "title": "Special Note",
      "url": "https://fast.wistia.com/embed/medias/q37p2sqmdt.m3u8"
    },
    {
      "title": "Introduction to Functions",
      "url": "https://fast.wistia.com/embed/medias/427fwnme12.m3u8"
    },
    {
      "title": "Syntax - Function Code Demo",
      "url": "https://fast.wistia.com/embed/medias/y47kmjc8hh.m3u8"
    },
    {
      "title": "Syntax with Parameters",
      "url": "https://fast.wistia.com/embed/medias/otcc1a2c0a.m3u8"
    },
    {
      "title": "Parameters v/s Arguments",
      "url": "https://fast.wistia.com/embed/medias/u55u9tgkrq.m3u8"
    },
    {
      "title": "What happens in memory? (Call Stack)",
      "url": "https://fast.wistia.com/embed/medias/gn90nx913w.m3u8"
    },
    {
      "title": "Call by Value (in Java)",
      "url": "https://fast.wistia.com/embed/medias/gkbmw36uqn.m3u8"
    },
    {
      "title": "Product of a & b",
      "url": "https://fast.wistia.com/embed/medias/owyk91pwuf.m3u8"
    },
    {
      "title": "Find Factorial",
      "url": "https://fast.wistia.com/embed/medias/1v8gapehya.m3u8"
    },
    {
      "title": "Find Binomial Coefficient",
      "url": "https://fast.wistia.com/embed/medias/okx53wlj9l.m3u8"
    },
    {
      "title": "Inbuilt v/s User defined Methods",
      "url": "https://fast.wistia.com/embed/medias/67p79q80u7.m3u8"
    },
    {
      "title": "Function Overloading",
      "url": "https://fast.wistia.com/embed/medias/pfwna0ldyh.m3u8"
    },
    {
      "title": "Overloading using Parameters",
      "url": "https://fast.wistia.com/embed/medias/45nqj0b6ot.m3u8"
    },
    {
      "title": "Overloading using Data Types",
      "url": "https://fast.wistia.com/embed/medias/3et5h9ywdk.m3u8"
    },
    {
      "title": "Check if a number is Prime or not",
      "url": "https://fast.wistia.com/embed/medias/q4en1pju54.m3u8"
    },
    {
      "title": "Check Prime (Optimized)",
      "url": "https://fast.wistia.com/embed/medias/lwpf5gaxh2.m3u8"
    },
    {
      "title": "Primes in Range",
      "url": "https://fast.wistia.com/embed/medias/vvemh4p8nu.m3u8"
    },
    {
      "title": "Binary to Decimal",
      "url": "https://fast.wistia.com/embed/medias/anhtby677z.m3u8"
    },
    {
      "title": "Code - Binary to Decimal",
      "url": "https://fast.wistia.com/embed/medias/w6bm8n6znf.m3u8"
    },
    {
      "title": "Decimal to Binary",
      "url": "https://fast.wistia.com/embed/medias/tescgz3p60.m3u8"
    },
    {
      "title": "Code - Decimal to Binary",
      "url": "https://fast.wistia.com/embed/medias/ay2nuoh8lv.m3u8"
    },
    {
      "title": "Method Scope",
      "url": "https://fast.wistia.com/embed/medias/zzfxsuy64n.m3u8"
    },
    {
      "title": "Block Scope",
      "url": "https://fast.wistia.com/embed/medias/s0lyb9rk8z.m3u8"
    },
    {
      "title": "Hollow Rectangle Pattern",
      "url": "https://fast.wistia.com/embed/medias/0vtzqe25f3.m3u8"
    },
    {
      "title": "Dry Run - Hollow Rectangle Pattern",
      "url": "https://fast.wistia.com/embed/medias/kcdm8hu41c.m3u8"
    },
    {
      "title": "Inverted & Rotated Half Pyramid",
      "url": "https://fast.wistia.com/embed/medias/ti61ws8vou.m3u8"
    },
    {
      "title": "Inverted Half Pyramid Pattern with Numbers",
      "url": "https://fast.wistia.com/embed/medias/6mo5di7lu4.m3u8"
    },
    {
      "title": "Floyd's Triangle Pattern",
      "url": "https://fast.wistia.com/embed/medias/oo5xcymn1x.m3u8"
    },
    {
      "title": "0-1 Triangle Pattern",
      "url": "https://fast.wistia.com/embed/medias/tfdn9os4ar.m3u8"
    },
    {
      "title": "Butterfly Pattern",
      "url": "https://fast.wistia.com/embed/medias/53pbsjftb5.m3u8"
    },
    {
      "title": "Butterfly Pattern Code (explanation continued as well)",
      "url": "https://fast.wistia.com/embed/medias/ugtotbbd98.m3u8"
    },
    {
      "title": "Solid Rhombus Pattern",
      "url": "https://fast.wistia.com/embed/medias/w7lthcz7we.m3u8"
    },
    {
      "title": "Hollow Rhombus Pattern",
      "url": "https://fast.wistia.com/embed/medias/mgrx47twr3.m3u8"
    },
    {
      "title": "Diamond Pattern",
      "url": "https://fast.wistia.com/embed/medias/z0lbhai43v.m3u8"
    },
    {
      "title": "Introduction",
      "url": "https://fast.wistia.com/embed/medias/xtk8zzn1ze.m3u8"
    },
    {
      "title": "Arrays - Creation",
      "url": "https://fast.wistia.com/embed/medias/di8xibo5im.m3u8"
    },
    {
      "title": "Arrays - Input, Output & Update",
      "url": "https://fast.wistia.com/embed/medias/5zjweu16xb.m3u8"
    },
    {
      "title": "Arrays as Function Arguments",
      "url": "https://fast.wistia.com/embed/medias/e6pk7o2l3t.m3u8"
    },
    {
      "title": "Linear Search",
      "url": "https://fast.wistia.com/embed/medias/r2x2xat649.m3u8"
    },
    {
      "title": "Largest in Array",
      "url": "https://fast.wistia.com/embed/medias/6i9vj73dds.m3u8"
    },
    {
      "title": "Binary Search",
      "url": "https://fast.wistia.com/embed/medias/sxj18boh7u.m3u8"
    },
    {
      "title": "Binary Search Code",
      "url": "https://fast.wistia.com/embed/medias/uusffgr23j.m3u8"
    },
    {
      "title": "Reverse an Array",
      "url": "https://fast.wistia.com/embed/medias/ssayeq0oid.m3u8"
    },
    {
      "title": "Pairs in Array",
      "url": "https://fast.wistia.com/embed/medias/ln3nl6svm0.m3u8"
    },
    {
      "title": "Print Subarrays",
      "url": "https://fast.wistia.com/embed/medias/69yx8blznb.m3u8"
    },
    {
      "title": "Max Subarray Sum - I (Brute Force)",
      "url": "https://fast.wistia.com/embed/medias/6nrxoa8q6u.m3u8"
    },
    {
      "title": "Max Subarray Sum - II (Prefix Sum)",
      "url": "https://fast.wistia.com/embed/medias/h2aokby4b9.m3u8"
    },
    {
      "title": "Max Subarray Sum - III (Kadane's Algorithm)",
      "url": "https://fast.wistia.com/embed/medias/mmczvo374m.m3u8"
    },
    {
      "title": "Trapping Rainwater",
      "url": "https://fast.wistia.com/embed/medias/ysd8ib7qi0.m3u8"
    },
    {
      "title": "Trapping Rainwater - Code",
      "url": "https://fast.wistia.com/embed/medias/ncmeg9a3v5.m3u8"
    },
    {
      "title": "Best Time to Buy & Sell Stock",
      "url": "https://fast.wistia.com/embed/medias/xkc4pfkopq.m3u8"
    },
    {
      "title": "What is sorting?",
      "url": "https://fast.wistia.com/embed/medias/w5g8czgv44.m3u8"
    },
    {
      "title": "Bubble Sort",
      "url": "https://fast.wistia.com/embed/medias/9pkl16ybly.m3u8"
    },
    {
      "title": "Bubble Sort Code",
      "url": "https://fast.wistia.com/embed/medias/v55mo46aal.m3u8"
    },
    {
      "title": "Selection Sort",
      "url": "https://fast.wistia.com/embed/medias/xix1w0xif7.m3u8"
    },
    {
      "title": "Selection Sort Code",
      "url": "https://fast.wistia.com/embed/medias/pu55yz8o8q.m3u8"
    },
    {
      "title": "Insertion Sort",
      "url": "https://fast.wistia.com/embed/medias/pwlrtkxvcx.m3u8"
    },
    {
      "title": "Insertion Sort Code",
      "url": "https://fast.wistia.com/embed/medias/q0m7jhgw0v.m3u8"
    },
    {
      "title": "Inbuilt Sort",
      "url": "https://fast.wistia.com/embed/medias/8i5z9r4dsg.m3u8"
    },
    {
      "title": "Counting Sort",
      "url": "https://fast.wistia.com/embed/medias/rbhlcdys7d.m3u8"
    },
    {
      "title": "Counting Sort Code",
      "url": "https://fast.wistia.com/embed/medias/oiipxqwbpw.m3u8"
    },
    {
      "title": "Introduction to 2D Arrays",
      "url": "https://fast.wistia.com/embed/medias/on3mu3ztgv.m3u8"
    },
    {
      "title": "Real life examples",
      "url": "https://fast.wistia.com/embed/medias/k542setq8e.m3u8"
    },
    {
      "title": "Representation of 2D Arrays",
      "url": "https://fast.wistia.com/embed/medias/bo8ct6s3oz.m3u8"
    },
    {
      "title": "Creation of 2D Arrays",
      "url": "https://fast.wistia.com/embed/medias/la1saphcla.m3u8"
    },
    {
      "title": "2D Arrays in Memory",
      "url": "https://fast.wistia.com/embed/medias/d9ug9wxgqx.m3u8"
    },
    {
      "title": "Spiral Matrix",
      "url": "https://fast.wistia.com/embed/medias/o5eikpmn1o.m3u8"
    },
    {
      "title": "Spiral Matrix Code",
      "url": "https://fast.wistia.com/embed/medias/z8yi9q0kba.m3u8"
    },
    {
      "title": "Diagonal Sum",
      "url": "https://fast.wistia.com/embed/medias/c15evky2zc.m3u8"
    },
    {
      "title": "Search in Sorted Matrix",
      "url": "https://fast.wistia.com/embed/medias/l6z18dplhy.m3u8"
    },
    {
      "title": "Search in Sorted Matrix Code",
      "url": "https://fast.wistia.com/embed/medias/n0q1gvvhys.m3u8"
    },
    {
      "title": "What are Strings?",
      "url": "https://fast.wistia.com/embed/medias/b4pxn8l6ax.m3u8"
    },
    {
      "title": "Input/Output",
      "url": "https://fast.wistia.com/embed/medias/tnrhmkdsa0.m3u8"
    },
    {
      "title": "String Length",
      "url": "https://fast.wistia.com/embed/medias/1pw2sg7qyo.m3u8"
    },
    {
      "title": "String Concatenate",
      "url": "https://fast.wistia.com/embed/medias/z5v2ul9ceg.m3u8"
    },
    {
      "title": "String charAt Method",
      "url": "https://fast.wistia.com/embed/medias/suc3f20qmp.m3u8"
    },
    {
      "title": "Check if a String is Palindrome",
      "url": "https://fast.wistia.com/embed/medias/giji813y48.m3u8"
    },
    {
      "title": "Question - Shortest Path",
      "url": "https://fast.wistia.com/embed/medias/xld05wwfvj.m3u8"
    },
    {
      "title": "String Functions - compare",
      "url": "https://fast.wistia.com/embed/medias/y3qg97bql5.m3u8"
    },
    {
      "title": "String Functions - substring",
      "url": "https://fast.wistia.com/embed/medias/d70rtvueoy.m3u8"
    },
    {
      "title": "Print Largest String",
      "url": "https://fast.wistia.com/embed/medias/rcovx1fx6p.m3u8"
    },
    {
      "title": "Why Strings are Immutable?",
      "url": "https://fast.wistia.com/embed/medias/kyotb6cdd3.m3u8"
    },
    {
      "title": "StringBuilder",
      "url": "https://fast.wistia.com/embed/medias/e2u2dbd3tg.m3u8"
    },
    {
      "title": "Convert Letters to Uppercase",
      "url": "https://fast.wistia.com/embed/medias/lzdb51x1vp.m3u8"
    },
    {
      "title": "String Compression",
      "url": "https://fast.wistia.com/embed/medias/mq7jhmtzuv.m3u8"
    },
    {
      "title": "Introduction to Bit Manipulation",
      "url": "https://fast.wistia.com/embed/medias/9v36o7mkxw.m3u8"
    },
    {
      "title": "Binary Number System",
      "url": "https://fast.wistia.com/embed/medias/f9d8qxe82w.m3u8"
    },
    {
      "title": "Bitwise Operators",
      "url": "https://fast.wistia.com/embed/medias/nip4s6vhi0.m3u8"
    },
    {
      "title": "Binary AND",
      "url": "https://fast.wistia.com/embed/medias/ss9yzuauy8.m3u8"
    },
    {
      "title": "Binary OR",
      "url": "https://fast.wistia.com/embed/medias/jb65a1s8jt.m3u8"
    },
    {
      "title": "Binary XOR",
      "url": "https://fast.wistia.com/embed/medias/xfvke2io86.m3u8"
    },
    {
      "title": "Binary 1's Complement",
      "url": "https://fast.wistia.com/embed/medias/2b41y4c1s7.m3u8"
    },
    {
      "title": "Binary Left Shift",
      "url": "https://fast.wistia.com/embed/medias/jz0dmy0ksb.m3u8"
    },
    {
      "title": "Binary Right Shift",
      "url": "https://fast.wistia.com/embed/medias/xci2cmuq1s.m3u8"
    },
    {
      "title": "Check if Odd or Even",
      "url": "https://fast.wistia.com/embed/medias/5x0mbksbwt.m3u8"
    },
    {
      "title": "Get ith Bit",
      "url": "https://fast.wistia.com/embed/medias/i7ocrvta54.m3u8"
    },
    {
      "title": "Set ith Bit",
      "url": "https://fast.wistia.com/embed/medias/cr5u69itp5.m3u8"
    },
    {
      "title": "Clear ith Bit",
      "url": "https://fast.wistia.com/embed/medias/3gaaw5pd75.m3u8"
    },
    {
      "title": "Update ith bit",
      "url": "https://fast.wistia.com/embed/medias/b0obyv2h0a.m3u8"
    },
    {
      "title": "Clear last i bits",
      "url": "https://fast.wistia.com/embed/medias/z3y8p4r0xi.m3u8"
    },
    {
      "title": "Clear range of bits",
      "url": "https://fast.wistia.com/embed/medias/9qbs5d1u8r.m3u8"
    },
    {
      "title": "Check if a number is power of 2 or not",
      "url": "https://fast.wistia.com/embed/medias/djio9998tg.m3u8"
    },
    {
      "title": "Count set bits in a number",
      "url": "https://fast.wistia.com/embed/medias/0lneui6hg9.m3u8"
    },
    {
      "title": "Fast Exponentiation",
      "url": "https://fast.wistia.com/embed/medias/uz8ev0dob4.m3u8"
    },
    {
      "title": "Fast Exponentiation Code",
      "url": "https://fast.wistia.com/embed/medias/v71ttu0da6.m3u8"
    },
    {
      "title": "Classes & Objects",
      "url": "https://fast.wistia.com/embed/medias/mmxakcbnxx.m3u8"
    },
    {
      "title": "Access Modifiers",
      "url": "https://fast.wistia.com/embed/medias/94zad5y2vk.m3u8"
    },
    {
      "title": "Getters & Setters",
      "url": "https://fast.wistia.com/embed/medias/7j62mj58fp.m3u8"
    },
    {
      "title": "Encapsulation",
      "url": "https://fast.wistia.com/embed/medias/zvpnyex5ej.m3u8"
    },
    {
      "title": "Constructors",
      "url": "https://fast.wistia.com/embed/medias/cfkbsovkxk.m3u8"
    },
    {
      "title": "Type of Constructors",
      "url": "https://fast.wistia.com/embed/medias/amh7yx0vnq.m3u8"
    },
    {
      "title": "Copy Constructor",
      "url": "https://fast.wistia.com/embed/medias/fbjrbey8w2.m3u8"
    },
    {
      "title": "Shallow & Deep Copy",
      "url": "https://fast.wistia.com/embed/medias/10elqo51u6.m3u8"
    },
    {
      "title": "Destructors",
      "url": "https://fast.wistia.com/embed/medias/ppwcynbyny.m3u8"
    },
    {
      "title": "Inheritance",
      "url": "https://fast.wistia.com/embed/medias/tg8i6sqiac.m3u8"
    },
    {
      "title": "Single level Inheritance",
      "url": "https://fast.wistia.com/embed/medias/1xhb4i4qey.m3u8"
    },
    {
      "title": "Multi level Inheritance",
      "url": "https://fast.wistia.com/embed/medias/jsbombv1m5.m3u8"
    },
    {
      "title": "Hierarchial Inheritance",
      "url": "https://fast.wistia.com/embed/medias/tbzkze5u3e.m3u8"
    },
    {
      "title": "Hybrid Inheritance",
      "url": "https://fast.wistia.com/embed/medias/gjk5ddvid7.m3u8"
    },
    {
      "title": "Polymorphism",
      "url": "https://fast.wistia.com/embed/medias/4zbde6k85s.m3u8"
    },
    {
      "title": "Method Overloading",
      "url": "https://fast.wistia.com/embed/medias/q69mhts2q4.m3u8"
    },
    {
      "title": "Method Overriding",
      "url": "https://fast.wistia.com/embed/medias/0vc6ubqwrr.m3u8"
    },
    {
      "title": "Packages in Java",
      "url": "https://fast.wistia.com/embed/medias/hhcue5w8bf.m3u8"
    },
    {
      "title": "Abstraction",
      "url": "https://fast.wistia.com/embed/medias/vlam6psdmg.m3u8"
    },
    {
      "title": "Abstract Classes",
      "url": "https://fast.wistia.com/embed/medias/hqjauqcm2p.m3u8"
    },
    {
      "title": "Interfaces",
      "url": "https://fast.wistia.com/embed/medias/u7q79c0bcq.m3u8"
    },
    {
      "title": "Static keyword",
      "url": "https://fast.wistia.com/embed/medias/jj38uxdxti.m3u8"
    },
    {
      "title": "Super keyword",
      "url": "https://fast.wistia.com/embed/medias/hff99jsj35.m3u8"
    },
    {
      "title": "Solved Questions Practice",
      "url": "https://fast.wistia.com/embed/medias/09u4vawhqe.m3u8"
    },
    {
      "title": "What is Recursion?",
      "url": "https://fast.wistia.com/embed/medias/n7yiew84kz.m3u8"
    },
    {
      "title": "Print numbers in decreasing order",
      "url": "https://fast.wistia.com/embed/medias/adsl4106e2.m3u8"
    },
    {
      "title": "Stack overflow",
      "url": "https://fast.wistia.com/embed/medias/bhnydiye5e.m3u8"
    },
    {
      "title": "Print numbers in increasing order",
      "url": "https://fast.wistia.com/embed/medias/xkm01shwht.m3u8"
    },
    {
      "title": "Find Factorial of N",
      "url": "https://fast.wistia.com/embed/medias/c3p93xcdnh.m3u8"
    },
    {
      "title": "Print sum of N natural numbers",
      "url": "https://fast.wistia.com/embed/medias/ciws43b2ai.m3u8"
    },
    {
      "title": "Print Nth Fibonacci number",
      "url": "https://fast.wistia.com/embed/medias/2dpf1l67rt.m3u8"
    },
    {
      "title": "Check if array is sorted or not",
      "url": "https://fast.wistia.com/embed/medias/edcg3p8hwk.m3u8"
    },
    {
      "title": "First Occurrence",
      "url": "https://fast.wistia.com/embed/medias/ap67srqaud.m3u8"
    },
    {
      "title": "Last Occurrence",
      "url": "https://fast.wistia.com/embed/medias/vrbrp1y029.m3u8"
    },
    {
      "title": "Print x to the power n",
      "url": "https://fast.wistia.com/embed/medias/y852al0i5b.m3u8"
    },
    {
      "title": "Print x to the power n (Optimized)",
      "url": "https://fast.wistia.com/embed/medias/utpysm3fxv.m3u8"
    },
    {
      "title": "Tiling Problem",
      "url": "https://fast.wistia.com/embed/medias/ofoswsossu.m3u8"
    },
    {
      "title": "Tiling Problem Code",
      "url": "https://fast.wistia.com/embed/medias/7f0a9wu2mt.m3u8"
    },
    {
      "title": "Remove Duplicates in a String",
      "url": "https://fast.wistia.com/embed/medias/1jnrjlw2or.m3u8"
    },
    {
      "title": "Friends Pairing Problem",
      "url": "https://fast.wistia.com/embed/medias/2mcmxr8cen.m3u8"
    },
    {
      "title": "Binary Strings Problem",
      "url": "https://fast.wistia.com/embed/medias/j2dlknovwq.m3u8"
    },
    {
      "title": "Binary Strings Problem Code",
      "url": "https://fast.wistia.com/embed/medias/beieaybiyb.m3u8"
    },
    {
      "title": "Stack Analysis - Binary Strings",
      "url": "https://fast.wistia.com/embed/medias/aprgszmnvn.m3u8"
    },
    {
      "title": "What is Divide & Conquer?",
      "url": "https://fast.wistia.com/embed/medias/8edc9o7p58.m3u8"
    },
    {
      "title": "Merge Sort (Basic + Space Optimized)",
      "url": "https://fast.wistia.com/embed/medias/sd34rvji0z.m3u8"
    },
    {
      "title": "Merge Sort Code",
      "url": "https://fast.wistia.com/embed/medias/gdn3d4b7uq.m3u8"
    },
    {
      "title": "Quick Sort",
      "url": "https://fast.wistia.com/embed/medias/ybmpav8eed.m3u8"
    },
    {
      "title": "Quick Sort Code",
      "url": "https://fast.wistia.com/embed/medias/mw21zj9dwb.m3u8"
    },
    {
      "title": "Worst Case in Quick Sort",
      "url": "https://fast.wistia.com/embed/medias/59iyo9y8g9.m3u8"
    },
    {
      "title": "Sorted & Rotated Array Search",
      "url": "https://fast.wistia.com/embed/medias/9pgc0kwrlc.m3u8"
    },
    {
      "title": "Sorted & Rotated Array Code",
      "url": "https://fast.wistia.com/embed/medias/2tu7jelcs1.m3u8"
    },
    {
      "title": "Introduction",
      "url": "https://fast.wistia.com/embed/medias/1soxzew1pd.m3u8"
    },
    {
      "title": "What is Time Complexity?",
      "url": "https://fast.wistia.com/embed/medias/htodmkzs9m.m3u8"
    },
    {
      "title": "Constant Time Complexity",
      "url": "https://fast.wistia.com/embed/medias/92pg83iekb.m3u8"
    },
    {
      "title": "Big O Notation",
      "url": "https://fast.wistia.com/embed/medias/ou1gumnqbp.m3u8"
    },
    {
      "title": "Big Omega & Theta Notation",
      "url": "https://fast.wistia.com/embed/medias/zxxixlfuvh.m3u8"
    },
    {
      "title": "Common Complexities",
      "url": "https://fast.wistia.com/embed/medias/8nnp7epq4i.m3u8"
    },
    {
      "title": "Space Complexity",
      "url": "https://fast.wistia.com/embed/medias/kcuy8dk58e.m3u8"
    },
    {
      "title": "Simple Loop Analysis",
      "url": "https://fast.wistia.com/embed/medias/159soo7ba6.m3u8"
    },
    {
      "title": "Nested Loop 1 Analysis",
      "url": "https://fast.wistia.com/embed/medias/oy0oqqb1x3.m3u8"
    },
    {
      "title": "Nested Loop 2 Analysis",
      "url": "https://fast.wistia.com/embed/medias/umksglv57v.m3u8"
    },
    {
      "title": "Nested Loop 3 Analysis",
      "url": "https://fast.wistia.com/embed/medias/138n68ytjm.m3u8"
    },
    {
      "title": "Bubble Sort Analysis",
      "url": "https://fast.wistia.com/embed/medias/7msauqcalp.m3u8"
    },
    {
      "title": "Binary Search Analysis",
      "url": "https://fast.wistia.com/embed/medias/vjolnmhq51.m3u8"
    },
    {
      "title": "Recursive Complexity Analysis (Factorial)",
      "url": "https://fast.wistia.com/embed/medias/d8ca7vm2yf.m3u8"
    },
    {
      "title": "Sum of N numbers Analysis",
      "url": "https://fast.wistia.com/embed/medias/pszqp7j3vr.m3u8"
    },
    {
      "title": "Fibonacci Analysis",
      "url": "https://fast.wistia.com/embed/medias/wv4q5pxhrr.m3u8"
    },
    {
      "title": "Merge Sort Analysis",
      "url": "https://fast.wistia.com/embed/medias/gvdh0j790y.m3u8"
    },
    {
      "title": "Recurrence Relation - Merge Sort",
      "url": "https://fast.wistia.com/embed/medias/smvz60nomh.m3u8"
    },
    {
      "title": "Power Function I - Analysis",
      "url": "https://fast.wistia.com/embed/medias/se4p1c75u5.m3u8"
    },
    {
      "title": "Power Function II - Analysis",
      "url": "https://fast.wistia.com/embed/medias/35oariq0pz.m3u8"
    },
    {
      "title": "Power Function III - Analysis",
      "url": "https://fast.wistia.com/embed/medias/0dvn7eqrmw.m3u8"
    },
    {
      "title": "How to approach Coding Questions?",
      "url": "https://fast.wistia.com/embed/medias/yzkndz26oq.m3u8"
    },
    {
      "title": "Introduction",
      "url": "https://fast.wistia.com/embed/medias/pjwf4d5md0.m3u8"
    },
    {
      "title": "Types of Backtracking",
      "url": "https://fast.wistia.com/embed/medias/aak5txjusu.m3u8"
    },
    {
      "title": "Backtracking on Arrays",
      "url": "https://fast.wistia.com/embed/medias/ovfux4c2st.m3u8"
    },
    {
      "title": "Find Subsets",
      "url": "https://fast.wistia.com/embed/medias/a729nxoj8i.m3u8"
    },
    {
      "title": "Find Subsets Code",
      "url": "https://fast.wistia.com/embed/medias/inv4m9aqcf.m3u8"
    },
    {
      "title": "Find Permutations",
      "url": "https://fast.wistia.com/embed/medias/70lxagjbcr.m3u8"
    },
    {
      "title": "Find Permutations Code",
      "url": "https://fast.wistia.com/embed/medias/kkwb9euv6k.m3u8"
    },
    {
      "title": "N Queens - all ways",
      "url": "https://fast.wistia.com/embed/medias/qk8t8l1or7.m3u8"
    },
    {
      "title": "N Queens - Time Complexity",
      "url": "https://fast.wistia.com/embed/medias/ot6m2bvjan.m3u8"
    },
    {
      "title": "N Queens - count ways",
      "url": "https://fast.wistia.com/embed/medias/zix7jyb5i3.m3u8"
    },
    {
      "title": "N Queens - print one solution",
      "url": "https://fast.wistia.com/embed/medias/eojembh46o.m3u8"
    },
    {
      "title": "Grid Ways",
      "url": "https://fast.wistia.com/embed/medias/wmbipl3tgr.m3u8"
    },
    {
      "title": "Grid Ways Code",
      "url": "https://fast.wistia.com/embed/medias/ozwtg9dnry.m3u8"
    },
    {
      "title": "Grid Ways Trick",
      "url": "https://fast.wistia.com/embed/medias/l20wm6or0r.m3u8"
    },
    {
      "title": "Sudoku",
      "url": "https://fast.wistia.com/embed/medias/gxdzgpcci9.m3u8"
    },
    {
      "title": "Sudoku Code",
      "url": "https://fast.wistia.com/embed/medias/y7bcc9gnas.m3u8"
    },
    {
      "title": "Introduction to ArrayList",
      "url": "https://fast.wistia.com/embed/medias/29w5plqwow.m3u8"
    },
    {
      "title": "Operations on ArrayList",
      "url": "https://fast.wistia.com/embed/medias/lxc4hq9lqc.m3u8"
    },
    {
      "title": "Size of ArrayList",
      "url": "https://fast.wistia.com/embed/medias/hiucehyz3u.m3u8"
    },
    {
      "title": "Print Reverse",
      "url": "https://fast.wistia.com/embed/medias/21dg331zn1.m3u8"
    },
    {
      "title": "Find Maximum",
      "url": "https://fast.wistia.com/embed/medias/yd8pzoijly.m3u8"
    },
    {
      "title": "Swap 2 Numbers",
      "url": "https://fast.wistia.com/embed/medias/l08p8lymoh.m3u8"
    },
    {
      "title": "Sorting an ArrayList",
      "url": "https://fast.wistia.com/embed/medias/5o8qgfhyct.m3u8"
    },
    {
      "title": "ArrayList (Implementation in Java)",
      "url": "https://fast.wistia.com/embed/medias/ol9l91bnua.m3u8"
    },
    {
      "title": "Multi-dimensional ArrayLists",
      "url": "https://fast.wistia.com/embed/medias/w974u7hv0r.m3u8"
    },
    {
      "title": "Container with Most Water (Brute Force)",
      "url": "https://fast.wistia.com/embed/medias/2wx9gqnrbx.m3u8"
    },
    {
      "title": "Container with Most Water (2 Pointer Approach)",
      "url": "https://fast.wistia.com/embed/medias/bgtzwdw2mr.m3u8"
    },
    {
      "title": "Container wMW v/s Trapping Rainwater",
      "url": "https://fast.wistia.com/embed/medias/s2xfmkozf0.m3u8"
    },
    {
      "title": "Pair Sum - 1 (Brute Force)",
      "url": "https://fast.wistia.com/embed/medias/ua0qoptt5d.m3u8"
    },
    {
      "title": "Pair Sum - 1 (2 Pointer Approach)",
      "url": "https://fast.wistia.com/embed/medias/jr43iqw1ik.m3u8"
    },
    {
      "title": "Pair Sum - 2",
      "url": "https://fast.wistia.com/embed/medias/7jn34usetx.m3u8"
    },
    {
      "title": "Pair Sum - 2 (Code)",
      "url": "https://fast.wistia.com/embed/medias/y20b27yo45.m3u8"
    },
    {
      "title": "Introduction to Linked List",
      "url": "https://fast.wistia.com/embed/medias/rdncq9xts2.m3u8"
    },
    {
      "title": "Head & Tail in LL",
      "url": "https://fast.wistia.com/embed/medias/awbfpf5d19.m3u8"
    },
    {
      "title": "Add First in LL",
      "url": "https://fast.wistia.com/embed/medias/350nsrcxsd.m3u8"
    },
    {
      "title": "Add Last in LL",
      "url": "https://fast.wistia.com/embed/medias/t4yzk9l1mw.m3u8"
    },
    {
      "title": "Print a LL",
      "url": "https://fast.wistia.com/embed/medias/k6r0ubr03g.m3u8"
    },
    {
      "title": "Add in the Middle of LL",
      "url": "https://fast.wistia.com/embed/medias/rn53jfc53u.m3u8"
    },
    {
      "title": "Size of a LL",
      "url": "https://fast.wistia.com/embed/medias/afutueot89.m3u8"
    },
    {
      "title": "Remove First in LL",
      "url": "https://fast.wistia.com/embed/medias/fsrrerxnr3.m3u8"
    },
    {
      "title": "Remove Last in LL",
      "url": "https://fast.wistia.com/embed/medias/bs3hdf4fb7.m3u8"
    },
    {
      "title": "Iterative Search",
      "url": "https://fast.wistia.com/embed/medias/7afdvnzbh0.m3u8"
    },
    {
      "title": "Recursive Search",
      "url": "https://fast.wistia.com/embed/medias/0gyp784sjk.m3u8"
    },
    {
      "title": "Reverse a Linked List",
      "url": "https://fast.wistia.com/embed/medias/qih6bq7e8b.m3u8"
    },
    {
      "title": "Find and Remove Nth Node from End",
      "url": "https://fast.wistia.com/embed/medias/h2jo4tmlwd.m3u8"
    },
    {
      "title": "Check if LL is Palindrome",
      "url": "https://fast.wistia.com/embed/medias/c73f8vowol.m3u8"
    },
    {
      "title": "Check if LL is Palindrome (Code)",
      "url": "https://fast.wistia.com/embed/medias/u9zllv83re.m3u8"
    },
    {
      "title": "Detecting Cycle in LL",
      "url": "https://fast.wistia.com/embed/medias/rj84twx43t.m3u8"
    },
    {
      "title": "Detecting Cycle Code",
      "url": "https://fast.wistia.com/embed/medias/2dk5rbjvct.m3u8"
    },
    {
      "title": "Removing Cycle in LL",
      "url": "https://fast.wistia.com/embed/medias/w5jv799prc.m3u8"
    },
    {
      "title": "Removing Cycle Code",
      "url": "https://fast.wistia.com/embed/medias/e58z5dupr9.m3u8"
    },
    {
      "title": "Removing Cycle Explanation (Math)",
      "url": "https://fast.wistia.com/embed/medias/nlaljf2iz5.m3u8"
    },
    {
      "title": "Java Collections Framework",
      "url": "https://fast.wistia.com/embed/medias/cmxf476rrl.m3u8"
    },
    {
      "title": "LL in Collections Framework",
      "url": "https://fast.wistia.com/embed/medias/jui45sil6n.m3u8"
    },
    {
      "title": "Merge Sort on LL",
      "url": "https://fast.wistia.com/embed/medias/7b69wqv3fk.m3u8"
    },
    {
      "title": "Merge Sort on LL (Code)",
      "url": "https://fast.wistia.com/embed/medias/vzwijyf93o.m3u8"
    },
    {
      "title": "Zig Zag Linked List",
      "url": "https://fast.wistia.com/embed/medias/ggxfifvjcg.m3u8"
    },
    {
      "title": "Zig Zag LL Code",
      "url": "https://fast.wistia.com/embed/medias/tlfc2yfdhi.m3u8"
    },
    {
      "title": "Doubly LL",
      "url": "https://fast.wistia.com/embed/medias/1xv6su8usl.m3u8"
    },
    {
      "title": "Reverse a Doubly LL",
      "url": "https://fast.wistia.com/embed/medias/mtcmv9dlwo.m3u8"
    },
    {
      "title": "Circular LL (Approach)",
      "url": "https://fast.wistia.com/embed/medias/nlbkmwrck7.m3u8"
    },
    {
      "title": "Stack Introduction",
      "url": "https://fast.wistia.com/embed/medias/yfq55v0y1v.m3u8"
    },
    {
      "title": "Stack using ArrayList",
      "url": "https://fast.wistia.com/embed/medias/zhtuacbv53.m3u8"
    },
    {
      "title": "Stack using Linked List",
      "url": "https://fast.wistia.com/embed/medias/f2lzy1969u.m3u8"
    },
    {
      "title": "Stack using Collections Framework",
      "url": "https://fast.wistia.com/embed/medias/rw7md2qftf.m3u8"
    },
    {
      "title": "Push at Bottom of Stack",
      "url": "https://fast.wistia.com/embed/medias/bfgoxt0aje.m3u8"
    },
    {
      "title": "Reverse a String using a Stack",
      "url": "https://fast.wistia.com/embed/medias/jhf22m553j.m3u8"
    },
    {
      "title": "Reverse a Stack",
      "url": "https://fast.wistia.com/embed/medias/1q0vfqdter.m3u8"
    },
    {
      "title": "Stock Span Problem",
      "url": "https://fast.wistia.com/embed/medias/iboytzsnwn.m3u8"
    },
    {
      "title": "Next greater element",
      "url": "https://fast.wistia.com/embed/medias/lqgk2uqn28.m3u8"
    },
    {
      "title": "Next greater element Code",
      "url": "https://fast.wistia.com/embed/medias/2uisc35qvh.m3u8"
    },
    {
      "title": "Valid Parentheses",
      "url": "https://fast.wistia.com/embed/medias/i9j2b8h5fj.m3u8"
    },
    {
      "title": "Valid Parentheses Code",
      "url": "https://fast.wistia.com/embed/medias/qqta0g48n6.m3u8"
    },
    {
      "title": "Duplicate Parentheses",
      "url": "https://fast.wistia.com/embed/medias/16nvseojdu.m3u8"
    },
    {
      "title": "Duplicate Parentheses Code",
      "url": "https://fast.wistia.com/embed/medias/qnhuvxxobq.m3u8"
    },
    {
      "title": "Maximum Rectangular Area in Histogram",
      "url": "https://fast.wistia.com/embed/medias/vs0hhvxbmx.m3u8"
    },
    {
      "title": "Max Rectangular Area in Histogram (Code)",
      "url": "https://fast.wistia.com/embed/medias/gldlgkah47.m3u8"
    },
    {
      "title": "Introduction to Queues",
      "url": "https://fast.wistia.com/embed/medias/26negthcpo.m3u8"
    },
    {
      "title": "Queues using Arrays",
      "url": "https://fast.wistia.com/embed/medias/ib7hm0e9ol.m3u8"
    },
    {
      "title": "Circular Queue using Arrays",
      "url": "https://fast.wistia.com/embed/medias/ginh3t87yn.m3u8"
    },
    {
      "title": "Queue using LL",
      "url": "https://fast.wistia.com/embed/medias/a9ao7g5d2e.m3u8"
    },
    {
      "title": "Queue using JCF",
      "url": "https://fast.wistia.com/embed/medias/m56ba1257v.m3u8"
    },
    {
      "title": "Queue using Two Stacks",
      "url": "https://fast.wistia.com/embed/medias/cscta15b3c.m3u8"
    },
    {
      "title": "Stack using 2 Queues",
      "url": "https://fast.wistia.com/embed/medias/ppy6fpogfc.m3u8"
    },
    {
      "title": "First Non-Repeating Letter",
      "url": "https://fast.wistia.com/embed/medias/bdmks4kyrm.m3u8"
    },
    {
      "title": "Interleave two halves of a Queue",
      "url": "https://fast.wistia.com/embed/medias/50t9kuzqxo.m3u8"
    },
    {
      "title": "Queue Reversal",
      "url": "https://fast.wistia.com/embed/medias/au32f8jfjf.m3u8"
    },
    {
      "title": "Deque (Double Ended Queue)",
      "url": "https://fast.wistia.com/embed/medias/qmz7c0ruxl.m3u8"
    },
    {
      "title": "Deque in JCF",
      "url": "https://fast.wistia.com/embed/medias/uyu57xcmxv.m3u8"
    },
    {
      "title": "Implement Stack using Deque",
      "url": "https://fast.wistia.com/embed/medias/gdaxj84jlc.m3u8"
    },
    {
      "title": "Implement Queue using Deque",
      "url": "https://fast.wistia.com/embed/medias/g3lt0b6sy4.m3u8"
    },
    {
      "title": "Introduction to Greedy",
      "url": "https://fast.wistia.com/embed/medias/pt0oxgntqv.m3u8"
    },
    {
      "title": "Activity Selection",
      "url": "https://fast.wistia.com/embed/medias/uw7fir1wk8.m3u8"
    },
    {
      "title": "Activity Selection Code",
      "url": "https://fast.wistia.com/embed/medias/41l3xrwoou.m3u8"
    },
    {
      "title": "Activity Selection Explanation",
      "url": "https://fast.wistia.com/embed/medias/t8dvbufhgs.m3u8"
    },
    {
      "title": "Fractional Knapsack",
      "url": "https://fast.wistia.com/embed/medias/l63jl1th44.m3u8"
    },
    {
      "title": "Fractional Knapsack Code",
      "url": "https://fast.wistia.com/embed/medias/i7g54c82kq.m3u8"
    },
    {
      "title": "Minimum Sum absolute difference pairs",
      "url": "https://fast.wistia.com/embed/medias/y6z7s9144n.m3u8"
    },
    {
      "title": "Maximum length chain of pairs",
      "url": "https://fast.wistia.com/embed/medias/mnxaqfzj7l.m3u8"
    },
    {
      "title": "Indian Coins",
      "url": "https://fast.wistia.com/embed/medias/v981fbjq5a.m3u8"
    },
    {
      "title": "Job Sequencing Problem",
      "url": "https://fast.wistia.com/embed/medias/0sev4t0nz0.m3u8"
    },
    {
      "title": "Chocola Problem",
      "url": "https://fast.wistia.com/embed/medias/3799t9qkpt.m3u8"
    },
    {
      "title": "Chocola Problem Code",
      "url": "https://fast.wistia.com/embed/medias/181ly46n1m.m3u8"
    },
    {
      "title": "Introduction to Binary Trees",
      "url": "https://fast.wistia.com/embed/medias/dokhwt7rrk.m3u8"
    },
    {
      "title": "Levels & Sub-trees in a Tree",
      "url": "https://fast.wistia.com/embed/medias/vzthmlfo5z.m3u8"
    },
    {
      "title": "Pop Quiz",
      "url": "https://fast.wistia.com/embed/medias/3hl53l4c8o.m3u8"
    },
    {
      "title": "Build Tree Preorder",
      "url": "https://fast.wistia.com/embed/medias/qb2jhhoeo3.m3u8"
    },
    {
      "title": "Build Tree Preorder Code",
      "url": "https://fast.wistia.com/embed/medias/yfvhgpq12h.m3u8"
    },
    {
      "title": "Preorder Traversal",
      "url": "https://fast.wistia.com/embed/medias/h8urmyqvbm.m3u8"
    },
    {
      "title": "Inorder Traversal",
      "url": "https://fast.wistia.com/embed/medias/ld6qc9exh4.m3u8"
    },
    {
      "title": "Postorder Traversal",
      "url": "https://fast.wistia.com/embed/medias/srvbd79jrz.m3u8"
    },
    {
      "title": "Level order Traversal",
      "url": "https://fast.wistia.com/embed/medias/nf9x1oaelx.m3u8"
    },
    {
      "title": "Height of a Tree",
      "url": "https://fast.wistia.com/embed/medias/lnvpc2gkwg.m3u8"
    },
    {
      "title": "Count of Nodes of a Tree",
      "url": "https://fast.wistia.com/embed/medias/ap1p0gq2us.m3u8"
    },
    {
      "title": "Sum of Nodes",
      "url": "https://fast.wistia.com/embed/medias/dul55usmxw.m3u8"
    },
    {
      "title": "Diameter of a Tree (Approach1)",
      "url": "https://fast.wistia.com/embed/medias/fzla6k0wrd.m3u8"
    },
    {
      "title": "Diameter of a Tree (Approach2)",
      "url": "https://fast.wistia.com/embed/medias/m3rllefwqo.m3u8"
    },
    {
      "title": "Subtree of another tree",
      "url": "https://fast.wistia.com/embed/medias/xzb9w1sfed.m3u8"
    },
    {
      "title": "Subtree of another tree Code",
      "url": "https://fast.wistia.com/embed/medias/vcyutq7pc2.m3u8"
    },
    {
      "title": "Top View of a Tree (Basics)",
      "url": "https://fast.wistia.com/embed/medias/5eyo39jqjs.m3u8"
    },
    {
      "title": "Top View of a Tree (Approach)",
      "url": "https://fast.wistia.com/embed/medias/lxiz2ezjjl.m3u8"
    },
    {
      "title": "Top View of a Tree (Code)",
      "url": "https://fast.wistia.com/embed/medias/eze7f9nyz1.m3u8"
    },
    {
      "title": "Kth Level",
      "url": "https://fast.wistia.com/embed/medias/0w5jsc0pph.m3u8"
    },
    {
      "title": "Lowest Common Ancestor (Approach1)",
      "url": "https://fast.wistia.com/embed/medias/hztsctfgh2.m3u8"
    },
    {
      "title": "Lowest Common Ancestor (Approach2)",
      "url": "https://fast.wistia.com/embed/medias/9pwa3he6qj.m3u8"
    },
    {
      "title": "Minimum Distance between 2 Nodes",
      "url": "https://fast.wistia.com/embed/medias/qpma0zs8pv.m3u8"
    },
    {
      "title": "Kth ancestor of Node",
      "url": "https://fast.wistia.com/embed/medias/rrk8lggjgz.m3u8"
    },
    {
      "title": "Transform to Sum Tree",
      "url": "https://fast.wistia.com/embed/medias/i8hlwy17s7.m3u8"
    },
    {
      "title": "Introduction",
      "url": "https://fast.wistia.com/embed/medias/idwy0ia9ok.m3u8"
    },
    {
      "title": "Concept of Search in BST",
      "url": "https://fast.wistia.com/embed/medias/zx81fa7aoi.m3u8"
    },
    {
      "title": "Build a BST",
      "url": "https://fast.wistia.com/embed/medias/clzknh56jr.m3u8"
    },
    {
      "title": "Search in a BST",
      "url": "https://fast.wistia.com/embed/medias/9g6pkw0z3g.m3u8"
    },
    {
      "title": "Delete a Node",
      "url": "https://fast.wistia.com/embed/medias/atu5d9msu6.m3u8"
    },
    {
      "title": "Print in Range",
      "url": "https://fast.wistia.com/embed/medias/67kwn7eb69.m3u8"
    },
    {
      "title": "Root to Leaf Path",
      "url": "https://fast.wistia.com/embed/medias/rfzhskrzc7.m3u8"
    },
    {
      "title": "Validate BST",
      "url": "https://fast.wistia.com/embed/medias/0q6qaa8hez.m3u8"
    },
    {
      "title": "Mirror a BST",
      "url": "https://fast.wistia.com/embed/medias/zmt95f1qqm.m3u8"
    },
    {
      "title": "Sorted Array to Balanced BST",
      "url": "https://fast.wistia.com/embed/medias/pkb9t78ttj.m3u8"
    },
    {
      "title": "Convert BST to Balanced BST",
      "url": "https://fast.wistia.com/embed/medias/lirapcun3q.m3u8"
    },
    {
      "title": "Size of Largest BST in BT",
      "url": "https://fast.wistia.com/embed/medias/6eoyewks8z.m3u8"
    },
    {
      "title": "Size of Largest BST in BT (Code)",
      "url": "https://fast.wistia.com/embed/medias/6yrgwflxjp.m3u8"
    },
    {
      "title": "Merge 2 BSTs",
      "url": "https://fast.wistia.com/embed/medias/g2tkf2walu.m3u8"
    },
    {
      "title": "AVL Trees",
      "url": "https://fast.wistia.com/embed/medias/iq3wah85lt.m3u8"
    },
    {
      "title": "Introduction to Priority Queues",
      "url": "https://fast.wistia.com/embed/medias/hvokiq7ddp.m3u8"
    },
    {
      "title": "PQ in JCF",
      "url": "https://fast.wistia.com/embed/medias/jam6w88enm.m3u8"
    },
    {
      "title": "PQ for Objects",
      "url": "https://fast.wistia.com/embed/medias/cetdd6hh54.m3u8"
    },
    {
      "title": "Introduction to Heaps",
      "url": "https://fast.wistia.com/embed/medias/lghbi73o5x.m3u8"
    },
    {
      "title": "Heap Implementation (using CBT)",
      "url": "https://fast.wistia.com/embed/medias/fk9ywycw12.m3u8"
    },
    {
      "title": "Insert in Heap",
      "url": "https://fast.wistia.com/embed/medias/y51ek315th.m3u8"
    },
    {
      "title": "Peek from Heap",
      "url": "https://fast.wistia.com/embed/medias/shbas8dz1b.m3u8"
    },
    {
      "title": "Remove from Heap",
      "url": "https://fast.wistia.com/embed/medias/vvfv4a20y6.m3u8"
    },
    {
      "title": "Heap Sort",
      "url": "https://fast.wistia.com/embed/medias/4ed5sijikm.m3u8"
    },
    {
      "title": "Nearby Cars",
      "url": "https://fast.wistia.com/embed/medias/jemloczxb0.m3u8"
    },
    {
      "title": "Connect N Ropes with Minimum Cost",
      "url": "https://fast.wistia.com/embed/medias/dhrgqjj6me.m3u8"
    },
    {
      "title": "Weakest Soldier",
      "url": "https://fast.wistia.com/embed/medias/436yyhexzk.m3u8"
    },
    {
      "title": "Sliding Window Maximum",
      "url": "https://fast.wistia.com/embed/medias/7qlg6wkthm.m3u8"
    },
    {
      "title": "Hashing Introduction",
      "url": "https://fast.wistia.com/embed/medias/km934vqthc.m3u8"
    },
    {
      "title": "HashMap",
      "url": "https://fast.wistia.com/embed/medias/5eyft8f2tl.m3u8"
    },
    {
      "title": "HashMap Operations",
      "url": "https://fast.wistia.com/embed/medias/wrcow5booe.m3u8"
    },
    {
      "title": "Iteration on HashMaps",
      "url": "https://fast.wistia.com/embed/medias/idjhfi4ie5.m3u8"
    },
    {
      "title": "HashMap Implementation",
      "url": "https://fast.wistia.com/embed/medias/sqb43cpeiz.m3u8"
    },
    {
      "title": "HashMap Implementation Code",
      "url": "https://fast.wistia.com/embed/medias/jxr3e9ysfq.m3u8"
    },
    {
      "title": "Special Note",
      "url": "https://fast.wistia.com/embed/medias/3kmr4rq3s5.m3u8"
    },
    {
      "title": "LinkedHashMap",
      "url": "https://fast.wistia.com/embed/medias/xfka6asz9g.m3u8"
    },
    {
      "title": "TreeMap",
      "url": "https://fast.wistia.com/embed/medias/7313gp3rpg.m3u8"
    },
    {
      "title": "Majority Element",
      "url": "https://fast.wistia.com/embed/medias/4dyk0kovam.m3u8"
    },
    {
      "title": "Valid Anagram",
      "url": "https://fast.wistia.com/embed/medias/ibhwj9j9q7.m3u8"
    },
    {
      "title": "HashSet",
      "url": "https://fast.wistia.com/embed/medias/agzavr2t3k.m3u8"
    },
    {
      "title": "Iteration on HashSets",
      "url": "https://fast.wistia.com/embed/medias/k2n7fwfy1u.m3u8"
    },
    {
      "title": "LinkedHashSet",
      "url": "https://fast.wistia.com/embed/medias/rhwdpxg0pp.m3u8"
    },
    {
      "title": "TreeSet",
      "url": "https://fast.wistia.com/embed/medias/btzyl7r3q7.m3u8"
    },
    {
      "title": "Count Distinct Elements",
      "url": "https://fast.wistia.com/embed/medias/c3u4qg9cc5.m3u8"
    },
    {
      "title": "Union & Intersection",
      "url": "https://fast.wistia.com/embed/medias/v1afv1b9te.m3u8"
    },
    {
      "title": "Find Itinerary for Tickets",
      "url": "https://fast.wistia.com/embed/medias/s0oqgtjahq.m3u8"
    },
    {
      "title": "Largest Subarray with Sum 0",
      "url": "https://fast.wistia.com/embed/medias/e8xn3u3oc4.m3u8"
    },
    {
      "title": "Subarray Sum Equal to K",
      "url": "https://fast.wistia.com/embed/medias/6razm3v932.m3u8"
    },
    {
      "title": "Tries Introduction",
      "url": "https://fast.wistia.com/embed/medias/aaj7y6swji.m3u8"
    },
    {
      "title": "What is a Trie?",
      "url": "https://fast.wistia.com/embed/medias/8qvrfmbkrg.m3u8"
    },
    {
      "title": "Creating a Trie",
      "url": "https://fast.wistia.com/embed/medias/3179w4y2oy.m3u8"
    },
    {
      "title": "Insertion",
      "url": "https://fast.wistia.com/embed/medias/jg5guvwu7o.m3u8"
    },
    {
      "title": "Searching",
      "url": "https://fast.wistia.com/embed/medias/bk5hk11rhc.m3u8"
    },
    {
      "title": "Word Break Problem",
      "url": "https://fast.wistia.com/embed/medias/qsnbn7enjz.m3u8"
    },
    {
      "title": "Prefix Problem",
      "url": "https://fast.wistia.com/embed/medias/3yr5e9yypv.m3u8"
    },
    {
      "title": "startsWith Problem",
      "url": "https://fast.wistia.com/embed/medias/h39ftl5vma.m3u8"
    },
    {
      "title": "Unique Substrings",
      "url": "https://fast.wistia.com/embed/medias/2l8f7w22ro.m3u8"
    },
    {
      "title": "Longest Word with all Prefixes",
      "url": "https://fast.wistia.com/embed/medias/7304xbvm6i.m3u8"
    },
    {
      "title": "Introduction to Graphs",
      "url": "https://fast.wistia.com/embed/medias/0w5bxp70k0.m3u8"
    },
    {
      "title": "Types of Graphs (Based on Edge)",
      "url": "https://fast.wistia.com/embed/medias/27tfk99io1.m3u8"
    },
    {
      "title": "Graph Representations",
      "url": "https://fast.wistia.com/embed/medias/ugu9a4b66z.m3u8"
    },
    {
      "title": "Graph Applications",
      "url": "https://fast.wistia.com/embed/medias/9d9jf067nf.m3u8"
    },
    {
      "title": "Creating a Graph (Adjacency List)",
      "url": "https://fast.wistia.com/embed/medias/3rokddt4mj.m3u8"
    },
    {
      "title": "BFS (Breadth First Search)",
      "url": "https://fast.wistia.com/embed/medias/2e3xcj3kp9.m3u8"
    },
    {
      "title": "DFS (Depth First Search)",
      "url": "https://fast.wistia.com/embed/medias/8fn26j2b3a.m3u8"
    },
    {
      "title": "Has Path? (using DFS)",
      "url": "https://fast.wistia.com/embed/medias/f0aocbg7ks.m3u8"
    },
    {
      "title": "Connected Components",
      "url": "https://fast.wistia.com/embed/medias/t1xajlukye.m3u8"
    },
    {
      "title": "Cycle in Graphs",
      "url": "https://fast.wistia.com/embed/medias/l4msap2nzk.m3u8"
    },
    {
      "title": "Cycle Detection (Undirected Graph) - DFS",
      "url": "https://fast.wistia.com/embed/medias/pesiopsvzp.m3u8"
    },
    {
      "title": "Bipartite Graph",
      "url": "https://fast.wistia.com/embed/medias/50qwglnm1o.m3u8"
    },
    {
      "title": "Cycle Detection (Directed graph) - DFS",
      "url": "https://fast.wistia.com/embed/medias/llmy4v5p2u.m3u8"
    },
    {
      "title": "Extra Read",
      "url": "https://fast.wistia.com/embed/medias/mjqsmv8ayw.m3u8"
    },
    {
      "title": "Topological Sorting (using DFS)",
      "url": "https://fast.wistia.com/embed/medias/94r4x7yfuq.m3u8"
    },
    {
      "title": "Topological Sort using BFS (Kahn's Algorithm)",
      "url": "https://fast.wistia.com/embed/medias/oapos514me.m3u8"
    },
    {
      "title": "Topological Sort using BFS (Code)",
      "url": "https://fast.wistia.com/embed/medias/a8elae1xoa.m3u8"
    },
    {
      "title": "All Paths from Source to Target",
      "url": "https://fast.wistia.com/embed/medias/0i17sos4e3.m3u8"
    },
    {
      "title": "Dijkstra's Algorithm",
      "url": "https://fast.wistia.com/embed/medias/v15vpx66ry.m3u8"
    },
    {
      "title": "Dijkstra's Algorithm (Code)",
      "url": "https://fast.wistia.com/embed/medias/fb012xro1i.m3u8"
    },
    {
      "title": "Bellman Ford Algorithm",
      "url": "https://fast.wistia.com/embed/medias/be2awt0nr8.m3u8"
    },
    {
      "title": "Bellman Ford (Code)",
      "url": "https://fast.wistia.com/embed/medias/y2jn3tzpdm.m3u8"
    },
    {
      "title": "What is MST?",
      "url": "https://fast.wistia.com/embed/medias/5e4psvxgjh.m3u8"
    },
    {
      "title": "Prim's Algorithm",
      "url": "https://fast.wistia.com/embed/medias/gfkj1l7n98.m3u8"
    },
    {
      "title": "Prim's Code",
      "url": "https://fast.wistia.com/embed/medias/smdqlhxlc0.m3u8"
    },
    {
      "title": "Cheapest Flights within K Stops",
      "url": "https://fast.wistia.com/embed/medias/qq9qjedwrh.m3u8"
    },
    {
      "title": "Cheapest Flights within K Stops (Code)",
      "url": "https://fast.wistia.com/embed/medias/wbzp2thlcf.m3u8"
    },
    {
      "title": "Connecting Cities",
      "url": "https://fast.wistia.com/embed/medias/3whf8xx7rj.m3u8"
    },
    {
      "title": "Connecting Cities (Code)",
      "url": "https://fast.wistia.com/embed/medias/w185ag94gw.m3u8"
    },
    {
      "title": "Disjoint Set Union",
      "url": "https://fast.wistia.com/embed/medias/af4qltyjhs.m3u8"
    },
    {
      "title": "Kruskal's Algorithm",
      "url": "https://fast.wistia.com/embed/medias/82hq6izy7k.m3u8"
    },
    {
      "title": "Flood Fill Algorithm",
      "url": "https://fast.wistia.com/embed/medias/dr1wngvmy9.m3u8"
    },
    {
      "title": "Strongly Connected Components (Kosaraju's Algorithm)",
      "url": "https://fast.wistia.com/embed/medias/r5bfstyapc.m3u8"
    },
    {
      "title": "Bridge in Graph (Tarjan's Algorithm)",
      "url": "https://fast.wistia.com/embed/medias/ifuzhed48f.m3u8"
    },
    {
      "title": "Articulation Point (Tarjan's Algorithm)",
      "url": "https://fast.wistia.com/embed/medias/6kvobhb3un.m3u8"
    },
    {
      "title": "Introduction to DP",
      "url": "https://fast.wistia.com/embed/medias/xpt75q48sv.m3u8"
    },
    {
      "title": "What is DP? (Definition)",
      "url": "https://fast.wistia.com/embed/medias/1tl5iylg1e.m3u8"
    },
    {
      "title": "Ways of DP",
      "url": "https://fast.wistia.com/embed/medias/n1ulxrxe55.m3u8"
    },
    {
      "title": "7 Important Concepts",
      "url": "https://fast.wistia.com/embed/medias/tcn9k6ajl5.m3u8"
    },
    {
      "title": "Climbing Stairs (Recursion)",
      "url": "https://fast.wistia.com/embed/medias/tjuwnu78d5.m3u8"
    },
    {
      "title": "Climbing Stairs (Memoization DP)",
      "url": "https://fast.wistia.com/embed/medias/bvz11nwwmf.m3u8"
    },
    {
      "title": "Climbing Stairs Variation",
      "url": "https://fast.wistia.com/embed/medias/xn0zelhi3h.m3u8"
    },
    {
      "title": "Climbing Stairs (Tabulation DP)",
      "url": "https://fast.wistia.com/embed/medias/6lm0xf0jih.m3u8"
    },
    {
      "title": "Types of Knapsack problems",
      "url": "https://fast.wistia.com/embed/medias/kdsd9a6tpc.m3u8"
    },
    {
      "title": "0-1 Knapsack (Recursion)",
      "url": "https://fast.wistia.com/embed/medias/og5yj1lezj.m3u8"
    },
    {
      "title": "0-1 Knapsack (Memoization)",
      "url": "https://fast.wistia.com/embed/medias/jfec0ppp22.m3u8"
    },
    {
      "title": "0-1 Knapsack (Tabulation)",
      "url": "https://fast.wistia.com/embed/medias/s7r55tbjak.m3u8"
    },
    {
      "title": "Target Sum Subset (Tabulation)",
      "url": "https://fast.wistia.com/embed/medias/85qjbrana3.m3u8"
    },
    {
      "title": "Target Sum Subset (Code)",
      "url": "https://fast.wistia.com/embed/medias/u5y71epzud.m3u8"
    },
    {
      "title": "Unbounded Knapsack (Tabulation)",
      "url": "https://fast.wistia.com/embed/medias/1dqdf1syzr.m3u8"
    },
    {
      "title": "Coin Change (Live Class)",
      "url": "https://fast.wistia.com/embed/medias/jd4dfqq4yy.m3u8"
    },
    {
      "title": "Rod Cutting",
      "url": "https://fast.wistia.com/embed/medias/knio8e51da.m3u8"
    },
    {
      "title": "Longest Common Subsequence (Recursion)",
      "url": "https://fast.wistia.com/embed/medias/kagrflifws.m3u8"
    },
    {
      "title": "LCS (Memoization)",
      "url": "https://fast.wistia.com/embed/medias/apicp69489.m3u8"
    },
    {
      "title": "LCS (Tabulation)",
      "url": "https://fast.wistia.com/embed/medias/c5l744k7sh.m3u8"
    },
    {
      "title": "Longest Common Substring",
      "url": "https://fast.wistia.com/embed/medias/vd6tb862hi.m3u8"
    },
    {
      "title": "Longest Increasing Subsequence",
      "url": "https://fast.wistia.com/embed/medias/4m05o5rswb.m3u8"
    },
    {
      "title": "Edit Distance (Explanation)",
      "url": "https://fast.wistia.com/embed/medias/3i2pjgcfhj.m3u8"
    },
    {
      "title": "Edit Distance (Code)",
      "url": "https://fast.wistia.com/embed/medias/ql2ljpufb9.m3u8"
    },
    {
      "title": "String Conversion",
      "url": "https://fast.wistia.com/embed/medias/yc3utslssq.m3u8"
    },
    {
      "title": "Wildcard Matching - Hard (Explanation)",
      "url": "https://fast.wistia.com/embed/medias/awo0j1eky7.m3u8"
    },
    {
      "title": "Wildcard Matching (Code)",
      "url": "https://fast.wistia.com/embed/medias/b1z8pvbx8k.m3u8"
    },
    {
      "title": "Catalan's Number (Recursion + Memoization)",
      "url": "https://fast.wistia.com/embed/medias/oi6qgi5t9g.m3u8"
    },
    {
      "title": "Catalan's Number (Tabulation)",
      "url": "https://fast.wistia.com/embed/medias/kyzl4cipo5.m3u8"
    },
    {
      "title": "Count BSTs",
      "url": "https://fast.wistia.com/embed/medias/3vaaecrgds.m3u8"
    },
    {
      "title": "Mountain Ranges",
      "url": "https://fast.wistia.com/embed/medias/qylroeauyq.m3u8"
    },
    {
      "title": "Basics of Matrices (Math)",
      "url": "https://fast.wistia.com/embed/medias/uqtpolcqc4.m3u8"
    },
    {
      "title": "Matrix Chain Multiplication (Recursion)",
      "url": "https://fast.wistia.com/embed/medias/ubc04b1zwh.m3u8"
    },
    {
      "title": "MCM (Memoization)",
      "url": "https://fast.wistia.com/embed/medias/67wy651a4h.m3u8"
    },
    {
      "title": "MCM (Tabulation)",
      "url": "https://fast.wistia.com/embed/medias/2x0o6w5rsk.m3u8"
    },
    {
      "title": "Minimum Partitioning",
      "url": "https://fast.wistia.com/embed/medias/cvby9tifk5.m3u8"
    },
    {
      "title": "Minimum Array Jumps (Explanation)",
      "url": "https://fast.wistia.com/embed/medias/xmourfhmd9.m3u8"
    },
    {
      "title": "Minimum Array Jumps (Code)",
      "url": "https://fast.wistia.com/embed/medias/rifbeoqc3q.m3u8"
    },
    {
      "title": "Segment Trees Introduction",
      "url": "https://fast.wistia.com/embed/medias/7n7qztg1bz.m3u8"
    },
    {
      "title": "Count & Meaning of Nodes",
      "url": "https://fast.wistia.com/embed/medias/djna0m4lpo.m3u8"
    },
    {
      "title": "Creation of ST",
      "url": "https://fast.wistia.com/embed/medias/uuuu8jsx9x.m3u8"
    },
    {
      "title": "Queries on ST",
      "url": "https://fast.wistia.com/embed/medias/oj85oureth.m3u8"
    },
    {
      "title": "Update on ST",
      "url": "https://fast.wistia.com/embed/medias/pl6qva4v7m.m3u8"
    },
    {
      "title": "Max/Min Segment Tree (Creation)",
      "url": "https://fast.wistia.com/embed/medias/2ivroeebje.m3u8"
    },
    {
      "title": "Max/Min Segment Tree (Query/Update)",
      "url": "https://fast.wistia.com/embed/medias/k6ou7mpesi.m3u8"
    }
  ],
  "whatYouWillLearn": [
    "Master Java programming fundamentals and data structures",
    "Learn object-oriented programming concepts and collections",
    "Implement arrays, linked lists, trees, and graphs in Java",
    "Master sorting and searching algorithms with complexity analysis",
    "Solve competitive programming problems using Java",
    "Understand Java memory management and advanced features"
  ],
  "requirements": [
    "Basic computer knowledge",
    "Internet connection for video streaming",
    "Code editor (VS Code recommended)",
    "Motivation to learn and practice"
  ],
  "rating": {
    "average": 4.5,
    "count": 572,
    "breakdown": {
      "1": 5,
      "2": 9,
      "3": 31,
      "4": 140,
      "5": 265
    }
  },
  "duration": "6h 28m",
  "level": "Advanced",
  "language": "Hindi",
  "studentsEnrolled": 544,
  "lastUpdated": "2025-10-20",
  "features": [
    "Lifetime Access",
    "Certificate of Completion",
    "Mobile and Desktop Access",
    "Downloadable Resources",
    "Community Support"
  ],
  "teacherId": "apna-college"
}