{
    "courseName": "SPARK-Batch-4-Java-Full-Stack",
    "coursecategory": "web-development",
    "viewtype": "both",
    "des": "A 4-month job-ready Java Full Stack course for beginners and experienced professionals, covering backend (Java, Spring, Spring Boot) and frontend essentials, live sessions, real projects, and more.",
    "imageofcourse": "https://codeforsuccess.in/img/spark4-banner.webp",
    "audio": "Hindi",
    "cost": 4590,
    "videoType": "redirect",
    "subsection": [
     "codeforsuccess"
    ],
    "redirecturl": "https://t.me/GenieAshwani_spark4",
    "redirectsyllabus": [
      "Spring Framework Core Features: IOC Container, Beans, AutoConfigurations",
      "Spring MVC Concepts",
      "Spring Boot Internals, Spring Initializr & Starter Projects",
      "Using Lombok",
      "In-Memory Database with H2 DB",
      "Data Validation in Spring Beans",
      "Exception Handling in Spring Boot Applications",
      "Building REST APIs with Spring Boot",
      "Spring Data JPA: Basics to Advanced Custom Queries (MySQL/PostgreSQL)",
      "Hibernate ORM with JDBC",
      "DTO Patterns & Mapping Libraries",
      "Application Monitoring via Spring Boot Actuator",
      "API Documentation with Swagger / Open API",
      "Logging Strategies",
      "Third-Party API Integration via RestTemplate",
      "Securing REST APIs using Spring Security 6 and SQL Database",
      "Registration & Login System with Spring MVC + Spring Boot + Spring Data JPA + MySQL",
      "Weekend Live Sessions & Doubt Clearing",
      "Access to Recordings & Bonus Sessions",
      "Resume Assistance & Job Readiness"
    ],
    "rank": "high",
    "whatYouWillLearn": [
      "Master Java from fundamentals to advanced full stack development",
      "Design and build RESTful APIs using Spring Boot",
      "Integrate databases and write efficient data access with Spring Data JPA",
      "Secure applications using Spring Security",
      "Work on real-time projects that mimic industry workflows",
      "Prepare for job interviews with resume help and interview-focused sessions"
    ],
    "requirements": [
      "No prior programming experience required (beginner-friendly) :contentReference[oaicite:2]{index=2}",
      "Basic computer and internet access",
      "Willingness to attend weekend live sessions (9:00 AM-12:00 PM) :contentReference[oaicite:3]{index=3}",
      "Commitment to complete ~120+ hours of instruction and projects :contentReference[oaicite:4]{index=4}"
    ],
    "rating": {
      "average": 0,
      "count": 0,
      "breakdown": {
        "1": 0,
        "2": 0,
        "3": 0,
        "4": 0,
        "5": 0
      }
    },
    "duration": "4+ months",
    "level": "Beginner to Intermediate",
    "language": "Hindi",
    "studentsEnrolled": "",
    "lastUpdated": "2025-08-xx",
    "features": [
      "Live weekend classes",
      "Access to class recordings",
      "Duration validity: 2 years",
      "Real-time project work",
      "Resume & interview preparation support",
      "Certificate of completion"
    ],
    "teacherId": "genie-ashwani",
    "videos": []
  }
  