{
    "id": "github-student-pack-guide",
    "name": "GitHub Student Pack Complete Guide",
    "description": "Learn how to get the GitHub Student Pack with $200+ worth of developer tools and services for free. Perfect for students and developers.",
    "image": "https://images.unsplash.com/photo-1556075798-4825dfaaf498?ixlib=rb-4.0.3&ixid=M3wxMjA3fDB8MHxwaG90by1wYWdlfHx8fGVufDB8fHx8fA%3D%3D&auto=format&fit=crop&w=1000&q=80",
    "requirements": [
      "Valid student email address",
      "Student ID or enrollment proof",
      "GitHub account",
      "Age verification (13+ years)"
    ],
    "youtubeTutorialLink": "https://www.youtube.com/watch?v=sp9f9fQy_pw",
    "steps": [
      "Create a GitHub account if you don't have one",
      "Go to GitHub Education website",
      "Click on 'Student Pack' option",
      "Fill out the application form with your details",
      "Upload proof of student status",
      "Wait for approval (usually 1-2 weeks)",
      "Access your free tools and services"
    ],
    "links": [
      {
        "name": "GitHub Education",
        "url": "https://education.github.com/pack"
      },
      {
        "name": "Application Form",
        "url": "https://education.github.com/pack/offers"
      },
      {
        "name": "Student Verification",
        "url": "https://education.github.com/pack/offers#student-verification"
      }
    ],
    "category": "Developer Tools",
    "tags": ["github", "student", "free tools", "education", "developer-pack", "student-resources"],
    "featured": true,
    "difficulty": "Beginner",
    "estimatedTime": "15-20 minutes",
    "readingTime": "9 min read",
    "lastUpdated": "2024-01-18",
    "author": "Unlocked Coding Team",
    "benefits": [
      "$200+ worth of free developer tools",
      "Access to cloud hosting (Heroku, DigitalOcean)",
      "Free domain registration (Namecheap)",
      "Design tools (Canva Pro)",
      "AWS Educate credits included",
      "Professional development tools",
      "Career resources and job boards"
    ],
    "useCases": [
      "Build and deploy web applications",
      "Register professional domain names",
      "Create design assets for projects",
      "Host personal portfolios",
      "Access cloud computing resources",
      "Learn industry-standard tools"
    ],
    "troubleshooting": [
      {
        "issue": "Application rejected or pending for weeks",
        "solution": "Ensure you provide clear photos of your student ID. If rejected, reapply with additional documentation like enrollment certificate or class schedule."
      },
      {
        "issue": "Can't access certain services after approval",
        "solution": "Some services require separate account creation. Check each service's activation instructions in the GitHub Student Pack dashboard."
      },
      {
        "issue": "Pack expired but still a student",
        "solution": "Renew your student status by re-verifying. GitHub Student Pack can be renewed annually as long as you're enrolled."
      }
    ],
    "faqs": [
      {
        "question": "How long does approval take?",
        "answer": "Approval typically takes 1-2 weeks. Make sure to provide clear documentation of your student status to avoid delays."
      },
      {
        "question": "What if my school email isn't recognized?",
        "answer": "You can upload a student ID card, enrollment certificate, or class schedule as alternative verification documents."
      },
      {
        "question": "Can I use the pack for commercial projects?",
        "answer": "The GitHub Student Pack is for educational and personal projects. Commercial use may violate terms of service for some included services."
      }
    ],
    "relatedResources": [
      {
        "name": "GitHub Education Community",
        "url": "https://education.github.com/community"
      },
      {
        "name": "Student Pack Offers",
        "url": "https://education.github.com/pack/offers"
      }
    ],
    "content": "The GitHub Student Pack is one of the most valuable resources available to students pursuing careers in technology. This comprehensive program provides access to over $200 worth of developer tools and services completely free, helping students build their skills without financial constraints. Whether you're learning to code, building personal projects, or preparing for your first job in tech, the GitHub Student Pack gives you access to professional tools that can accelerate your learning journey.\n\nWhat makes the GitHub Student Pack exceptional is the diversity of resources it offers. The pack includes free access to cloud hosting platforms, development tools, design software, domain names, and educational resources. Services like Heroku, DigitalOcean, AWS Educate credits, Namecheap domain registration, Canva Pro, and many others are all included at no cost. This comprehensive collection means students can build, deploy, and showcase complete projects without worrying about subscription fees or service costs.\n\nThe application process is straightforward, though it requires verification of student status. Students need to create a GitHub account if they don't already have one, then fill out the application form with their educational details. Proof of student status can be provided through a school email address, student ID card, or enrollment certificate. The approval process typically takes one to two weeks, but once approved, access to all resources is immediate and continuous as long as you remain a student.\n\nOne of the most significant advantages of the GitHub Student Pack is the exposure it provides to professional development tools and services. Many of the services included are industry-standard platforms used by professional developers and companies worldwide. Familiarity with these tools gives students a competitive edge in job interviews and makes the transition into professional development smoother. Employers appreciate candidates who are already comfortable with professional-grade tools, as it reduces onboarding time and demonstrates practical experience.\n\nBeyond the practical benefits, the GitHub Student Pack opens doors to opportunities that might otherwise be financially inaccessible. Cloud hosting services like Heroku and DigitalOcean enable students to deploy real applications and gain experience with production environments. Domain registration through Namecheap allows students to build professional portfolios and personal websites. Design tools like Canva Pro help students create polished presentations and visual content for their projects.\n\nThe pack also includes educational resources and courses that can accelerate learning. Many services offer tutorials, documentation, and community support specifically designed for students. These resources complement formal education and provide practical, hands-on learning experiences that are crucial for developing real-world skills.\n\nFor students working on team projects or open-source contributions, the GitHub Student Pack provides essential collaboration tools. Git hosting, issue tracking, and project management tools help students learn industry-standard workflows and best practices. Many students use the pack to contribute to open-source projects, building their portfolios and gaining experience working with distributed teams.\n\nThe program is available to students worldwide, making professional development tools accessible to learners regardless of their financial situation or geographic location. This global accessibility helps level the playing field for students from diverse economic backgrounds, ensuring that everyone has access to the same high-quality resources. GitHub's commitment to education extends beyond just providing free tools - they actively engage with educational institutions and support student developers through various programs and initiatives.\n\nRenewal of the GitHub Student Pack is simple and automatic as long as you maintain student status. The program recognizes that education is a journey, and students should have continuous access to these resources throughout their academic careers. Many students have used the pack from their first year through graduate school, maximizing the value of the included services.\n\nThe impact of the GitHub Student Pack extends beyond individual students to the broader tech community. By providing access to professional tools, the pack helps nurture the next generation of developers, designers, and technologists. Many successful professionals credit the GitHub Student Pack with providing their first access to professional-grade tools, enabling them to build projects that launched their careers."
  }