{
    "id": "jetbrains-student-license",
    "name": "JetBrains Student License Setup",
    "description": "Get free access to all JetBrains IDEs including IntelliJ IDEA, PyCharm, WebStorm, and more with student verification.",
    "image": "https://images.unsplash.com/photo-1516321318423-f06f85e504b3?ixlib=rb-4.0.3&ixid=M3wxMjA3fDB8MHxwaG90by1wYWdlfHx8fGVufDB8fHx8fA%3D%3D&auto=format&fit=crop&w=1000&q=80",
    "requirements": [
      "Valid student email",
      "Student ID or enrollment certificate",
      "JetBrains account",
      "Active student status"
    ],
    "youtubeTutorialLink": "https://www.youtube.com/watch?v=DcUoffhMxyI",
    "steps": [
      "Visit JetBrains Student License page",
      "Click 'Apply Now' button",
      "Sign in with your JetBrains account",
      "Fill in your educational institution details",
      "Upload student verification document",
      "Submit application and wait for approval",
      "Download and activate your IDE"
    ],
    "links": [
      {
        "name": "JetBrains Student License",
        "url": "https://www.jetbrains.com/student/"
      },
      {
        "name": "Supported IDEs",
        "url": "https://www.jetbrains.com/products/"
      },
      {
        "name": "Student Verification Guide",
        "url": "https://www.jetbrains.com/help/idea/student-license.html"
      }
    ],
    "category": "Developer Tools",
    "tags": ["jetbrains", "ide", "student", "free", "intellij", "pycharm", "webstorm"],
    "featured": true,
    "difficulty": "Beginner",
    "estimatedTime": "10-15 minutes",
    "readingTime": "8 min read",
    "lastUpdated": "2024-01-22",
    "author": "Unlocked Coding Team",
    "benefits": [
      "Free access to all JetBrains IDEs",
      "Professional-grade development tools",
      "Intelligent code assistance and refactoring",
      "Advanced debugging capabilities",
      "Seamless version control integration",
      "Access to premium plugins and features"
    ],
    "useCases": [
      "Java development with IntelliJ IDEA",
      "Python programming with PyCharm",
      "Web development with WebStorm",
      "C/C++ development with CLion",
      "PHP development with PhpStorm",
      "Multi-language project development"
    ],
    "troubleshooting": [
      {
        "issue": "License activation failed",
        "solution": "Ensure you're logged into your JetBrains account with the same email used for student verification. Clear cache and try again."
      },
      {
        "issue": "Student status not recognized",
        "solution": "Upload a clear, recent student ID or enrollment certificate. Ensure the document clearly shows your name and institution."
      },
      {
        "issue": "License expired before renewal",
        "solution": "Renew your license before expiration. You can renew up to 30 days before your current license expires."
      }
    ],
    "faqs": [
      {
        "question": "Which IDEs are included in the student license?",
        "answer": "The student license includes all JetBrains IDEs: IntelliJ IDEA, PyCharm, WebStorm, CLion, PhpStorm, RubyMine, DataGrip, and more."
      },
      {
        "question": "How long is the license valid?",
        "answer": "The license is valid for one year and can be renewed annually as long as you remain a student."
      },
      {
        "question": "Can I use JetBrains IDEs for commercial projects as a student?",
        "answer": "The student license is for educational and personal use. For commercial projects, you'll need a commercial license."
      }
    ],
    "relatedResources": [
      {
        "name": "JetBrains Learning Resources",
        "url": "https://www.jetbrains.com/help/"
      },
      {
        "name": "JetBrains Academy",
        "url": "https://www.jetbrains.com/academy/"
      }
    ],
    "content": "JetBrains Student License is an exceptional opportunity for students to access professional-grade Integrated Development Environments (IDEs) completely free of charge. This program provides full access to all JetBrains IDEs, including IntelliJ IDEA, PyCharm, WebStorm, CLion, PhpStorm, RubyMine, and many more. For students pursuing careers in software development, this license eliminates financial barriers to accessing industry-standard development tools that professionals use daily.\n\nWhat makes JetBrains IDEs stand out is their intelligent code assistance, powerful refactoring capabilities, and deep integration with various frameworks and technologies. These tools significantly enhance productivity by providing features like intelligent code completion, on-the-fly error detection, advanced debugging tools, and seamless version control integration. When you're learning to code, having access to these professional tools not only makes development faster but also helps you learn industry best practices and modern development workflows.\n\nThe application process for JetBrains Student License is straightforward and typically takes about a week for approval. Students need to verify their educational status through a school email address or by uploading documentation like a student ID card or enrollment certificate. Once approved, the license is valid for one year and can be renewed as long as you remain a student. The renewal process is simple and ensures continuous access throughout your educational journey.\n\nOne of the most significant advantages of using JetBrains IDEs as a student is the exposure to professional development environments early in your career. Many software companies use JetBrains products, so familiarity with these tools gives you a competitive edge in job interviews and makes your transition into professional development smoother. Employers appreciate candidates who are already comfortable with industry-standard tools, as it reduces onboarding time and demonstrates practical experience.\n\nBeyond the practical benefits, JetBrains IDEs offer extensive learning resources and plugins that can accelerate your development skills. The IDEs include built-in tutorials, code inspections that teach best practices, and integrations with learning platforms. Many students find that using professional tools from the beginning helps them write better code and understand software architecture more deeply.\n\nThe student license includes access to all JetBrains IDEs, allowing you to experiment with different languages and technologies without restrictions. Whether you're learning Java, Python, JavaScript, Kotlin, or any other language, you'll have access to the best IDE for that technology. This flexibility is invaluable for computer science students who need to work with multiple languages and frameworks across different courses and projects.\n\nJetBrains also provides excellent documentation, video tutorials, and community support to help you get started with their IDEs. The company maintains active forums where students can ask questions and share knowledge. Additionally, JetBrains regularly hosts webinars and educational events specifically designed for students and educators, providing opportunities to learn advanced features and development techniques.\n\nFor students working on team projects or capstone assignments, JetBrains IDEs offer robust collaboration features including code sharing, project templates, and seamless Git integration. These tools facilitate better team communication and make it easier to manage complex software projects. Many computer science programs recommend or require the use of professional IDEs, and JetBrains Student License ensures all students can access these tools regardless of their financial situation.\n\nThe license is available to students worldwide, making professional development tools accessible to learners in all countries. This global accessibility helps level the playing field for students from diverse economic backgrounds, ensuring that everyone has access to the same high-quality development environment. JetBrains' commitment to education extends beyond just providing free licenses - they actively engage with educational institutions to improve computer science curricula and support innovative teaching methods."
  }