{
    "id": "notion-student-plan",
    "name": "Notion Student Plan Complete Guide",
    "description": "Get free access to Notion Plus with the Notion Student Plan - organize your notes, manage projects, and boost productivity with premium features.",
    "image": "https://images.unsplash.com/photo-1559027615-cd4628902d4a?ixlib=rb-4.0.3&ixid=M3wxMjA3fDB8MHxwaG90by1wYWdlfHx8fGVufDB8fHx8fA%3D%3D&auto=format&fit=crop&w=1000&q=80",
    "requirements": [
      "Valid student email address",
      "Student ID or enrollment verification",
      "Notion account",
      "Age 13+ years"
    ],
    "youtubeTutorialLink": "",
    "steps": [
      "Create a Notion account if you don't have one",
      "Visit Notion Student Plan page",
      "Click 'Get Student Plan' button",
      "Verify your student email address",
      "Upload student verification document if required",
      "Wait for approval (usually instant or within 24 hours)",
      "Access your free Notion Plus features"
    ],
    "links": [
      {
        "name": "Notion Student Plan",
        "url": "https://www.notion.so/product/notion-for-students"
      },
      {
        "name": "Notion Pricing",
        "url": "https://www.notion.so/pricing"
      },
      {
        "name": "Notion Templates",
        "url": "https://www.notion.so/templates"
      }
    ],
    "category": "Productivity Tools",
    "tags": ["notion", "productivity", "student", "free", "notes", "organization", "project-management"],
    "featured": false,
    "difficulty": "Beginner",
    "estimatedTime": "5-10 minutes",
    "readingTime": "8 min read",
    "lastUpdated": "2024-01-15",
    "author": "Unlocked Coding Team",
    "benefits": [
      "Free access to Notion Plus (worth $8/month)",
      "Unlimited blocks and file uploads",
      "Advanced collaboration features",
      "Version history for all pages",
      "Access to premium templates",
      "Priority support from Notion team"
    ],
    "useCases": [
      "Organize class notes and coursework",
      "Track assignments and deadlines",
      "Manage group projects",
      "Build personal knowledge base",
      "Create study schedules",
      "Collaborate with study groups"
    ],
    "troubleshooting": [
      {
        "issue": "Student email not recognized",
        "solution": "Upload a clear photo of your student ID card or enrollment certificate. Notion typically responds within 24 hours."
      },
      {
        "issue": "Can't access Plus features after approval",
        "solution": "Log out and log back into your Notion account. If issues persist, contact Notion support with your student email."
      },
      {
        "issue": "License expired before graduation",
        "solution": "You can renew your student license as long as you're still enrolled. Simply re-verify your student status."
      }
    ],
    "faqs": [
      {
        "question": "How long does the student plan last?",
        "answer": "The Notion Student Plan lasts as long as you're a student. You'll need to renew it annually by re-verifying your student status."
      },
      {
        "question": "What happens after I graduate?",
        "answer": "After graduation, you can continue using Notion with a free personal plan, or upgrade to a paid plan if you need team features."
      },
      {
        "question": "Can I use Notion Student Plan for commercial projects?",
        "answer": "The student plan is for personal and educational use. For commercial projects, you'll need to upgrade to a paid plan."
      }
    ],
    "relatedResources": [
      {
        "name": "Notion Templates for Students",
        "url": "https://www.notion.so/templates/student"
      },
      {
        "name": "Notion Learning Resources",
        "url": "https://www.notion.so/help"
      }
    ],
    "content": "The Notion Student Plan is an excellent opportunity for students to access Notion Plus, a premium productivity and note-taking tool, completely free of charge. Notion has revolutionized how people organize information, manage projects, and structure their thoughts through its all-in-one workspace platform. For students managing coursework, research projects, personal notes, and collaborative assignments, Notion provides a powerful yet intuitive solution that can transform how you approach organization and productivity.\n\nWhat makes Notion particularly valuable for students is its versatility. Unlike traditional note-taking apps that focus on a single use case, Notion serves as a comprehensive workspace where you can create databases, manage tasks, write notes, build wikis, track projects, and collaborate with teammates—all in one application. This unified approach eliminates the need for multiple tools and helps students maintain a centralized system for all their academic and personal information.\n\nThe student plan provides free access to Notion Plus, which typically costs $8 per month for individuals. This premium tier includes unlimited blocks, unlimited file uploads, version history, priority support, and advanced collaboration features. For students juggling multiple classes, group projects, and personal commitments, these features are invaluable. Unlimited blocks mean you can create as many pages, databases, and notes as needed without worrying about hitting limits. Unlimited file uploads allow you to attach syllabi, PDFs, images, and other resources directly to your workspace.\n\nThe application process for Notion Student Plan is remarkably straightforward and often instant. Students simply need to verify their student status using a school email address. Notion typically approves student email domains automatically, which means many students receive immediate access to the Plus plan. For students whose institutions aren't automatically recognized, a quick verification process with a student ID or enrollment certificate usually resolves the matter within 24 hours.\n\nOne of Notion's most powerful features for students is its database functionality. You can create databases to track assignments, manage course schedules, organize research notes, build reading lists, and monitor progress across multiple projects. These databases are highly customizable with properties like dates, tags, formulas, and relations, allowing students to create systems that perfectly match their workflow. The ability to link databases together creates a powerful knowledge management system where course content, assignments, notes, and resources interconnect seamlessly.\n\nNotion's templates ecosystem is another major advantage for students. The platform offers thousands of free templates designed specifically for academic use, including class notes templates, assignment trackers, research databases, habit trackers, and project management boards. These templates provide excellent starting points and can be customized to fit individual needs. Many students find that using well-designed templates helps them establish productive habits and maintain consistency in their note-taking and organization methods.\n\nCollaboration features in Notion Plus make it an ideal tool for group projects and study groups. Students can share workspaces with classmates, assign tasks, leave comments, and track changes in real-time. The platform's permission system allows for granular control over who can view, edit, or comment on different sections of your workspace. This makes it easy to collaborate on group assignments while maintaining personal notes and information in separate, private areas.\n\nFor students preparing for exams or working on long-term research projects, Notion's version history feature is particularly valuable. You can view and restore previous versions of any page, making it safe to experiment with different organization structures without fear of losing important information. This feature also helps track the evolution of ideas and allows students to see how their understanding of a topic develops over time.\n\nThe student plan is available to students worldwide, making professional-grade productivity tools accessible regardless of financial situation. Notion's commitment to education extends beyond just providing free access—the platform includes extensive documentation, video tutorials, and community resources that help students maximize their productivity. Many universities and educational institutions have adopted Notion as their official collaboration platform, demonstrating its value in academic settings.\n\nStudents who learn Notion early in their academic careers often find that it becomes an essential tool throughout their education and into their professional lives. The organizational systems and workflows developed in Notion are transferable to any field or career, making this more than just an academic tool—it's a skill that will serve students long after graduation."
  }

